"","time","amo","amoNorm","amoInt","amoDInt"
"1",1973-01-15,-0.28,-1.46048858098204,NA,NA
"2",1973-02-15,-0.21,-1.26237916706186,-1.36143387402195,-1.36143387402195
"3",1973-03-15,-0.16,-1.12087244283316,-1.28124673029236,-1.32134030215716
"4",1973-04-15,-0.14,-1.06426975314168,-1.22700248600469,-1.28989436343967
"5",1973-05-15,-0.13,-1.03596840829594,-1.18879567046294,-1.26461969019548
"6",1973-06-15,-0.07,-0.866160339221505,-1.13502311525603,-1.23870037520759
"7",1973-07-15,-0.04,-0.781256304684286,-1.08448499946007,-1.21299781258301
"8",1973-08-15,-0.14,-1.06426975314168,-1.08195809367027,-1.19427785273833
"9",1973-09-15,-0.09,-0.922763028912985,-1.06426975314168,-1.17802684028875
"10",1973-10-15,-0.13,-1.03596840829594,-1.06143961865711,-1.1650727045519
"11",1973-11-15,-0.15,-1.09257109798742,-1.06426975314168,-1.15499240941088
"12",1973-12-15,-0.16,-1.12087244283316,-1.06898664394931,-1.14717370345983
"13",1974-01-15,-0.14,-1.06426975314168,-1.06862380619488,-1.14062787868775
"14",1974-02-15,-0.2,-1.23407782221612,-1.05120759398211,-1.13374939524885
"15",1974-03-15,-0.36,-1.68689933974796,-1.08386299188104,-1.11239778893032
"16",1974-04-15,-0.55,-2.22462489181702,-1.16876702641826,-1.10374550401693
"17",1974-05-15,-0.59,-2.33783027119998,-1.28596362109998,-1.10157141807104
"18",1974-06-15,-0.56,-2.25292623666276,-1.40152744588675,-1.12378011229026
"19",1974-07-15,-0.59,-2.33783027119998,-1.53124194309639,-1.16100985759329
"20",1974-08-15,-0.56,-2.25292623666276,-1.63029665005648,-1.20670473729214
"21",1974-09-15,-0.57,-2.2812275815085,-1.74350202943944,-1.26330742698362
"22",1974-10-15,-0.51,-2.11141951243406,-1.83312295478429,-1.32761437166089
"23",1974-11-15,-0.37,-1.7152006845937,-1.88500875366814,-1.39600928837142
"24",1974-12-15,-0.28,-1.46048858098204,-1.91331009851388,-1.4663695762518
"25",1975-01-15,-0.1,-0.951064373758725,-1.90387631689864,-1.53597395214378
"26",1975-02-15,-0.13,-1.03596840829594,-1.88736719907195,-1.6056539192346
"27",1975-03-15,-0.18,-1.17747513252464,-1.84491518180334,-1.66907493506146
"28",1975-04-15,-0.27,-1.4321872361363,-1.77887871049662,-1.71991757540133
"29",1975-05-15,-0.34,-1.63029665005648,-1.71991757540133,-1.75608040492644
"30",1975-06-15,-0.26,-1.40388589129056,-1.64916421328698,-1.77671680220979
"31",1975-07-15,-0.14,-1.06426975314168,-1.54303417011545,-1.77769948779471
"32",1975-08-15,-0.08,-0.894461684067245,-1.42982879073249,-1.76099383285105
"33",1975-09-15,-0.25,-1.37558454644482,-1.35435853781052,-1.72856520854863
"34",1975-10-15,-0.28,-1.46048858098204,-1.30011429352285,-1.68414782011018
"35",1975-11-15,-0.19,-1.20577647737038,-1.25766227625424,-1.63186894699236
"36",1975-12-15,-0.22,-1.2906805119076,-1.24351160383137,-1.57605240576881
"37",1976-01-15,-0.24,-1.34728320159908,-1.27652983948473,-1.52377353265099
"38",1976-02-15,-0.37,-1.7152006845937,-1.33313252917621,-1.47758731015968
"39",1976-03-15,-0.38,-1.74350202943944,-1.38030143725245,-1.43886949811377
"40",1976-04-15,-0.3,-1.51709127067352,-1.38737677346388,-1.40624433669437
"41",1976-05-15,-0.43,-1.88500875366814,-1.40860278209819,-1.38030143725245
"42",1976-06-15,-0.42,-1.8567074088224,-1.44633790855917,-1.3633992451918
"43",1976-07-15,-0.24,-1.34728320159908,-1.46992236259729,-1.35730659456528
"44",1976-08-15,-0.06,-0.837858994375765,-1.46520547178967,-1.36025465132005
"45",1976-09-15,-0.18,-1.17747513252464,-1.44869635396298,-1.36811613599942
"46",1976-10-15,-0.17,-1.1491737876789,-1.42275345452106,-1.3783360660826
"47",1976-11-15,-0.34,-1.63029665005648,-1.45813013557823,-1.39504172102627
"48",1976-12-15,-0.36,-1.68689933974796,-1.49114837123159,-1.41567811830962
"49",1977-01-15,-0.29,-1.48878992582778,-1.50294059825065,-1.43454568154011
"50",1977-02-15,-0.23,-1.31898185675334,-1.46992236259729,-1.4459448343252
"51",1977-03-15,-0.06,-0.837858994375765,-1.39445210967532,-1.44712405702711
"52",1977-04-15,-0.08,-0.894461684067245,-1.34256631079146,-1.44338985180441
"53",1977-05-15,-0.13,-1.03596840829594,-1.27181294867711,-1.43199069901932
"54",1977-06-15,-0.05,-0.809557649530026,-1.18455046873608,-1.41017507903406
"55",1977-07-15,-0.04,-0.781256304684286,-1.13738156065985,-1.38246334553927
"56",1977-08-15,-0.16,-1.12087244283316,-1.16096601469796,-1.3571100574483
"57",1977-09-15,-0.17,-1.1491737876789,-1.15860756929415,-1.33293599205923
"58",1977-10-15,-0.12,-1.0076670634502,-1.14681534227509,-1.30994114937207
"59",1977-11-15,-0.04,-0.781256304684286,-1.07606198016074,-1.27810213642061
"60",1977-12-15,-0.1,-0.951064373758725,-1.01474239966164,-1.23840163878978
"61",1978-01-15,-0.01,-0.696352270147066,-0.948705928354913,-1.19221541629847
"62",1978-02-15,-0.01,-0.696352270147066,-0.896820129471057,-1.14445689687128
"63",1978-03-15,-0.04,-0.781256304684286,-0.892103238663434,-1.10259449095362
"64",1978-04-15,-0.05,-0.809557649530026,-0.885027902451999,-1.06446629025867
"65",1978-05-15,-0.15,-1.09257109798742,-0.889744793259622,-1.03262727730721
"66",1978-06-15,-0.19,-1.20577647737038,-0.922763028912985,-1.01081165732195
"67",1978-07-15,-0.27,-1.4321872361363,-0.977007273200653,-0.997447133367021
"68",1978-08-15,-0.2,-1.23407782221612,-0.9864410548159,-0.982903386710182
"69",1978-09-15,-0.12,-1.0076670634502,-0.974648827796842,-0.967573491585407
"70",1978-10-15,-0.07,-0.866160339221505,-0.962856600777783,-0.952243596460631
"71",1978-11-15,0.11,-0.356736131998187,-0.927479919720608,-0.93986175809062
"72",1978-12-15,0.01,-0.639749580455586,-0.90153702027868,-0.930427976475373
"73",1979-01-15,-0.03,-0.752954959838546,-0.906253911086303,-0.926890308369655
"74",1979-02-15,-0.05,-0.809557649530026,-0.91568769270155,-0.92846260530553
"75",1979-03-15,-0.15,-1.09257109798742,-0.941630592143478,-0.9325898847622
"76",1979-04-15,-0.07,-0.866160339221505,-0.946347482951102,-0.937699849803792
"77",1979-05-15,0.02,-0.611448235609846,-0.906253911086303,-0.939075609622682
"78",1979-06-15,0.09,-0.413338821689667,-0.840217439779577,-0.932196810528232
"79",1979-07-15,-0.02,-0.724653614992806,-0.781256304684286,-0.915884229818534
"80",1979-08-15,-0.11,-0.979365718604465,-0.760030296049981,-0.897016666588041
"81",1979-09-15,-0.03,-0.752954959838546,-0.738804287415676,-0.877362954889611
"82",1979-10-15,0.07,-0.469941511381147,-0.705786051762312,-0.855940409138321
"83",1979-11-15,0.1,-0.385037476843927,-0.708144497166124,-0.837662457258781
"84",1979-12-15,0.14,-0.271832097460967,-0.677484706916573,-0.818991431145272
"85",1980-01-15,0.17,-0.186928062923748,-0.630315798840339,-0.795996588458108
"86",1980-02-15,0.12,-0.328434787152447,-0.590222226975541,-0.768874466314274
"87",1980-03-15,0,-0.668050925301326,-0.554845545918366,-0.736642379128848
"88",1980-04-15,0.2,-0.102024028386528,-0.491167520015452,-0.698710715550877
"89",1980-05-15,0.32,0.237592109762351,-0.420414157901102,-0.658224069452111
"90",1980-06-15,0.16,-0.215229407769488,-0.40390504007442,-0.621864702810014
"91",1980-07-15,0.06,-0.498242856226887,-0.385037476843927,-0.588846467156651
"92",1980-08-15,0.01,-0.639749580455586,-0.356736131998187,-0.555238620152335
"93",1980-09-15,0.03,-0.583146890764106,-0.342585459575317,-0.522220384498972
"94",1980-10-15,0.06,-0.498242856226887,-0.344943904979129,-0.492150205600373
"95",1980-11-15,-0.08,-0.894461684067245,-0.387395922247739,-0.465421157690508
"96",1980-12-15,-0.1,-0.951064373758725,-0.443998611939218,-0.445963983109061
"97",1981-01-15,0.02,-0.611448235609846,-0.479375292996393,-0.433385607622066
"98",1981-02-15,0,-0.668050925301326,-0.507676637842133,-0.426506808527615
"99",1981-03-15,0.18,-0.158626718078008,-0.465224620573523,-0.419038398082212
"100",1981-04-15,0.08,-0.441640166535407,-0.493525965419263,-0.419234935199196
"101",1981-05-15,0.11,-0.356736131998187,-0.543053318899308,-0.42945486528238
"102",1981-06-15,0.11,-0.356736131998187,-0.554845545918366,-0.442033240769375
"103",1981-07-15,0.02,-0.611448235609846,-0.564279327533613,-0.456970061660183
"104",1981-08-15,-0.04,-0.781256304684286,-0.576071554552671,-0.475248013539723
"105",1981-09-15,0.05,-0.526544201072626,-0.571354663745048,-0.4943121138872
"106",1981-10-15,-0.09,-0.922763028912985,-0.606731344802223,-0.516127733872458
"107",1981-11-15,0.09,-0.413338821689667,-0.566637772937425,-0.531064554763265
"108",1981-12-15,0.24,0.0111813509964317,-0.486450629207828,-0.534602222868983
"109",1982-01-15,0.06,-0.498242856226887,-0.477016847592582,-0.534405685751999
"110",1982-02-15,0,-0.668050925301326,-0.477016847592582,-0.531850703231203
"111",1982-03-15,0.09,-0.413338821689667,-0.498242856226887,-0.534602222868983
"112",1982-04-15,-0.05,-0.809557649530026,-0.528902646476438,-0.537550279623747
"113",1982-05-15,-0.09,-0.922763028912985,-0.576071554552671,-0.540301799261528
"114",1982-06-15,-0.15,-1.09257109798742,-0.637391135051774,-0.547180598355978
"115",1982-07-15,-0.2,-1.23407782221612,-0.689276933935631,-0.557597065556147
"116",1982-08-15,-0.3,-1.51709127067352,-0.750596514434734,-0.572140812212985
"117",1982-09-15,-0.22,-1.2906805119076,-0.814274540337649,-0.592384135262369
"118",1982-10-15,-0.23,-1.31898185675334,-0.847292775991012,-0.612430921194768
"119",1982-11-15,-0.26,-1.40388589129056,-0.92983836512442,-0.642697637210351
"120",1982-12-15,-0.17,-1.1491737876789,-1.0265346266807,-0.687704636999756
"121",1983-01-15,-0.03,-0.752954959838546,-1.047760635315,-0.735266619309958
"122",1983-02-15,0.1,-0.385037476843927,-1.02417618127689,-0.780863230450317
"123",1983-03-15,0.24,0.0111813509964317,-0.988799500219712,-0.821742950783052
"124",1983-04-15,0.17,-0.186928062923748,-0.936913701335855,-0.855743872021337
"125",1983-05-15,0.05,-0.526544201072626,-0.903895465682492,-0.883062531282156
"126",1983-06-15,0.05,-0.526544201072626,-0.856726557606259,-0.901340483161696
"127",1983-07-15,0.08,-0.441640166535407,-0.790690086299532,-0.909791579192021
"128",1983-08-15,0.03,-0.583146890764106,-0.712861387973747,-0.906646985320272
"129",1983-09-15,-0.02,-0.724653614992806,-0.665692479897514,-0.894265146950261
"130",1983-10-15,0.03,-0.583146890764106,-0.604372899398411,-0.874021823900877
"131",1983-11-15,0.09,-0.413338821689667,-0.521827310265003,-0.840020902662593
"132",1983-12-15,0.17,-0.186928062923748,-0.441640166535407,-0.791279697650485
"133",1984-01-15,0.09,-0.413338821689667,-0.413338821689667,-0.738411213181707
"134",1984-02-15,0.07,-0.469941511381147,-0.420414157901102,-0.688097711233725
"135",1984-03-15,-0.04,-0.781256304684286,-0.486450629207828,-0.646235305316068
"136",1984-04-15,-0.04,-0.781256304684286,-0.535977982687873,-0.612823995428736
"137",1984-05-15,-0.03,-0.752954959838546,-0.554845545918366,-0.583736502115059
"138",1984-06-15,-0.32,-1.573693960365,-0.642108025859398,-0.565851624469487
"139",1984-07-15,-0.26,-1.40388589129056,-0.722295169588994,-0.560152048076943
"140",1984-08-15,-0.1,-0.951064373758725,-0.752954959838546,-0.563493179065676
"141",1984-09-15,-0.1,-0.951064373758725,-0.771822523069039,-0.572337349329969
"142",1984-10-15,-0.19,-1.20577647737038,-0.823708321952895,-0.59061530120951
"143",1984-11-15,-0.25,-1.37558454644482,-0.903895465682492,-0.622454314160967
"144",1984-12-15,-0.16,-1.12087244283316,-0.981724164008277,-0.667461313950373
"145",1985-01-15,-0.22,-1.2906805119076,-1.05483597152644,-0.720919409770104
"146",1985-02-15,-0.26,-1.40388589129056,-1.13266466985222,-0.780273619099364
"147",1985-03-15,-0.24,-1.34728320159908,-1.17983357792846,-0.83805553149275
"148",1985-04-15,-0.33,-1.60199530521074,-1.24822849463899,-0.89740974082201
"149",1985-05-15,-0.29,-1.48878992582778,-1.3095480751381,-0.960301618256987
"150",1985-06-15,-0.07,-0.866160339221505,-1.25058694004281,-1.01100819443894
"151",1985-07-15,-0.07,-0.866160339221505,-1.20577647737038,-1.05129830342072
"152",1985-08-15,-0.24,-1.34728320159908,-1.23879471302375,-1.09178494951949
"153",1985-09-15,-0.19,-1.20577647737038,-1.26002072165805,-1.13246813273524
"154",1985-10-15,-0.13,-1.03596840829594,-1.24587004923518,-1.16764827667543
"155",1985-11-15,-0.16,-1.12087244283316,-1.22464404060088,-1.19437732458529
"156",1985-12-15,-0.18,-1.17747513252464,-1.2293609314085,-1.21501372186865
"157",1986-01-15,-0.26,-1.40388589129056,-1.23879471302375,-1.23034361699342
"158",1986-02-15,-0.25,-1.37558454644482,-1.23643626761994,-1.23899125014073
"159",1986-03-15,-0.29,-1.48878992582778,-1.24822849463899,-1.24469082653328
"160",1986-04-15,-0.31,-1.54539261551926,-1.24351160383137,-1.24429775229931
"161",1986-05-15,-0.19,-1.20577647737038,-1.21992714979325,-1.2368293418539
"162",1986-06-15,-0.21,-1.26237916706186,-1.25294538544662,-1.23702587897089
"163",1986-07-15,-0.19,-1.20577647737038,-1.28124673029236,-1.24331506671439
"164",1986-08-15,-0.3,-1.51709127067352,-1.29539740271523,-1.24803195752201
"165",1986-09-15,-0.28,-1.46048858098204,-1.31662341134953,-1.25274884832963
"166",1986-10-15,-0.23,-1.31898185675334,-1.34020786538765,-1.26061033300901
"167",1986-11-15,-0.26,-1.40388589129056,-1.36379231942577,-1.27220602291108
"168",1986-12-15,-0.22,-1.2906805119076,-1.37322610104101,-1.28419478704712
"169",1987-01-15,-0.09,-0.922763028912985,-1.33313252917621,-1.29205627172649
"170",1987-02-15,-0.09,-0.922763028912985,-1.29539740271523,-1.2969696996511
"171",1987-03-15,0.05,-0.526544201072626,-1.21521025898563,-1.29421818001332
"172",1987-04-15,0.16,-0.215229407769488,-1.13828865504593,-1.28222360116968
"173",1987-05-15,0.2,-0.102024028386528,-1.01238395425783,-1.26815433465325
"174",1987-06-15,0.32,0.237592109762351,-0.88738634785581,-1.23769108152068
"175",1987-07-15,0.42,0.52060555821975,-0.743521178223299,-1.19288061884826
"176",1987-08-15,0.46,0.63381093760271,-0.564279327533613,-1.13195411258313
"177",1987-09-15,0.33,0.265893454608091,-0.420414157901102,-1.05727000812909
"178",1987-10-15,0.19,-0.130325373232268,-0.321359450941012,-0.97236597359187
"179",1987-11-15,0.13,-0.300133442306707,-0.229380080192357,-0.877831620322419
"180",1987-12-15,0.22,-0.0454213386950481,-0.125608482424644,-0.773863485437722
"181",1988-01-15,0.05,-0.526544201072626,-0.0925902467712812,-0.670484961903978
"182",1988-02-15,-0.01,-0.696352270147066,-0.073722683540788,-0.568678735306108
"183",1988-03-15,0.07,-0.469941511381147,-0.0690057927331647,-0.473161696451736
"184",1988-04-15,0.17,-0.186928062923748,-0.066647347329353,-0.383858254142021
"185",1988-05-15,0.23,-0.0171199938493082,-0.059572011117918,-0.304457258880362
"186",1988-06-15,0.29,0.152688075225131,-0.066647347329353,-0.236062342169824
"187",1988-07-15,0.26,0.0677840406879115,-0.10438247379034,-0.182800783467077
"188",1988-08-15,0.09,-0.413338821689667,-0.191644953731371,-0.151747918983557
"189",1988-09-15,-0.03,-0.752954959838546,-0.276548988268591,-0.139759154847514
"190",1988-10-15,-0.02,-0.724653614992806,-0.326076341748635,-0.140152229081483
"191",1988-11-15,0.06,-0.498242856226887,-0.342585459575317,-0.14958601069673
"192",1988-12-15,-0.01,-0.696352270147066,-0.396829703862985,-0.172187779149925
"193",1989-01-15,0.01,-0.639749580455586,-0.406263485478232,-0.198327215708837
"194",1989-02-15,0.1,-0.385037476843927,-0.380320586036304,-0.223877040916797
"195",1989-03-15,-0.07,-0.866160339221505,-0.413338821689667,-0.252571459996505
"196",1989-04-15,-0.16,-1.12087244283316,-0.491167520015452,-0.28794814105368
"197",1989-05-15,-0.01,-0.696352270147066,-0.547770209706931,-0.328631324269431
"198",1989-06-15,0.26,0.0677840406879115,-0.554845545918366,-0.369314507485183
"199",1989-07-15,0.4,0.46400286852827,-0.521827310265003,-0.404101577191404
"200",1989-08-15,0.3,0.180989420070871,-0.472299956784958,-0.427489494112537
"201",1989-09-15,0.09,-0.413338821689667,-0.443998611939218,-0.441443629418422
"202",1989-10-15,0.03,-0.583146890764106,-0.43220638492016,-0.450287799682716
"203",1989-11-15,0.04,-0.554845545918366,-0.436923275727783,-0.458149284362088
"204",1989-12-15,0,-0.668050925301326,-0.434564830323972,-0.461293878233837
"205",1990-01-15,-0.08,-0.894461684067245,-0.455790838958277,-0.465421157690508
"206",1990-02-15,0.02,-0.611448235609846,-0.47465840218877,-0.47328264236988
"207",1990-03-15,0.06,-0.498242856226887,-0.443998611939218,-0.475837624890676
"208",1990-04-15,0.1,-0.385037476843927,-0.382679031440115,-0.466796917509398
"209",1990-05-15,0.08,-0.441640166535407,-0.36145302280581,-0.451270485267638
"210",1990-06-15,0.05,-0.526544201072626,-0.410980376285855,-0.439281721131595
"211",1990-07-15,0.05,-0.526544201072626,-0.493525965419263,-0.436923275727783
"212",1990-08-15,0.18,-0.158626718078008,-0.521827310265003,-0.441050555184454
"213",1990-09-15,0.33,0.265893454608091,-0.465224620573523,-0.442819389237313
"214",1990-10-15,0.33,0.265893454608091,-0.394471258459174,-0.439674795365564
"215",1990-11-15,0.13,-0.300133442306707,-0.373245249824869,-0.434368293206987
"216",1990-12-15,0.08,-0.441640166535407,-0.354377686594375,-0.427686031229521
"217",1991-01-15,0.01,-0.639749580455586,-0.33315167796007,-0.417466101146337
"218",1991-02-15,0.04,-0.554845545918366,-0.328434787152447,-0.40528079989331
"219",1991-03-15,0.01,-0.639749580455586,-0.340227014171505,-0.396633166746001
"220",1991-04-15,-0.05,-0.809557649530026,-0.37560369522868,-0.396043555395048
"221",1991-05-15,-0.12,-1.0076670634502,-0.422772603304913,-0.40115352043664
"222",1991-06-15,-0.06,-0.837858994375765,-0.448715502746842,-0.404298114308389
"223",1991-07-15,-0.09,-0.922763028912985,-0.481733738400205,-0.403315428723467
"224",1991-08-15,-0.02,-0.724653614992806,-0.528902646476438,-0.40390504007442
"225",1991-09-15,0.06,-0.498242856226887,-0.592580672379353,-0.414518044391573
"226",1991-10-15,-0.13,-1.03596840829594,-0.701069160954689,-0.440067869599532
"227",1991-11-15,-0.14,-1.06426975314168,-0.764747186857604,-0.472693031018927
"228",1991-12-15,-0.06,-0.837858994375765,-0.797765422510967,-0.509642009011976
"229",1992-01-15,-0.01,-0.696352270147066,-0.80248231331859,-0.548752895291853
"230",1992-02-15,0.04,-0.554845545918366,-0.80248231331859,-0.588256855805698
"231",1992-03-15,0,-0.668050925301326,-0.804840758722402,-0.626974667851606
"232",1992-04-15,-0.08,-0.894461684067245,-0.811916094933837,-0.663334034493703
"233",1992-05-15,-0.18,-1.17747513252464,-0.826066767356707,-0.696941881498019
"234",1992-06-15,-0.1,-0.951064373758725,-0.835500548971954,-0.729173968683445
"235",1992-07-15,-0.24,-1.34728320159908,-0.870877230029129,-0.761602592985855
"236",1992-08-15,-0.38,-1.74350202943944,-0.955781264566348,-0.797175811160014
"237",1992-09-15,-0.33,-1.60199530521074,-1.047760635315,-0.835107474737985
"238",1992-10-15,-0.26,-1.40388589129056,-1.07842042556455,-0.866553413455474
"239",1992-11-15,-0.28,-1.46048858098204,-1.11143866121792,-0.895444369652167
"240",1992-12-15,-0.1,-0.951064373758725,-1.12087244283316,-0.922369954679016
"241",1993-01-15,0,-0.668050925301326,-1.11851399742935,-0.948705928354913
"242",1993-02-15,-0.04,-0.781256304684286,-1.13738156065985,-0.976614198966685
"243",1993-03-15,-0.16,-1.12087244283316,-1.17511668712083,-1.00747052633322
"244",1993-04-15,-0.04,-0.781256304684286,-1.16568290550559,-1.03695109388087
"245",1993-05-15,-0.08,-0.894461684067245,-1.14209845146747,-1.06328706755676
"246",1993-06-15,-0.19,-1.20577647737038,-1.16332446010177,-1.09060572681758
"247",1993-07-15,-0.32,-1.573693960365,-1.18219202333227,-1.11654862625951
"248",1993-08-15,-0.14,-1.06426975314168,-1.12558933364079,-1.13069929868238
"249",1993-09-15,-0.09,-0.922763028912985,-1.06898664394931,-1.13246813273524
"250",1993-10-15,-0.16,-1.12087244283316,-1.04540218991119,-1.12971661309746
"251",1993-11-15,-0.17,-1.1491737876789,-1.01945929046926,-1.12205166553507
"252",1993-12-15,-0.15,-1.09257109798742,-1.03125151748832,-1.11458325508967
"253",1994-01-15,-0.2,-1.23407782221612,-1.07842042556455,-1.11124212410093
"254",1994-02-15,-0.22,-1.2906805119076,-1.12087244283316,-1.10986636428204
"255",1994-03-15,-0.17,-1.1491737876789,-1.12323088823698,-1.10554254770839
"256",1994-04-15,-0.03,-0.752954959838546,-1.12087244283316,-1.10180834248569
"257",1994-05-15,-0.12,-1.0076670634502,-1.13030622444841,-1.10082565690077
"258",1994-06-15,-0.13,-1.03596840829594,-1.11615555202554,-1.09689491456108
"259",1994-07-15,-0.17,-1.1491737876789,-1.08077887096837,-1.08844381853075
"260",1994-08-15,-0.22,-1.2906805119076,-1.09964643419886,-1.08628191024393
"261",1994-09-15,-0.18,-1.17747513252464,-1.12087244283316,-1.09060572681758
"262",1994-10-15,0.04,-0.554845545918366,-1.07370353475693,-1.09296417222139
"263",1994-11-15,0.18,-0.158626718078008,-0.991157945623523,-1.09060572681758
"264",1994-12-15,0.13,-0.300133442306707,-0.925121474316797,-1.08176155655329
"265",1995-01-15,0.19,-0.130325373232268,-0.833142103568142,-1.06132169638692
"266",1995-02-15,0.17,-0.186928062923748,-0.741162732819487,-1.02967922055245
"267",1995-03-15,0.2,-0.102024028386528,-0.653900252878456,-0.99056833427257
"268",1995-04-15,0.27,0.0960853855336515,-0.583146890764106,-0.945757871600149
"269",1995-05-15,0.4,0.46400286852827,-0.4605077297659,-0.889941330376606
"270",1995-06-15,0.45,0.60550959275697,-0.323717896344824,-0.82390485906988
"271",1995-07-15,0.45,0.60550959275697,-0.177494281308501,-0.748631143264891
"272",1995-08-15,0.39,0.43570152368253,-0.0336291116759898,-0.659796366387985
"273",1995-09-15,0.19,-0.130325373232268,0.0536333682650416,-0.561920882129801
"274",1995-10-15,0.28,0.124386730379391,0.110236057956521,-0.46325924940368
"275",1995-11-15,0.27,0.0960853855336515,0.131462066590826,-0.369707581719151
"276",1995-12-15,0.19,-0.130325373232268,0.145612739013696,-0.280479730608277
"277",1996-01-15,0.13,-0.300133442306707,0.131462066590826,-0.200096049761696
"278",1996-02-15,0.06,-0.498242856226887,0.105519167148898,-0.129539224764331
"279",1996-03-15,-0.04,-0.781256304684286,0.0489164774574183,-0.0709711639030077
"280",1996-04-15,0.11,-0.356736131998187,0.0111813509964317,-0.0214438104229629
"281",1996-05-15,0,-0.668050925301326,-0.0831564651560346,0.0100021282945259
"282",1996-06-15,-0.03,-0.752954959838546,-0.196361844538994,0.0206151326116784
"283",1996-07-15,-0.08,-0.894461684067245,-0.321359450941012,0.00862636847563576
"284",1996-08-15,0.09,-0.413338821689667,-0.392112813055362,-0.0212472733059786
"285",1996-09-15,0.1,-0.385037476843927,-0.413338821689667,-0.0601616224688709
"286",1996-10-15,-0.03,-0.752954959838546,-0.486450629207828,-0.1098855130659
"287",1996-11-15,-0.04,-0.781256304684286,-0.55956243672599,-0.167470888342301
"288",1996-12-15,-0.03,-0.752954959838546,-0.611448235609846,-0.230559302894263
"289",1997-01-15,0.13,-0.300133442306707,-0.611448235609846,-0.292468494744319
"290",1997-02-15,0.2,-0.102024028386528,-0.578429999956483,-0.349464258669768
"291",1997-03-15,0.18,-0.158626718078008,-0.526544201072626,-0.397419315213938
"292",1997-04-15,0.12,-0.328434787152447,-0.524185755668815,-0.442033240769375
"293",1997-05-15,0.13,-0.300133442306707,-0.493525965419263,-0.476230699124644
"294",1997-06-15,0.05,-0.526544201072626,-0.47465840218877,-0.499422078928792
"295",1997-07-15,0.18,-0.158626718078008,-0.413338821689667,-0.50708702649118
"296",1997-08-15,0.13,-0.300133442306707,-0.40390504007442,-0.508069712076102
"297",1997-09-15,0.23,-0.0171199938493082,-0.373245249824869,-0.504728581087369
"298",1997-10-15,0.36,0.350797489145311,-0.281265879076214,-0.487629851909734
"299",1997-11-15,0.23,-0.0171199938493082,-0.217587853173299,-0.45913196994701
"300",1997-12-15,0.24,0.0111813509964317,-0.153909827270384,-0.421003769252055
"301",1998-01-15,0.3,0.180989420070871,-0.113816255405586,-0.379534437568366
"302",1998-02-15,0.38,0.40740017883679,-0.0713642381369763,-0.337278957416741
"303",1998-03-15,0.37,0.37909883399105,-0.0265537754645548,-0.295613088616068
"304",1998-04-15,0.36,0.350797489145311,0.030048914226925,-0.249426866124757
"305",1998-05-15,0.43,0.54890690306549,0.100802276341275,-0.199899512644712
"306",1998-06-15,0.65,1.17153648967177,0.242309000569974,-0.140152229081483
"307",1998-07-15,0.57,0.945125730905848,0.334288371318629,-0.0778499629974584
"308",1998-08-15,0.7,1.31304321390047,0.468719759335893,-0.0051312297132656
"309",1998-09-15,0.45,0.60550959275697,0.52060555821975,0.069356337623786
"310",1998-10-15,0.48,0.690413627294189,0.54890690306549,0.138537402802261
"311",1998-11-15,0.49,0.718714972139929,0.610226483564593,0.207521930863752
"312",1998-12-15,0.47,0.662112282448449,0.664470727852261,0.275720310457306
"313",1999-01-15,0.23,-0.0171199938493082,0.64796161002558,0.339201799243237
"314",1999-02-15,0.18,-0.158626718078008,0.600792701949346,0.395214877583763
"315",1999-03-15,0.18,-0.158626718078008,0.555982239276925,0.443759545478887
"316",1999-04-15,0.29,0.152688075225131,0.539473121450243,0.486211562747497
"317",1999-05-15,0.45,0.60550959275697,0.544190012257866,0.523160540740546
"318",1999-06-15,0.41,0.49230421337401,0.487587322566387,0.543600400906914
"319",1999-07-15,0.37,0.37909883399105,0.440418414490154,0.552444571171207
"320",1999-08-15,0.52,0.803619006677149,0.397966397221544,0.546548457661678
"321",1999-09-15,0.45,0.60550959275697,0.397966397221544,0.536328527578494
"322",1999-10-15,0.25,0.0394826958421716,0.343722152933876,0.51922979840086
"323",1999-11-15,0.12,-0.328434787152447,0.256459672992844,0.489749230853214
"324",1999-12-15,0.25,0.0394826958421716,0.204573874108988,0.451424493041275
"325",2000-01-15,0.11,-0.356736131998187,0.176272529263248,0.412117069644414
"326",2000-02-15,0.17,-0.186928062923748,0.173914083859436,0.376543851470254
"327",2000-03-15,0.36,0.350797489145311,0.216366101128046,0.348242506624515
"328",2000-04-15,0.25,0.0394826958421716,0.206932319512799,0.320530773129728
"329",2000-05-15,0.32,0.237592109762351,0.176272529263248,0.289870982880176
"330",2000-06-15,0.14,-0.271832097460967,0.112594503360333,0.258621581279672
"331",2000-07-15,0.2,-0.102024028386528,0.0725009314955348,0.22796179103012
"332",2000-08-15,0.22,-0.0454213386950481,0.00174756938118508,0.194943555376757
"333",2000-09-15,0.25,0.0394826958421716,-0.0454213386950481,0.157994577383707
"334",2000-10-15,0.2,-0.102024028386528,-0.0572135657141064,0.124583267496376
"335",2000-11-15,0.23,-0.0171199938493082,-0.0312706662721781,0.10060573922429
"336",2000-12-15,0.07,-0.469941511381147,-0.073722683540788,0.0774143594201425
"337",2001-01-15,0.08,-0.441640166535407,-0.080798019752223,0.0559918136688532
"338",2001-02-15,0.23,-0.0171199938493082,-0.066647347329353,0.0359450277364541
"339",2001-03-15,0.25,0.0394826958421716,-0.0925902467712813,0.0101986654115102
"340",2001-04-15,0.15,-0.243530752615227,-0.116174700809398,-0.0167269196153396
"341",2001-05-15,0.16,-0.215229407769488,-0.153909827270384,-0.0442421159931423
"342",2001-06-15,0.32,0.237592109762351,-0.111457810001775,-0.0629131421066512
"343",2001-07-15,0.3,0.180989420070871,-0.0878733559636579,-0.076277666061584
"344",2001-08-15,0.45,0.60550959275697,-0.0336291116759898,-0.0792257228163485
"345",2001-09-15,0.52,0.803619006677149,0.030048914226925,-0.0729365350728508
"346",2001-10-15,0.47,0.662112282448449,0.0937269401298397,-0.0603581595858553
"347",2001-11-15,0.4,0.46400286852827,0.133820511994638,-0.0466005613969539
"348",2001-12-15,0.51,0.775317661831409,0.237592109762351,-0.0206576619550257
"349",2002-01-15,0.58,0.973427075751588,0.355514379952934,0.0157017046870707
"350",2002-02-15,0.44,0.57720824791123,0.405041733432979,0.0550091280839317
"351",2002-03-15,0.43,0.54890690306549,0.447493750701589,0.100016127873338
"352",2002-04-15,0.3,0.180989420070871,0.482870431758763,0.149936555587351
"353",2002-05-15,0.09,-0.413338821689667,0.466361313932082,0.201625817354223
"354",2002-06-15,0.01,-0.639749580455586,0.39324950641392,0.243684760388864
"355",2002-07-15,-0.02,-0.724653614992806,0.317779253491947,0.277489144510165
"356",2002-08-15,0.22,-0.0454213386950481,0.263535009204279,0.302252821250187
"357",2002-09-15,0.26,0.0677840406879115,0.202215428705176,0.316600030790041
"358",2002-10-15,0.35,0.322496144299571,0.173914083859436,0.323282292767508
"359",2002-11-15,0.31,0.209290764916611,0.152688075225131,0.324854589703382
"360",2002-12-15,0.21,-0.073722683540788,0.0819347131107814,0.311883139982418
"361",2003-01-15,0.25,0.0394826958421716,0.00410601478499672,0.282599109551757
"362",2003-02-15,0.19,-0.130325373232268,-0.0548551203102947,0.244274371739817
"363",2003-03-15,0.31,0.209290764916611,-0.0831564651560346,0.200053520418349
"364",2003-04-15,0.22,-0.0454213386950481,-0.102024028386528,0.151312315406241
"365",2003-05-15,0.27,0.0960853855336515,-0.0595720111179181,0.107484538318741
"366",2003-06-15,0.26,0.0677840406879115,-0.000610876022626586,0.0746628397823622
"367",2003-07-15,0.42,0.52060555821975,0.103160721745086,0.0567779621367904
"368",2003-08-15,0.62,1.08663245513455,0.197498537897553,0.0512749228612299
"369",2003-09-15,0.66,1.19983783451751,0.291836354050019,0.0587433333066335
"370",2003-10-15,0.79,1.56775531751213,0.395607951817732,0.0772178223031581
"371",2003-11-15,0.51,0.775317661831409,0.442776859893965,0.101391887692228
"372",2003-12-15,0.53,0.831920351522889,0.518247112815938,0.137751254334324
"373",2004-01-15,0.51,0.775317661831409,0.579566693315042,0.185706310878494
"374",2004-02-15,0.46,0.63381093760271,0.643244719217956,0.243881297505849
"375",2004-03-15,0.39,0.43570152368253,0.66211228244845,0.305987026472889
"376",2004-04-15,0.36,0.350797489145311,0.695130518101813,0.372416572013584
"377",2004-05-15,0.17,-0.186928062923748,0.671546064063696,0.433343078278719
"378",2004-06-15,0.3,0.180989420070871,0.680979845678943,0.490142305087183
"379",2004-07-15,0.37,0.37909883399105,0.669187618659885,0.537311213163416
"380",2004-08-15,0.46,0.63381093760271,0.631452492198898,0.573474042688528
"381",2004-09-15,0.44,0.57720824791123,0.579566693315041,0.597451570960613
"382",2004-10-15,0.56,0.916824386060109,0.525322449027373,0.60826111239475
"383",2004-11-15,0.52,0.803619006677149,0.527680894431185,0.615336448606185
"384",2004-12-15,0.51,0.775317661831409,0.522964003623562,0.615729522840154
"385",2005-01-15,0.48,0.690413627294189,0.515888667412127,0.610423020681577
"386",2005-02-15,0.31,0.209290764916611,0.480511986354952,0.59686195960966
"387",2005-03-15,0.47,0.662112282448449,0.499379549585445,0.583300898537743
"388",2005-04-15,0.61,1.05833111028881,0.558340684680736,0.571901745752654
"389",2005-05-15,0.54,0.860221696368629,0.645603164621768,0.569739837465826
"390",2005-06-15,0.59,1.00172842059733,0.713998081332306,0.572491357103606
"391",2005-07-15,0.74,1.42624859328343,0.801260561273337,0.583497435654728
"392",2005-08-15,0.74,1.42624859328343,0.867297032580064,0.603151147353158
"393",2005-09-15,0.73,1.39794724843769,0.935691949290602,0.632828252017788
"394",2005-10-15,0.63,1.11493379998029,0.952201067117283,0.668401470191947
"395",2005-11-15,0.52,0.803619006677149,0.952201067117283,0.703778151249122
"396",2005-12-15,0.51,0.775317661831409,0.952201067117283,0.739547906540266
"397",2006-01-15,0.48,0.690413627294189,0.952201067117283,0.775907273182362
"398",2006-02-15,0.35,0.322496144299571,0.96163484873253,0.81600084504716
"399",2006-03-15,0.27,0.0960853855336515,0.914465940656297,0.850591377636398
"400",2006-04-15,0.46,0.63381093760271,0.879089259599122,0.877320425546263
"401",2006-05-15,0.52,0.803619006677149,0.874372368791499,0.896384525893741
"402",2006-06-15,0.59,1.00172842059733,0.874372368791499,0.909749049848674
"403",2006-07-15,0.63,1.11493379998029,0.848429469349571,0.91367979218836
"404",2006-08-15,0.69,1.28474186905473,0.836637242330512,0.911124809667564
"405",2006-09-15,0.63,1.11493379998029,0.813052788292396,0.90090487958438
"406",2006-10-15,0.67,1.22813917936325,0.822486569907642,0.890095338150243
"407",2006-11-15,0.66,1.19983783451751,0.855504805561005,0.882037316353887
"408",2006-12-15,0.5,0.747016316985669,0.853146360157194,0.873782757440546
"409",2007-01-15,0.6,1.03002976544307,0.881447705002934,0.867886643931017
"410",2007-02-15,0.52,0.803619006677149,0.921541276867732,0.864545512942283
"411",2007-03-15,0.42,0.52060555821975,0.890700067740964,0.866557401772951
"412",2007-04-15,0.39,0.43570152368253,0.940408840098225,0.867674988574264
"413",2007-05-15,0.35,0.322496144299571,0.900315268233427,0.869836896861092
"414",2007-06-15,0.28,0.124386730379391,0.827203460715266,0.865906154521406
"415",2007-07-15,0.26,0.0677840406879115,0.739940980774234,0.856865447140128
"416",2007-08-15,0.19,-0.130325373232268,0.622018710583651,0.838980569494556
"417",2007-09-15,0.39,0.43570152368253,0.565416020892171,0.818344172211204
"418",2007-10-15,0.56,0.916824386060109,0.539473121450243,0.794759718173087
"419",2007-11-15,0.54,0.860221696368629,0.511171776604503,0.766065299093379
"420",2007-12-15,0.45,0.60550959275697,0.499379549585445,0.736584731545733
"421",2008-01-15,0.43,0.54890690306549,0.459285977720647,0.701404587605542
"422",2008-02-15,0.52,0.803619006677149,0.459285977720647,0.662883312676619
"423",2008-03-15,0.49,0.718714972139929,0.475795095547328,0.628307898327149
"424",2008-04-15,0.3,0.180989420070871,0.454569086913024,0.587821252228382
"425",2008-05-15,0.44,0.57720824791123,0.475795095547328,0.552444571171207
"426",2008-06-15,0.59,1.00172842059733,0.54890690306549,0.529253191367059
"427",2008-07-15,0.51,0.775317661831409,0.607868038160781,0.518247112815938
"428",2008-08-15,0.49,0.718714972139929,0.678621400275131,0.522964003623562
"429",2008-09-15,0.48,0.690413627294189,0.699847408909436,0.534166619291667
"430",2008-10-15,0.5,0.747016316985669,0.685696736486566,0.546351920544694
"431",2008-11-15,0.4,0.46400286852827,0.652678500833203,0.558144147563752
"432",2008-12-15,0.33,0.265893454608091,0.624377155987463,0.56856061476392
"433",2009-01-15,0.24,0.0111813509964317,0.579566693315041,0.57858400773012
"434",2009-02-15,0,-0.668050925301326,0.456927532316835,0.578387470613136
"435",2009-03-15,0.03,-0.583146890764106,0.348439043741499,0.567774466295983
"436",2009-04-15,0.09,-0.413338821689667,0.298911690261454,0.554803016575019
"437",2009-05-15,0.11,-0.356736131998187,0.221082991935669,0.533577007940714
"438",2009-06-15,0.36,0.350797489145311,0.166838747648001,0.501737994989257
"439",2009-07-15,0.46,0.63381093760271,0.155046520628943,0.46400286852827
"440",2009-08-15,0.4,0.46400286852827,0.133820511994638,0.418602794504896
"441",2009-09-15,0.36,0.350797489145311,0.105519167148898,0.369075441024851
"442",2009-10-15,0.56,0.916824386060109,0.119669839571768,0.321906532948618
"443",2009-11-15,0.46,0.63381093760271,0.133820511994638,0.278668367212071
"444",2009-12-15,0.49,0.718714972139929,0.171555638455624,0.240933240751084
"445",2010-01-15,0.39,0.43570152368253,0.206932319512799,0.209880376267564
"446",2010-02-15,0.43,0.54890690306549,0.308345471876701,0.197498537897553
"447",2010-03-15,0.52,0.803619006677149,0.423909296663472,0.20378772564105
"448",2010-04-15,0.7,1.31304321390047,0.567774466295983,0.226192956977261
"449",2010-05-15,0.75,1.45454993812917,0.718714972139929,0.26766228866095
"450",2010-06-15,0.88,1.82246742112379,0.841354133138136,0.323871904118461
"451",2010-07-15,0.83,1.68096069689509,0.928616613079167,0.388336078489313
"452",2010-08-15,0.91,1.90737145566101,1.04889732867356,0.464592479879223
"453",2010-09-15,0.67,1.22813917936325,1.12200913619172,0.549299977299458
"454",2010-10-15,0.6,1.03002976544307,1.13144291780697,0.633614400485725
"455",2010-11-15,0.63,1.11493379998029,1.17153648967177,0.720090731958819
"456",2010-12-15,0.43,0.54890690306549,1.1573858172489,0.802243246858259
"457",2011-01-15,0.42,0.52060555821975,1.16446115346033,0.882037316353887
"458",2011-02-15,0.36,0.350797489145311,1.14795203563365,0.952004530000299
"459",2011-03-15,0.3,0.180989420070871,1.09606623674979,1.00801760834083
"460",2011-04-15,0.4,0.46400286852827,1.02531287463544,1.04614580903578
"461",2011-05-15,0.41,0.49230421337401,0.945125730905849,1.06501337226627
"462",2011-06-15,0.5,0.747016316985669,0.855504805561005,1.06619259496818
"463",2011-07-15,0.38,0.40740017883679,0.749374762389481,1.05125577407737
"464",2011-08-15,0.44,0.57720824791123,0.638527828410333,1.0170583157221
"465",2011-09-15,0.43,0.54890690306549,0.581925138718853,0.972051315932698
"466",2011-10-15,0.49,0.718714972139929,0.555982239276925,0.924096259388528
"467",2011-11-15,0.33,0.265893454608091,0.485228877162575,0.866903958346095
"468",2011-12-15,0.33,0.265893454608091,0.461644423124458,0.808925508835725
"469",2012-01-15,0.38,0.40740017883679,0.452210641509212,0.749571299506465
"470",2012-02-15,0.34,0.294194799453831,0.447493750701589,0.691199775762127
"471",2012-03-15,0.37,0.37909883399105,0.46400286852827,0.638527828410333
"472",2012-04-15,0.41,0.49230421337401,0.466361313932082,0.591948531685053
"473",2012-05-15,0.47,0.662112282448449,0.480511986354952,0.553230719639144
"474",2012-06-15,0.58,0.973427075751588,0.499379549585445,0.523553614974514
"475",2012-07-15,0.64,1.14323514482603,0.560699130084548,0.50783064561577
"476",2012-08-15,0.74,1.42624859328343,0.631452492198898,0.507241034264817
"477",2012-09-15,0.81,1.62435800720361,0.721073417543741,0.518836724166891
"478",2012-10-15,0.76,1.48285128297491,0.784751443446656,0.537900824514369
"479",2012-11-15,0.56,0.916824386060109,0.838995687734324,0.567381392062015
"480",2012-12-15,0.55,0.888523041214369,0.89088148661818,0.603151147353158
"481",2013-01-15,0.54,0.860221696368629,0.928616613079167,0.642851644983988
"482",2013-02-15,0.44,0.57720824791123,0.952201067117283,0.684910588018629
"483",2013-03-15,0.44,0.57720824791123,0.968710184943965,0.72696953105327
"484",2013-04-15,0.37,0.37909883399105,0.959276403328718,0.76804578850299
"485",2013-05-15,0.37,0.37909883399105,0.935691949290602,0.805977452080961
"486",2013-06-15,0.33,0.265893454608091,0.87673081419531,0.837423390798449
"487",2013-07-15,0.53,0.831920351522889,0.850787914753382,0.861597456187519
"488",2013-08-15,0.5,0.747016316985669,0.794185225061902,0.875158517259436
"489",2013-09-15,0.61,1.05833111028881,0.747016316985669,0.877320425546263
"490",2013-10-15,0.78,1.53945397266639,0.751733207793293,0.874568905908483
"491",2013-11-15,0.57,0.945125730905848,0.754091653197104,0.867493569697048
"492",2013-12-15,0.4,0.46400286852827,0.718714972139929,0.853146360157194
"493",2014-01-15,0.33,0.265893454608091,0.669187618659884,0.83152727728892
"494",2014-02-15,0.27,0.0960853855336515,0.629094046795086,0.80460169226207
"495",2014-03-15,0.2,-0.102024028386528,0.572491357103606,0.771583456608707
"496",2014-04-15,0.2,-0.102024028386528,0.532397785238808,0.736010238434548
"497",2014-05-15,0.2,-0.102024028386528,0.49230421337401,0.699061260441499
"498",2014-06-15,0.29,0.152688075225131,0.482870431758763,0.66623956190512
"499",2014-07-15,0.48,0.690413627294189,0.471078204739705,0.634597086070647
"500",2014-08-15,0.59,1.00172842059733,0.49230421337401,0.609440335096656
"501",2014-09-15,0.6,1.03002976544307,0.489945767970198,0.588017789345367
"502",2014-10-15,0.72,1.36964590359195,0.475795095547328,0.565022946658203
"503",2014-11-15,0.5,0.747016316985669,0.459285977720647,0.540455807035165
"504",2014-12-15,0.49,0.718714972139929,0.480511986354952,0.52060555821975
"505",2015-01-15,0.41,0.49230421337401,0.499379549585445,0.50645488579688
"506",2015-02-15,0.31,0.209290764916611,0.508813331200692,0.49643149283068
"507",2015-03-15,0.26,0.0677840406879115,0.522964003623562,0.49230421337401
"508",2015-04-15,0.29,0.152688075225131,0.544190012257866,0.493286898958932
"509",2015-05-15,0.41,0.49230421337401,0.593717365737911,0.501737994989257
"510",2015-06-15,0.4,0.46400286852827,0.61966026517984,0.513137147774346
"511",2015-07-15,0.39,0.43570152368253,0.598434256545535,0.523750152091499
"512",2015-08-15,0.48,0.690413627294189,0.572491357103606,0.530432414068965
"513",2015-09-15,0.71,1.34134455874621,0.598434256545535,0.539473121450243
"514",2015-10-15,0.72,1.36964590359195,0.598434256545535,0.549693051533427
"515",2015-11-15,0.63,1.11493379998029,0.629094046795086,0.563843723956297
"516",2015-12-15,0.6,1.03002976544307,0.655036946237014,0.578387470613136
"517",2016-01-15,0.72,1.36964590359195,0.728148753755176,0.597451570960613
"518",2016-02-15,0.64,1.14323514482603,0.805977452080961,0.622215247700636
"519",2016-03-15,0.61,1.05833111028881,0.888523041214369,0.652678500833203
"520",2016-04-15,0.53,0.831920351522889,0.945125730905849,0.686089810720535
"521",2016-05-15,0.63,1.11493379998029,0.997011529789705,0.719697657724851
"522",2016-06-15,0.65,1.17153648967177,1.055972664885,0.756057024366947
"523",2016-07-15,0.68,1.25644052420899,1.12436758159553,0.799884801454447
"524",2016-08-15,0.78,1.53945397266639,1.19512094370988,0.851770600338304
"525",2016-09-15,0.78,1.53945397266639,1.21163006153657,0.902870250754223
"526",2016-10-15,0.77,1.51115262782065,1.22342228855562,0.954952586755064
"527",2016-11-15,0.76,1.48285128297491,1.25408207880518,1.0070349227559
"528",2016-12-15,0.72,1.36964590359195,1.28238342365092,1.05931379587373
"529",2017-01-15,0.74,1.42624859328343,1.28710031445854,1.10589309259901
"530",2017-02-15,0.69,1.28474186905473,1.2988925414776,1.14696935004873
"531",2017-03-15,0.57,0.945125730905848,1.28945875986235,1.18038065993606
"532",2017-04-15,0.69,1.28474186905473,1.32719388632334,1.21221967288752
"533",2017-05-15,0.62,1.08663245513455,1.32483544091953,1.23953833214834
"534",2017-06-15,0.67,1.22813917936325,1.32955233172715,1.26233663771852
"535",2017-07-15,0.75,1.45454993812917,1.34606144955383,1.28081112671504
"536",2017-08-15,0.75,1.45454993812917,1.3389861133424,1.29279989085108
"537",2017-09-15,0.77,1.51115262782065,1.33662766793858,1.30321635805125
"538",2017-10-15,0.88,1.82246742112379,1.36257056738051,1.31481204795333
"539",2017-11-15,0.91,1.90737145566101,1.39794724843769,1.32680081208937
"540",2017-12-15,0.88,1.82246742112379,1.43568237489867,1.33957572469335
"541",2018-01-15,0.68,1.25644052420899,1.4215317024758,1.35077834036145
"542",2018-02-15,0.49,0.718714972139929,1.37436279439957,1.35706752810495
"543",2018-03-15,0.41,0.49230421337401,1.33662766793858,1.36099827044464
"544",2018-04-15,0.37,0.37909883399105,1.26115741501661,1.35549523116908
"545",2018-05-15,0.33,0.265893454608091,1.19276249830607,1.34448915261796
"546",2018-06-15,0.25,0.0394826958421716,1.09370779134598,1.32483544091953
"547",2018-07-15,0.39,0.43570152368253,1.00880375680876,1.29673063319077
"548",2018-08-15,0.54,0.860221696368629,0.959276403328718,1.2650881573563
"549",2018-09-15,0.61,1.05833111028881,0.921541276867732,1.23049762476706
"550",2018-10-15,0.55,0.888523041214369,0.843712578541947,1.18725945903051
"551",2018-11-15,0.38,0.40740017883679,0.718714972139929,1.13065676933903
"552",2018-12-15,0.37,0.37909883399105,0.598434256545535,1.0608860928096
"553",2019-01-15,0.46,0.63381093760271,0.546548457661678,0.987970822408427
"554",2019-02-15,0.5,0.747016316985669,0.54890690306549,0.91918283146392
"555",2019-03-15,0.46,0.63381093760271,0.560699130084548,0.854522119976084
"556",2019-04-15,0.4,0.46400286852827,0.567774466295983,0.796740207582698
"557",2019-05-15,0.37,0.37909883399105,0.57720824791123,0.745444020049795
"558",2019-06-15,0.58,0.973427075751588,0.655036946237014,0.708888116290714
"559",2019-07-15,0.65,1.17153648967177,0.716356526736118,0.68451751378466
"560",2019-08-15,0.74,1.42624859328343,0.763525434812351,0.668204933074963
"561",2019-09-15,0.69,1.28474186905473,0.782392998042844,0.656609243172889
"562",2019-10-15,0.66,1.19983783451751,0.808335897484772,0.653661186418124
"563",2019-11-15,0.63,1.11493379998029,0.867297032580064,0.666043024788136
"564",2019-12-15,0.59,1.00172842059733,0.91918283146392,0.692772072698001
"565",2020-01-15,0.72,1.36964590359195,0.980502411963023,0.728934902223113
"566",2020-02-15,0.85,1.73756338658657,1.06304800109643,0.771779993725692
"567",2020-03-15,0.83,1.68096069689509,1.15031048103746,0.820914272971768
"568",2020-04-15,0.86,1.76586473143231,1.2587989696128,0.878499648248169
"569",2020-05-15,0.65,1.17153648967177,1.32483544091953,0.940801914332194
"570",2020-06-15,0.71,1.34134455874621,1.35549523116908,0.999173438076532
"571",2020-07-15,0.83,1.68096069689509,1.39794724843769,1.055972664885
"572",2020-08-15,0.87,1.79416607627805,1.42860703868724,1.11139613187457
"573",2020-09-15,0.71,1.34134455874621,1.43332392949486,1.16564037616224
"574",2020-10-15,0.74,1.42624859328343,1.45219149272535,1.21929500909895
"575",2020-11-15,0.66,1.19983783451751,1.45926682893679,1.26862582546201
"576",2020-12-15,0.63,1.11493379998029,1.46870061055204,1.31441897371936
"577",2021-01-15,0.63,1.11493379998029,1.44747460191773,1.35333332288225
"578",2021-02-15,0.58,0.973427075751588,1.38379657601482,1.38006237079212
"579",2021-03-15,0.48,0.690413627294189,1.30125098688141,1.39264074627911
"580",2021-04-15,0.61,1.05833111028881,1.24228985178612,1.39126498646022
"581",2021-05-15,0.58,0.973427075751588,1.22578073395944,1.38301042754688
"582",2021-06-15,0.58,0.973427075751588,1.19512094370988,1.36964590359195
"583",2021-07-15,0.63,1.11493379998029,1.14795203563365,1.34881296919161
"584",2021-08-15,0.69,1.28474186905473,1.10550001836504,1.32188738416476
"585",2021-09-15,0.83,1.68096069689509,1.13380136321078,1.29692717030775
"586",2021-10-15,0.96,2.0488781798897,1.18568716209464,1.27471847608853
"587",2021-11-15,0.92,1.93567280050675,1.24700674259374,1.25703013555994
"588",2021-12-15,0.82,1.65265935204935,1.29181720526616,1.24228985178612
"589",2022-01-15,0.84,1.70926204174083,1.34134455874621,1.23344568152182
"590",2022-02-15,0.79,1.56775531751213,1.39087191222625,1.23403529287278
"591",2022-03-15,0.54,0.860221696368629,1.40502258464912,1.24268292602009
"592",2022-04-15,0.46,0.63381093760271,1.36964590359195,1.25329593033724
"593",2022-05-15,0.64,1.14323514482603,1.38379657601482,1.26646391717519
"594",2022-06-15,0.58,0.973427075751588,1.38379657601482,1.28218688653393
"595",2022-07-15,0.54,0.860221696368629,1.36257056738051,1.3000717641795
"596",2022-08-15,0.88,1.82246742112379,1.40738103005293,1.32522851515349
"597",2022-09-15,0.98,2.10548086958118,1.44275771111011,1.35097487747844
"598",2022-10-15,0.93,1.96397414535249,1.43568237489867,1.37180781187877
"599",2022-11-15,0.83,1.68096069689509,1.41445636626437,1.38576194718466
"600",2022-12-15,0.7,1.31304321390047,1.38615502141863,1.39362343186403
"601",2023-01-15,0.76,1.48285128297491,1.36728745818814,1.39578534015086
"602",2023-02-15,0.74,1.42624859328343,1.35549523116908,1.39283728339609
"603",2023-03-15,0.87,1.79416607627805,1.43332392949486,1.39519572879991
"604",2023-04-15,0.94,1.99227549019822,1.54652930887782,1.40993601257373
"605",2023-05-15,1.07,2.36019297319284,1.64794246124172,1.43194816967597
"606",2023-06-15,1.26,2.8979185252619,1.80831674870092,1.46732485073315
"607",2023-07-15,1.44,3.40734273248522,2.02057683504396,1.52215870637177
"608",2023-08-15,1.36,3.1809319737193,2.13378221442692,1.58269213840293
"609",2023-09-15,1.42,3.35074004279374,2.23755381219464,1.64892514682664
"610",2023-10-15,1.39,3.26583600825652,2.34604230076997,1.72478847398259
