,time,ao,aoNorm,aoInt,aoDInt
1,15-01-73,1.2318,1.202832461,NA,NA
2,15-02-73,0.7862,0.764034687,0.983433574,0.983433574
3,15-03-73,0.5372,0.518835752,0.828567633,0.906000604
4,15-04-73,-1.1257,-1.118679549,0.341755838,0.717919015
5,15-05-73,0.0735,0.06221428,0.285847526,0.609901143
6,15-06-73,0.5312,0.512927344,0.323694162,0.552659747
7,15-07-73,0.2705,0.256207012,0.314053141,0.512891979
8,15-08-73,0.3125,0.297565869,0.311992232,0.484192015
9,15-09-73,0.1142,0.102292982,0.288692315,0.459754553
10,15-10-73,0.3371,0.321790342,0.292002118,0.441115393
11,15-11-73,0.0022,-0.007997303,0.264729443,0.423476798
12,15-12-73,-0.1815,-0.188893064,0.226927568,0.405608686
13,15-01-74,0.2322,0.218491674,0.144899169,0.383882893
14,15-02-74,-0.4893,-0.491994398,0.040230078,0.305282602
15,15-03-74,-0.7463,-0.745071211,-0.065095502,0.230810674
16,15-04-74,0.3088,0.29392235,0.052621323,0.206716131
17,15-05-74,-0.507,-0.509424202,0.004984783,0.183310902
18,15-06-74,-0.0475,-0.056938616,-0.042504047,0.152794385
19,15-07-74,0.39,0.373882807,-0.032697731,0.123898479
20,15-08-74,-0.5334,-0.535421198,-0.10211332,0.089389683
21,15-09-74,-0.1358,-0.143890689,-0.122628626,0.055112938
22,15-10-74,-1.0239,-1.018433559,-0.234313951,0.011253266
23,15-11-74,-0.4348,-0.438326358,-0.270174705,-0.03332208
24,15-12-74,0.5565,0.537841131,-0.209613523,-0.069700504
25,15-01-75,1.5945,1.55999573,-0.097821518,-0.089927228
26,15-02-75,0.1945,0.181367176,-0.041708053,-0.096755406
27,15-03-75,0.1512,0.138728165,0.031941895,-0.088668956
28,15-04-75,0.4088,0.392395819,0.040148017,-0.089708398
29,15-05-75,-0.6143,-0.615086234,0.031342848,-0.087511893
30,15-06-75,-0.3232,-0.328429968,0.008718568,-0.083243342
31,15-07-75,0.3453,0.329865166,0.005050432,-0.080097661
32,15-08-75,0.13,0.11785179,0.059489847,-0.066630731
33,15-09-75,1.2783,1.248622624,0.175532623,-0.04178396
34,15-10-75,0.1377,0.125434247,0.270854941,0.000313448
35,15-11-75,0.6187,0.599091628,0.357306439,0.052603543
36,15-12-75,1.2898,1.259947072,0.417481935,0.104861498
37,15-01-76,0.0343,0.023612681,0.289450014,0.137134125
38,15-02-76,1.6563,1.620852333,0.40940711,0.174727056
39,15-03-76,0.5871,0.567974012,0.445177597,0.209163364
40,15-04-76,0.4397,0.42282412,0.447713289,0.243127137
41,15-05-76,0.0596,0.048526468,0.503014348,0.282433095
42,15-06-76,0.328,0.312829256,0.556452616,0.328077599
43,15-07-76,-0.3253,-0.330497911,0.50142236,0.369441927
44,15-08-76,0.5586,0.539909074,0.5365938,0.409200589
45,15-09-76,-0.7425,-0.74132922,0.37076448,0.425469911
46,15-10-76,-0.8041,-0.801988876,0.29347922,0.427355267
47,15-11-76,-0.0873,-0.096131057,0.235543996,0.417208397
48,15-12-76,-2.0743,-2.052798868,-0.040518166,0.379041722
49,15-01-77,-3.7671,-3.719757736,-0.3524657,0.325548746
50,15-02-77,-2.0105,-1.989972795,-0.653367794,0.236984171
51,15-03-77,0.3445,0.329077379,-0.673275847,0.143779717
52,15-04-77,1.3285,1.298056305,-0.600339832,0.056441957
53,15-05-77,0.1043,0.092544108,-0.596671695,-0.035198547
54,15-06-77,-0.2262,-0.232910704,-0.642150025,-0.1350821
55,15-07-77,-0.4917,-0.494357762,-0.655805013,-0.231517715
56,15-08-77,-1.4122,-1.400806035,-0.817531272,-0.344361471
57,15-09-77,0.5865,0.567383171,-0.708471906,-0.434297836
58,15-10-77,-0.0092,-0.019223278,-0.643241439,-0.512357891
59,15-11-77,0.6053,0.585896183,-0.586405836,-0.58085371
60,15-12-77,-0.2396,-0.246106149,-0.435848109,-0.613797872
61,15-01-78,-0.347,-0.351866653,-0.155190519,-0.597358274
62,15-02-78,-3.0136,-2.977760154,-0.237506132,-0.562703135
63,15-03-78,0.5019,0.484074617,-0.224589696,-0.525312623
64,15-04-78,-0.9671,-0.962500629,-0.41296944,-0.509698424
65,15-05-78,0.059,0.047935627,-0.416686814,-0.494699683
66,15-06-78,0.6346,0.61474891,-0.346048513,-0.470024557
67,15-07-78,-0.604,-0.604943466,-0.355263988,-0.444979472
68,15-08-78,-0.3537,-0.358464376,-0.268402183,-0.399218715
69,15-09-78,-0.099,-0.107652452,-0.324655152,-0.367233985
70,15-10-78,0.8946,0.870779927,-0.250488218,-0.33450455
71,15-11-78,2.4695,2.421638576,-0.097509685,-0.293763204
72,15-12-78,-0.9801,-0.97530218,-0.158276021,-0.270632197
73,15-01-79,-2.2328,-2.208879315,-0.313027076,-0.283785243
74,15-02-79,-0.6967,-0.696228371,-0.122899428,-0.274234684
75,15-03-79,-0.8141,-0.811836223,-0.230891998,-0.274759876
76,15-04-79,-1.1568,-1.149304798,-0.246459012,-0.260884007
77,15-05-79,-0.2501,-0.256445863,-0.271824136,-0.248812117
78,15-06-79,0.9332,0.908790685,-0.247320655,-0.240584796
79,15-07-79,0.0385,0.027748566,-0.194596319,-0.227195823
80,15-08-79,-0.6841,-0.683820714,-0.221709347,-0.223304754
81,15-09-79,-0.0459,-0.055363041,-0.217351896,-0.214362816
82,15-10-79,-1.2434,-1.234582821,-0.392798792,-0.22622203
83,15-11-79,0.4751,0.457683728,-0.556461696,-0.264468031
84,15-12-79,1.2948,1.264870746,-0.369780618,-0.282093414
85,15-01-80,-2.0657,-2.044330149,-0.356068188,-0.285680174
86,15-02-80,-0.9337,-0.929610491,-0.375516698,-0.306731613
87,15-03-80,-1.4333,-1.421583937,-0.426329007,-0.32301803
88,15-04-80,-0.4191,-0.422866024,-0.365792443,-0.332962483
89,15-05-80,-1.1548,-1.147335329,-0.440033232,-0.346979907
90,15-06-80,0.7215,0.700322353,-0.457405593,-0.364486986
91,15-07-80,-0.6222,-0.622865638,-0.511623443,-0.390905913
92,15-08-80,-0.1852,-0.192536582,-0.470683099,-0.411653725
93,15-09-80,0.3126,0.297664342,-0.44126415,-0.43031308
94,15-10-80,-0.5212,-0.523407435,-0.381999535,-0.429413142
95,15-11-80,-1.361,-1.35038762,-0.532672147,-0.427430679
96,15-12-80,-0.0573,-0.066589016,-0.643627127,-0.450251222
97,15-01-81,-0.1163,-0.124688362,-0.483656978,-0.460883621
98,15-02-81,-0.3316,-0.336701739,-0.434247915,-0.465777889
99,15-03-81,-1.6447,-1.629756849,-0.451595658,-0.467883443
100,15-04-81,0.4304,0.413666088,-0.381884649,-0.46922446
101,15-05-81,0.1796,0.16669463,-0.272382152,-0.455253537
102,15-06-81,-0.4379,-0.441379036,-0.367523935,-0.447763399
103,15-07-81,0.5605,0.54178007,-0.270470126,-0.427667289
104,15-08-81,-0.2441,-0.250537455,-0.275303532,-0.411385659
105,15-09-81,-1.0401,-1.034386261,-0.386307749,-0.406805959
106,15-10-81,-1.1675,-1.159841459,-0.439343917,-0.411584657
107,15-11-81,-0.1877,-0.194998419,-0.343061484,-0.395783769
108,15-12-81,-1.2157,-1.207305671,-0.438121205,-0.378658275
109,15-01-82,-0.8834,-0.880078336,-0.50107037,-0.380109391
110,15-02-82,0.9739,0.948869387,-0.393939443,-0.376750352
111,15-03-82,1.0741,1.047539802,-0.170831388,-0.353353329
112,15-04-82,1.4538,1.42144356,-0.086849932,-0.328767103
113,15-05-82,-0.2087,-0.215677847,-0.118714305,-0.315961449
114,15-06-82,-1.1801,-1.172249116,-0.179620145,-0.3003028
115,15-07-82,0.0048,-0.005436993,-0.225221567,-0.296532087
116,15-08-82,0.3622,0.346507182,-0.175467847,-0.288212446
117,15-09-82,0.5577,0.539022813,-0.044350425,-0.259716002
118,15-10-82,-0.211,-0.217942737,0.034141136,-0.220258915
119,15-11-82,0.6609,0.640647432,0.10377829,-0.183022267
120,15-12-82,0.9672,0.942271664,0.282909734,-0.122936355
121,15-01-83,1.3591,1.328189186,0.466932028,-0.042269489
122,15-02-83,-1.8059,-1.788496079,0.238818239,0.010460318
123,15-03-83,-0.5671,-0.568606757,0.104139359,0.033374547
124,15-04-83,-0.7378,-0.736700967,-0.075706018,0.034303206
125,15-05-83,-0.4409,-0.44433324,-0.094760634,0.036299346
126,15-06-83,0.3125,0.297565869,0.027723948,0.05357802
127,15-07-83,0.1305,0.118344157,0.038039044,0.075516404
128,15-08-83,1.0978,1.070878014,0.09840328,0.098338998
129,15-09-83,0.1669,0.154188499,0.066333753,0.10756268
130,15-10-83,1.3689,1.337839586,0.19598228,0.121049442
131,15-11-83,-0.6879,-0.687562706,0.085298102,0.119509426
132,15-12-83,0.1862,0.173193879,0.021208287,0.097700972
133,15-01-84,0.905,0.881021167,-0.016055715,0.057451994
134,15-02-84,-0.3027,-0.308242907,0.107298716,0.046492033
135,15-03-84,-2.386,-2.359740668,-0.041962443,0.034316883
136,15-04-84,-0.2836,-0.289434475,-0.004690235,0.040234865
137,15-05-84,0.4792,0.46172114,0.070814296,0.054032776
138,15-06-84,0.0073,-0.002975156,0.045769211,0.055536548
139,15-07-84,0.0189,0.008447766,0.036611178,0.055417559
140,15-08-84,0.4657,0.448427222,-0.015259721,0.045945642
141,15-09-84,-0.4128,-0.416662195,-0.062830612,0.035181945
142,15-10-84,-0.2703,-0.276337503,-0.19734537,0.002404641
143,15-11-84,-0.9659,-0.961318947,-0.22015839,-0.023050066
144,15-12-84,0.446,0.429027949,-0.198838884,-0.041387331
145,15-01-85,-2.8057,-2.773033813,-0.503343466,-0.081994643
146,15-02-85,-1.4398,-1.427984713,-0.596655283,-0.140657476
147,15-03-85,0.5514,0.532818984,-0.355608645,-0.16679466
148,15-04-85,0.6524,0.632277187,-0.27879934,-0.189637085
149,15-05-85,-0.4322,-0.435766048,-0.353589939,-0.225004105
150,15-06-85,-0.3466,-0.351472759,-0.382631406,-0.260704156
151,15-07-85,-0.3896,-0.393816351,-0.416153416,-0.298434539
152,15-08-85,-0.0014,-0.011542348,-0.454484213,-0.33503658
153,15-09-85,0.1144,0.102489928,-0.411221536,-0.364069157
154,15-10-85,1.0351,1.009135149,-0.304098815,-0.372965278
155,15-11-85,-1.2175,-1.209078193,-0.324745419,-0.381680863
156,15-12-85,-1.9476,-1.928032984,-0.521167163,-0.408541553
157,15-01-86,-0.5676,-0.569099124,-0.337505939,-0.39472176
158,15-02-86,-2.9041,-2.869931706,-0.457668189,-0.383139502
159,15-03-86,1.9308,1.891162003,-0.344472937,-0.382211526
160,15-04-86,0.103,0.091263953,-0.389557373,-0.391441362
161,15-05-86,0.3669,0.351135435,-0.32398225,-0.388974055
162,15-06-86,0.5346,0.516275441,-0.2516699,-0.378060596
163,15-07-86,-0.0083,-0.018337017,-0.220379955,-0.361746141
164,15-08-86,-0.8263,-0.823849986,-0.288072258,-0.347878478
165,15-09-86,-0.0234,-0.033206511,-0.299380295,-0.338558374
166,15-10-86,1.4246,1.392689307,-0.267417448,-0.335501594
167,15-11-86,0.9257,0.901405175,-0.091543834,-0.316068128
168,15-12-86,0.0598,0.048723415,0.073185866,-0.266538709
169,15-01-87,-1.1476,-1.140245239,0.025590356,-0.236280685
170,15-02-87,-1.4732,-1.460874851,0.143011761,-0.186224022
171,15-03-87,-1.7465,-1.730002839,-0.158751976,-0.170747276
172,15-04-87,0.387,0.370928603,-0.135446589,-0.149571377
173,15-05-87,0.3252,0.310071999,-0.138868542,-0.134145235
174,15-06-87,-0.7103,-0.709620763,-0.241026559,-0.13325829
175,15-07-87,-0.4663,-0.469345501,-0.278610599,-0.138110843
176,15-08-87,-0.8357,-0.833106492,-0.279381975,-0.137386653
177,15-09-87,0.2865,0.271962767,-0.253951202,-0.133600895
178,15-10-87,-0.08,-0.088942493,-0.377420518,-0.142767818
179,15-11-87,-0.5358,-0.537784561,-0.497352996,-0.176585248
180,15-12-87,-0.5339,-0.535913565,-0.546072745,-0.228190132
181,15-01-88,0.2647,0.250495551,-0.430177679,-0.266170802
182,15-02-88,-1.0662,-1.060087836,-0.396778761,-0.311153345
183,15-03-88,-0.1971,-0.204254925,-0.269633101,-0.320393439
184,15-04-88,-0.5607,-0.562304455,-0.347402523,-0.338056433
185,15-05-88,-0.8461,-0.843347733,-0.443520834,-0.363444124
186,15-06-88,0.0605,0.049412729,-0.380268043,-0.375047581
187,15-07-88,-0.1434,-0.151374672,-0.353770474,-0.381310904
188,15-08-88,0.2546,0.240549731,-0.264299122,-0.380054
189,15-09-88,1.0393,1.013271035,-0.202523433,-0.375768352
190,15-10-88,0.0324,0.021741685,-0.193299751,-0.360424955
191,15-11-88,-0.0347,-0.044334012,-0.152178872,-0.331660445
192,15-12-88,1.6788,1.643008863,0.029397997,-0.28370455
193,15-01-89,3.106,3.0484222,0.262558551,-0.22597653
194,15-02-89,3.2793,3.21907672,0.619155597,-0.141315334
195,15-03-89,1.5303,1.496775763,0.760908155,-0.055436896
196,15-04-89,-0.2502,-0.256544336,0.786388164,0.039045661
197,15-05-89,0.8888,0.865068465,0.928756181,0.153402079
198,15-06-89,0.345,0.329569746,0.952102599,0.264432966
199,15-07-89,0.8656,0.842222621,1.034902373,0.380155703
200,15-08-89,0.5509,0.532326617,1.059217114,0.490448723
201,15-09-89,0.7031,0.682203235,1.031628131,0.593294686
202,15-10-89,0.9907,0.965412929,1.110267401,0.701925283
203,15-11-89,0.0338,0.023120313,1.115888595,0.807597571
204,15-12-89,-0.6437,-0.644037433,0.925301403,0.882256189
205,15-01-90,1.0007,0.975260276,0.75253791,0.923087802
206,15-02-90,3.4016,3.339509772,0.762573997,0.935039335
207,15-03-90,2.99,2.934192977,0.882358765,0.945160219
208,15-04-90,1.8788,1.8399558,1.05706711,0.967716798
209,15-05-90,0.9428,0.918244138,1.061498416,0.978778651
210,15-06-90,0.3043,0.289491044,1.058158524,0.987616645
211,15-07-90,-0.2958,-0.301448238,0.962852619,0.981612499
212,15-08-90,-0.1802,-0.187612909,0.902857659,0.968582544
213,15-09-90,-0.2104,-0.217351896,0.827894731,0.951604761
214,15-10-90,0.6603,0.640056591,0.800781703,0.925814286
215,15-11-90,0.5206,0.502489156,0.840729107,0.902884329
216,15-12-90,1.2767,1.247047048,0.99831948,0.908969168
217,15-01-91,0.7232,0.701996402,0.97554749,0.9275533
218,15-02-91,-0.876,-0.8727913,0.624522401,0.916049
219,15-03-91,-0.5268,-0.528921949,0.335929491,0.870513228
220,15-04-91,0.5302,0.511942609,0.225261725,0.801196112
221,15-05-91,0.4865,0.468909703,0.187817189,0.728389343
222,15-06-91,-0.1154,-0.123802101,0.153376093,0.652990807
223,15-07-91,-0.188,-0.195293839,0.162222293,0.586271613
224,15-08-91,0.7969,0.774571348,0.242404314,0.531233835
225,15-09-91,-0.1122,-0.12065095,0.250462727,0.483114501
226,15-10-91,-0.2519,-0.258218385,0.175606479,0.431016566
227,15-11-91,0.2847,0.270190245,0.156248236,0.373976493
228,15-12-91,1.6132,1.578410268,0.183861838,0.306105023
229,15-01-92,0.55,0.531440356,0.169648834,0.238946802
230,15-02-92,1.1217,1.094413173,0.33358254,0.214701813
231,15-03-92,0.9842,0.959012154,0.457577048,0.22483911
232,15-04-92,-0.5205,-0.52271812,0.371355321,0.237013576
233,15-05-92,1.3414,1.310759382,0.441509461,0.258154599
234,15-06-92,-0.302,-0.307553593,0.426196836,0.28088966
235,15-07-92,0.1911,0.178019079,0.457306246,0.30547999
236,15-08-92,0.5353,0.516964756,0.43583903,0.32159955
237,15-09-92,-0.6403,-0.640689335,0.392502498,0.333436197
238,15-10-92,-0.3659,-0.370478139,0.383147519,0.350731284
239,15-11-92,0.717,0.695891047,0.418622586,0.372595813
240,15-12-92,1.6267,1.591704186,0.419730412,0.392251528
241,15-01-93,3.4953,3.431779411,0.661425333,0.433232903
242,15-02-93,0.1845,0.17151983,0.584517555,0.454144154
243,15-03-93,0.7643,0.742468998,0.566472292,0.463218757
244,15-04-93,-0.4354,-0.438917199,0.573455702,0.480060456
245,15-05-93,-1.6075,-1.593124719,0.33146536,0.470890114
246,15-06-93,-0.5195,-0.521733386,0.313617044,0.461508465
247,15-07-93,-0.5107,-0.513067721,0.256026477,0.444735151
248,15-08-93,-0.393,-0.397164449,0.179849044,0.423402652
249,15-09-93,-0.3606,-0.365259045,0.202801568,0.407594241
250,15-10-93,-0.565,-0.566538814,0.186463178,0.391203879
251,15-11-93,1.0018,0.976343484,0.209834215,0.373804848
252,15-12-93,-0.1041,-0.112674599,0.067802649,0.344477535
253,15-01-94,-0.2879,-0.293668834,-0.242651371,0.269137809
254,15-02-94,-0.8615,-0.858512647,-0.328487411,0.193054062
255,15-03-94,1.881,1.842122216,-0.236849643,0.126110568
256,15-04-94,0.2247,0.211106164,-0.182681029,0.063099174
257,15-05-94,-0.1154,-0.123802101,-0.060237478,0.03045727
258,15-06-94,1.6063,1.571615599,0.114208271,0.013839873
259,15-07-94,0.3507,0.335182734,0.184895809,0.007912317
260,15-08-94,0.8275,0.804704229,0.285051532,0.016679191
261,15-09-94,-0.0841,-0.092979906,0.30774146,0.025424182
262,15-10-94,0.174,0.161180115,0.368384705,0.040584309
263,15-11-94,1.7794,1.742073172,0.432195512,0.059114417
264,15-12-94,0.8938,0.869992139,0.514084407,0.096304564
265,15-01-95,-0.1538,-0.161615913,0.525088817,0.160282913
266,15-02-95,1.4289,1.396923667,0.713041843,0.247077017
267,15-03-95,0.3932,0.377033958,0.590951155,0.316060417
268,15-04-95,-0.9631,-0.95856169,0.493478834,0.372407072
269,15-05-95,-0.8912,-0.887759267,0.429815736,0.41324484
270,15-06-95,-0.1118,-0.120257056,0.288826348,0.427796346
271,15-07-95,-0.2171,-0.223949618,0.242231986,0.432574361
272,15-08-95,0.5436,0.525138054,0.218934805,0.427064634
273,15-09-95,-0.549,-0.550783059,0.180784542,0.416484891
274,15-10-95,0.075,0.063691382,0.172660481,0.400174539
275,15-11-95,-0.7233,-0.722422314,-0.032714143,0.361432067
276,15-12-95,-2.1271,-2.104792859,-0.280612893,0.295207292
277,15-01-96,-1.2004,-1.19223923,-0.366498169,0.220908377
278,15-02-96,0.1632,0.150544981,-0.47036306,0.122291302
279,15-03-96,-1.4832,-1.470722198,-0.62434274,0.021016811
280,15-04-96,-1.5251,-1.511982581,-0.670461147,-0.075978188
281,15-05-96,-0.2264,-0.233107651,-0.615906846,-0.163121736
282,15-06-96,0.4967,0.478953997,-0.565972591,-0.234354981
283,15-07-96,0.7146,0.693527684,-0.489516149,-0.295333993
284,15-08-96,0.1247,0.112632696,-0.523891596,-0.357236193
285,15-09-96,-1.14,-1.132761255,-0.572389779,-0.420000719
286,15-10-96,0.1825,0.16955036,-0.563568197,-0.481353109
287,15-11-96,0.1364,0.124154091,-0.493020164,-0.519711944
288,15-12-96,-1.7208,-1.704695158,-0.459678689,-0.534634094
289,15-01-97,-0.4568,-0.459990521,-0.398657963,-0.537314077
290,15-02-97,1.8887,1.849704673,-0.257061322,-0.519538932
291,15-03-97,1.0908,1.063984871,-0.045835733,-0.471330015
292,15-04-97,0.3236,0.308496424,0.105870851,-0.406635681
293,15-05-97,-0.9611,-0.956592221,0.04558047,-0.351511739
294,15-06-97,-0.815,-0.812722484,-0.062059237,-0.309518959
295,15-07-97,-0.4306,-0.434190473,-0.15603575,-0.281728926
296,15-08-97,0.1206,0.108595284,-0.156372201,-0.251102309
297,15-09-97,0.1945,0.181367176,-0.046861498,-0.207308286
298,15-10-97,-0.6997,-0.699182575,-0.119255909,-0.170282262
299,15-11-97,-0.6611,-0.661171817,-0.184699735,-0.144588893
300,15-12-97,-0.0711,-0.080178355,-0.049323335,-0.110392613
301,15-01-98,-2.0806,-2.059002696,-0.182574349,-0.092385646
302,15-02-98,-0.1832,-0.190567113,-0.352596998,-0.100346952
303,15-03-98,-0.2544,-0.260680222,-0.462985756,-0.135109454
304,15-04-98,-0.0379,-0.047485163,-0.492650888,-0.184986266
305,15-05-98,0.4286,0.411893565,-0.378610406,-0.220335505
306,15-06-98,-0.7107,-0.710014657,-0.37005142,-0.246001521
307,15-07-98,-0.2117,-0.218632051,-0.352088219,-0.262339226
308,15-08-98,0.6503,0.630209244,-0.308620389,-0.275026575
309,15-09-98,-1.0499,-1.044036661,-0.410737375,-0.305349565
310,15-10-98,0.2943,0.279643698,-0.329168519,-0.322842282
311,15-11-98,-1.4494,-1.437438166,-0.393857381,-0.340272086
312,15-12-98,1.3534,1.322576198,-0.276961169,-0.359241906
313,15-01-99,0.1103,0.098452516,-0.097173234,-0.352125146
314,15-02-99,0.4821,0.464576871,-0.042577902,-0.326290221
315,15-03-99,-1.4916,-1.478993969,-0.144104048,-0.299716746
316,15-04-99,0.2844,0.269894824,-0.117655716,-0.268467148
317,15-05-99,0.2259,0.212287845,-0.134289526,-0.248107075
318,15-06-99,0.707,0.6860437,-0.017951329,-0.2187654
319,15-07-99,-0.002,-0.012133188,-0.000743091,-0.18948664
320,15-08-99,-0.6721,-0.672003898,-0.109260852,-0.172873345
321,15-09-99,0.0591,0.048034101,-0.018254956,-0.140166477
322,15-10-99,-0.0058,-0.01587518,-0.042881529,-0.116309228
323,15-11-99,0.6109,0.591410698,0.12618921,-0.072972012
324,15-12-99,1.0431,1.017013027,0.100725612,-0.041498113
325,15-01-00,1.2702,1.240646273,0.195908425,-0.017074642
326,15-02-00,1.0758,1.049213851,0.244628174,0.006859198
327,15-03-00,-0.4514,-0.454672954,0.329988258,0.04636689
328,15-04-00,-0.2785,-0.284412328,0.283795995,0.079821199
329,15-05-00,0.9691,0.94414266,0.344783897,0.119743985
330,15-06-00,0.5861,0.566989277,0.334862695,0.149145153
331,15-07-00,-0.6494,-0.649650421,0.281736259,0.172685099
332,15-08-00,0.1439,0.131539602,0.348698217,0.210848355
333,15-09-00,0.3949,0.378708006,0.376254376,0.243724132
334,15-10-00,0.3168,0.301800228,0.402727327,0.280858204
335,15-11-00,-1.5815,-1.567521617,0.2228163,0.288910461
336,15-12-00,-2.3544,-2.328623052,-0.055986706,0.275851101
337,15-01-01,-0.9588,-0.954327331,-0.238901173,0.239616968
338,15-02-01,-0.6224,-0.623062584,-0.378257543,0.187709825
339,15-03-01,-1.6865,-1.670918758,-0.47961136,0.12024319
340,15-04-01,0.906,0.882005902,-0.382409841,0.064726037
341,15-05-01,0.452,0.434936357,-0.424843699,0.000590404
342,15-06-01,-0.0153,-0.02523016,-0.474195319,-0.066831097
343,15-07-01,-0.031,-0.040690494,-0.423448658,-0.125596507
344,15-08-01,0.5205,0.502390682,-0.392544402,-0.187366725
345,15-09-01,-0.7066,-0.705977245,-0.482934839,-0.258965826
346,15-10-01,0.7075,0.686536068,-0.450873519,-0.33009923
347,15-11-01,0.8186,0.795940091,-0.253918377,-0.36982712
348,15-12-01,-1.3224,-1.312376861,-0.169231194,-0.37926416
349,15-01-02,1.3813,1.350050296,0.022800274,-0.357455706
350,15-02-02,1.3035,1.273437938,0.180841985,-0.310864079
351,15-03-02,0.902,0.878066963,0.393257461,-0.238125011
352,15-04-02,0.7484,0.726811716,0.380324613,-0.174563806
353,15-05-02,0.4014,0.385108782,0.376172315,-0.107812472
354,15-06-02,0.5727,0.553793833,0.424424314,-0.032927502
355,15-07-02,0.3276,0.312435362,0.453851469,0.040180842
356,15-08-02,-0.2285,-0.235175594,0.392387612,0.105591843
357,15-09-02,-0.0427,-0.05221189,0.446868059,0.183075418
358,15-10-02,-1.4885,-1.475941292,0.266661612,0.242870012
359,15-11-02,-1.4251,-1.413509113,0.082540845,0.27090828
360,15-12-02,-1.5921,-1.577959805,0.060408933,0.290044958
361,15-01-03,-0.4717,-0.474663068,-0.091650514,0.280507392
362,15-02-03,0.1278,0.115685373,-0.188129894,0.249759735
363,15-03-03,0.933,0.908593738,-0.185585996,0.201522781
364,15-04-03,-0.1781,-0.185544966,-0.26161572,0.148027753
365,15-05-03,1.0167,0.991016031,-0.211123449,0.099086439
366,15-06-03,-0.1021,-0.11070513,-0.266498363,0.04150955
367,15-07-03,0.0753,0.063986802,-0.287202409,-0.02024494
368,15-08-03,-0.2804,-0.286283324,-0.291461387,-0.077232357
369,15-09-03,0.4666,0.449313483,-0.249667606,-0.135276996
370,15-10-03,-0.6698,-0.669739008,-0.182484082,-0.172705803
371,15-11-03,0.6424,0.62242984,-0.012822503,-0.180652749
372,15-12-03,0.2652,0.250987918,0.139589808,-0.174054343
373,15-01-04,-1.6858,-1.670229444,0.039959276,-0.16308686
374,15-02-04,-1.5285,-1.515330679,-0.095958728,-0.15540593
375,15-03-04,0.3181,0.303080383,-0.146418174,-0.152141945
376,15-04-04,-0.4094,-0.413314097,-0.165398935,-0.144123879
377,15-05-04,-0.0943,-0.103024199,-0.256568955,-0.147911005
378,15-06-04,-0.2359,-0.24246263,-0.267548746,-0.147998537
379,15-07-04,-0.2005,-0.207603023,-0.290181232,-0.148246772
380,15-08-04,-0.7202,-0.719369636,-0.326271758,-0.151147636
381,15-09-04,0.855,0.831784433,-0.294399179,-0.154875267
382,15-10-04,-0.5154,-0.517695974,-0.281728926,-0.163145671
383,15-11-04,0.6783,0.657781815,-0.278782928,-0.18530904
384,15-12-04,1.2301,1.201158412,-0.199602053,-0.213575028
385,15-01-05,0.3562,0.340598774,-0.032033035,-0.219574387
386,15-02-05,-1.2706,-1.261367605,-0.010869446,-0.212483614
387,15-03-05,-1.3479,-1.337487595,-0.147583444,-0.21258072
388,15-04-05,-0.0462,-0.055658461,-0.117778807,-0.208612376
389,15-05-05,-0.7634,-0.761910174,-0.172685972,-0.201622127
390,15-06-05,-0.3832,-0.387514049,-0.18477359,-0.194724197
391,15-07-05,-0.0302,-0.039902706,-0.170798564,-0.184775642
392,15-08-05,0.0261,0.015537856,-0.109556273,-0.166716018
393,15-09-05,0.8024,0.779987389,-0.113872693,-0.151672144
394,15-10-05,0.0298,0.019181374,-0.069132914,-0.13395581
395,15-11-05,0.2277,0.214060368,-0.106109701,-0.119566374
396,15-12-05,-2.1039,-2.081947014,-0.37970182,-0.134574688
397,15-01-06,-0.1705,-0.178060982,-0.422923467,-0.167148891
398,15-02-06,-0.1558,-0.163585382,-0.331441615,-0.193863238
399,15-03-06,-1.6038,-1.5894812,-0.352441082,-0.210934708
400,15-04-06,0.1383,0.126025087,-0.337300786,-0.229228206
401,15-05-06,0.1558,0.143257944,-0.26187011,-0.236660218
402,15-06-06,1.0708,1.044290177,-0.142553091,-0.233141843
403,15-07-06,0.1027,0.090968533,-0.131647154,-0.229879225
404,15-08-06,-0.2652,-0.271315356,-0.155551589,-0.233712168
405,15-09-06,0.6065,0.587077865,-0.171627382,-0.238525059
406,15-10-06,-1.0291,-1.023554179,-0.258522012,-0.254307484
407,15-11-06,0.5213,0.50317847,-0.234428836,-0.265000745
408,15-12-06,2.2817,2.236705403,0.125458865,-0.222904021
409,15-01-07,2.0338,1.992589675,0.30634642,-0.162131531
410,15-02-07,-1.3069,-1.297113474,0.211885745,-0.116854251
411,15-03-07,1.1821,1.153891147,0.440500108,-0.050775818
412,15-04-07,0.5443,0.525827368,0.473816964,0.016817327
413,15-05-07,0.8937,0.869893665,0.534369941,0.083170665
414,15-06-07,-0.555,-0.556691467,0.400954804,0.12846299
415,15-07-07,-0.3965,-0.40061102,0.359989841,0.169432739
416,15-08-07,-0.0337,-0.043349278,0.378987015,0.213977623
417,15-09-07,0.1789,0.166005315,0.343897636,0.256938041
418,15-10-07,0.3835,0.367482031,0.45981732,0.316799652
419,15-11-07,-0.5187,-0.520945598,0.374473647,0.367541526
420,15-12-07,0.8211,0.798401928,0.254615024,0.378304539
421,15-01-08,0.819,0.796333985,0.15492705,0.365686258
422,15-02-08,0.9381,0.913615885,0.339154497,0.376291987
423,15-03-08,0.5856,0.56649691,0.290204977,0.363767393
424,15-04-08,-0.455,-0.458217999,0.208201196,0.341632746
425,15-05-08,-1.2047,-1.196473589,0.036003925,0.300102244
426,15-06-08,-0.0898,-0.098592893,0.074178806,0.272870911
427,15-07-08,-0.4799,-0.482737892,0.0673349,0.248483
428,15-08-08,-0.0805,-0.089434861,0.063494435,0.222191951
429,15-09-08,-0.3266,-0.331778066,0.022012487,0.195368189
430,15-10-08,1.6758,1.640054659,0.128060206,0.167721763
431,15-11-08,0.0922,0.080628819,0.178191407,0.151364909
432,15-12-08,0.6478,0.627747407,0.163970197,0.143811174
433,15-01-09,0.7997,0.777328605,0.162386415,0.144432787
434,15-02-09,-0.6723,-0.672200845,0.030235021,0.118689498
435,15-03-09,0.1213,0.109284598,-0.007866005,0.093850249
436,15-04-09,0.9725,0.947490758,0.109276392,0.085606516
437,15-05-09,1.1937,1.16531407,0.30609203,0.108113858
438,15-06-09,-1.3507,-1.340244853,0.202621033,0.118817377
439,15-07-09,-1.3559,-1.345365473,0.130735402,0.124100752
440,15-08-09,-0.0537,-0.063043971,0.132934642,0.129887436
441,15-09-09,0.8745,0.850986759,0.231498378,0.147344593
442,15-10-09,-1.5399,-1.526556654,-0.032385898,0.133974085
443,15-11-09,0.4589,0.441731026,-0.002294048,0.11893363
444,15-12-09,-3.4128,-3.370866238,-0.335511851,0.077310126
445,15-01-10,-2.5868,-2.557475392,-0.613412185,0.012660243
446,15-02-10,-4.2657,-4.210746448,-0.908290985,-0.065550258
447,15-03-10,-0.4321,-0.435667575,-0.953703666,-0.144370063
448,15-04-10,-0.2745,-0.280473389,-1.056034011,-0.241479263
449,15-05-10,-0.9186,-0.914740997,-1.229371934,-0.369434594
450,15-06-10,-0.013,-0.02296527,-1.119598635,-0.479619566
451,15-07-10,0.4353,0.418491288,-0.972610572,-0.571565064
452,15-08-10,-0.1166,-0.124983783,-0.977772223,-0.664123969
453,15-09-10,-0.8646,-0.861565324,-1.120484896,-0.776789242
454,15-10-10,-0.467,-0.470034815,-1.03244141,-0.860127201
455,15-11-10,-0.3757,-0.380128539,-1.100929707,-0.951680173
456,15-12-10,-2.631,-2.601000665,-1.036774242,-1.010118705
457,15-01-11,-1.6831,-1.667570661,-0.962615515,-1.039218983
458,15-02-11,1.5754,1.541187297,-0.483287703,-1.003802043
459,15-03-11,1.4241,1.39219694,-0.33096566,-0.951907209
460,15-04-11,2.2748,2.229910733,-0.121766983,-0.874051623
461,15-05-11,-0.0351,-0.044727906,-0.049265892,-0.775709453
462,15-06-11,-0.8578,-0.854869128,-0.118591214,-0.692292168
463,15-07-11,-0.4716,-0.474564595,-0.193012537,-0.627325665
464,15-08-11,-1.0626,-1.056542791,-0.270642454,-0.568398184
465,15-09-11,0.6647,0.644389423,-0.145146225,-0.487119962
466,15-10-11,0.7998,0.777427079,-0.041191068,-0.404515767
467,15-11-11,1.4592,1.426761127,0.109383071,-0.303656368
468,15-12-11,2.2208,2.17673506,0.507527715,-0.174964539
469,15-01-12,-0.2197,-0.226509928,0.627616109,-0.042445237
470,15-02-12,-0.0363,-0.045909588,0.495358036,0.039108575
471,15-03-12,1.0371,1.011104619,0.463600342,0.105322408
472,15-04-12,-0.0346,-0.044235539,0.274088153,0.138310336
473,15-05-12,0.1684,0.155665601,0.290787612,0.166648128
474,15-06-12,-0.6724,-0.672299318,0.306001763,0.202030876
475,15-07-12,0.1678,0.15507476,0.358471709,0.247987897
476,15-08-12,0.014,0.003622567,0.446818822,0.307776337
477,15-09-12,0.7722,0.750248402,0.455640403,0.357841889
478,15-10-12,-1.514,-1.501052026,0.265767145,0.38342174
479,15-11-12,-0.1106,-0.119075375,0.136947436,0.38571877
480,15-12-12,-1.7486,-1.732070782,-0.188786384,0.327692595
481,15-01-13,-0.6095,-0.610359507,-0.220773849,0.256993432
482,15-02-13,-1.0074,-1.002185437,-0.300463503,0.190674971
483,15-03-13,-3.1854,-3.146937572,-0.646967019,0.098127691
484,15-04-13,0.3222,0.307117795,-0.617687574,0.023813047
485,15-05-13,0.494,0.476295213,-0.59096844,-0.049666624
486,15-06-13,0.5487,0.5301602,-0.49076348,-0.116063728
487,15-07-13,-0.0111,-0.021094274,-0.505444233,-0.188056723
488,15-08-13,0.1542,0.141682369,-0.493939249,-0.266453229
489,15-09-13,-0.4609,-0.464027933,-0.595128944,-0.354017341
490,15-10-13,0.2628,0.248624555,-0.449322562,-0.41360815
491,15-11-13,2.029,1.987862949,-0.273744369,-0.447832467
492,15-12-13,1.4749,1.442221462,-0.009220015,-0.432868603
493,15-01-14,-0.9688,-0.964174678,-0.038704613,-0.417696167
494,15-02-14,0.0438,0.03296766,0.047558146,-0.388694363
495,15-03-14,1.2058,1.177229359,0.40790539,-0.300788329
496,15-04-14,0.972,0.946998391,0.461228773,-0.210878633
497,15-05-14,0.4642,0.44695012,0.458783348,-0.123399317
498,15-06-14,-0.5074,-0.509818096,0.37211849,-0.051492487
499,15-07-14,-0.4889,-0.491600505,0.332909638,0.018370336
500,15-08-14,-0.3715,-0.375992653,0.289770053,0.083679445
501,15-09-14,0.1019,0.090180745,0.335954109,0.161269699
502,15-10-14,-1.1344,-1.127246741,0.221298168,0.21715476
503,15-11-14,-0.5303,-0.53236852,0.011278879,0.240906697
504,15-12-14,0.4129,0.396433231,-0.075870141,0.23535252
505,15-01-15,1.0916,1.064772659,0.093208804,0.246345305
506,15-02-15,1.0426,1.016520659,0.175171554,0.256979755
507,15-03-15,1.8374,1.799187784,0.227001423,0.241904425
508,15-04-15,1.2157,1.186978233,0.246999743,0.224052006
509,15-05-15,0.7628,0.740991896,0.271503224,0.208445329
510,15-06-15,0.427,0.41031799,0.348181231,0.206450557
511,15-07-15,-1.1079,-1.101151272,0.297385334,0.203490198
512,15-08-15,-0.689,-0.688645914,0.271330896,0.201953602
513,15-09-15,-0.1645,-0.172152574,0.249469786,0.194746575
514,15-10-15,-0.2501,-0.256445863,0.322036526,0.203141438
515,15-11-15,1.945,1.905145235,0.525162672,0.245965088
516,15-12-15,1.4441,1.411891634,0.609784206,0.30310295
517,15-01-16,-1.4487,-1.436748851,0.40132408,0.328779223
518,15-02-16,-0.0235,-0.033304984,0.313838609,0.340334811
519,15-03-16,0.2802,0.265758939,0.186052872,0.336922432
520,15-04-16,-1.0511,-1.045218342,3.64910546664689e-05,0.316342161
521,15-05-16,-0.0357,-0.045318747,-0.065489396,0.288259442
522,15-06-16,0.3129,0.297959763,-0.074852581,0.253006624
523,15-07-16,0.0848,0.073341782,0.02302184,0.230143
524,15-08-16,0.4724,0.455024944,0.118327745,0.217392737
525,15-09-16,0.781,0.758914067,0.195916631,0.212929974
526,15-10-16,-1.9173,-1.898195523,0.05910416,0.191018944
527,15-11-16,-0.6109,-0.611738136,-0.150636121,0.134702378
528,15-12-16,1.7864,1.748966315,-0.122546564,0.073674814
529,15-01-17,0.942,0.91745635,0.073637202,0.046367574
530,15-02-17,0.3399,0.324547599,0.103458251,0.028835877
531,15-03-17,1.3654,1.334393014,0.192511091,0.029374062
532,15-04-17,-0.0887,-0.097509685,0.271486812,0.051994922
533,15-05-17,-0.7301,-0.72911851,0.214503498,0.075327664
534,15-06-17,0.4017,0.385404202,0.221790535,0.100047923
535,15-07-17,0.6342,0.614355016,0.266874971,0.120369018
536,15-08-17,0.15,0.137546483,0.240418433,0.130543242
537,15-09-17,-0.4924,-0.495047076,0.135921671,0.125543662
538,15-10-17,0.6903,0.669598631,0.349904517,0.149777025
539,15-11-17,-0.0776,-0.08657913,0.393667768,0.195135682
540,15-12-17,-0.059,-0.068263065,0.242231986,0.225533895
541,15-01-18,-0.2808,-0.286677217,0.141887522,0.231221421
542,15-02-18,0.1127,0.10081588,0.123243212,0.232870168
543,15-03-18,-0.9411,-0.936897527,-0.066031,0.211324994
544,15-04-18,0.5439,0.525433474,-0.01411907,0.187524504
545,15-05-18,1.1796,1.151429311,0.142593248,0.181531983
546,15-06-18,0.3799,0.363936986,0.140804314,0.174783131
547,15-07-18,0.6118,0.592296959,0.138966142,0.164124062
548,15-08-18,0.8361,0.813172948,0.195268348,0.160361555
549,15-09-18,0.5845,0.565413702,0.283640079,0.172671422
550,15-10-18,0.4128,0.396334757,0.26086809,0.16525172
551,15-11-18,-1.1162,-1.10932457,0.175639303,0.147082681
552,15-12-18,0.1097,0.097861675,0.189483031,0.142686935
553,15-01-19,-0.7132,-0.712476493,0.153999758,0.143696288
554,15-02-19,1.1495,1.121788797,0.239080835,0.153349423
555,15-03-19,2.1161,2.073633339,0.489958407,0.199681874
556,15-04-19,-0.2553,-0.261566483,0.424375077,0.236223053
557,15-05-19,-1.2313,-1.222667532,0.226533674,0.243218088
558,15-06-19,-0.6013,-0.602284683,0.146015201,0.243652329
559,15-07-19,-0.8897,-0.886282165,0.022800274,0.23397184
560,15-08-19,-0.7218,-0.720945212,-0.105042906,0.208945902
561,15-09-19,0.3062,0.29136204,-0.127880544,0.174652517
562,15-10-19,-0.0822,-0.09110891,-0.16850085,0.138871772
563,15-11-19,-1.1934,-1.185346087,-0.174835976,0.109665499
564,15-12-19,0.4121,0.395645443,-0.150020662,0.081373524
565,15-01-20,2.419,2.371909474,0.107011502,0.077457836
566,15-02-20,3.4172,3.354871633,0.293101738,0.081959578
567,15-03-20,2.6414,2.590914467,0.336208499,0.069147086
568,15-04-20,0.9281,0.903768538,0.433319751,0.069892475
569,15-05-20,-0.0271,-0.036850029,0.532137876,0.095359492
570,15-06-20,-0.1218,-0.130104403,0.571486233,0.130815411
571,15-07-20,-0.4118,-0.415677461,0.610703291,0.179807329
572,15-08-20,-0.3812,-0.385544579,0.638653344,0.241782017
573,15-09-20,0.6314,0.611597759,0.665339654,0.3078837
574,15-10-20,-0.0717,-0.080769196,0.666201297,0.377442212
575,15-11-20,2.0864,2.044386719,0.935345697,0.469957352
576,15-12-20,-1.736,-1.719663125,0.759069983,0.545714905
577,15-01-21,-2.4836,-2.455850773,0.356756629,0.566526999
578,15-02-21,-1.1907,-1.182687304,-0.021373282,0.540320748
579,15-03-21,2.1092,2.06683867,-0.065046265,0.506882851
580,15-04-21,-0.2044,-0.211443488,-0.157980601,0.457607821
581,15-05-21,-0.1606,-0.168312109,-0.168935774,0.399185017
582,15-06-21,0.8446,0.821543193,-0.089631808,0.344091847
583,15-07-21,0.6302,0.610416077,-0.004124013,0.292856238
584,15-08-21,-0.2093,-0.216268688,0.009982311,0.240466986
585,15-09-21,-0.2516,-0.257922965,-0.062477749,0.179815535
586,15-10-21,-0.1458,-0.153738035,-0.068558486,0.118585554
587,15-11-21,0.093,0.081416606,-0.232139328,0.021295135
588,15-12-21,0.1981,0.184912221,-0.073424716,-0.048079423
589,15-01-22,0.8483,0.825186711,0.199995074,-0.061142886
590,15-02-22,1.5444,1.510660522,0.424440726,-0.023991719
591,15-03-22,0.3052,0.290377306,0.276402279,0.004462326
592,15-04-22,-0.6026,-0.603564838,0.2437255,0.037937835
593,15-05-22,1.2235,1.194659163,0.357306439,0.081791353
594,15-06-22,-0.0742,-0.083231032,0.281908587,0.112753052
595,15-07-22,0.0249,0.014356175,0.232236929,0.132449797
596,15-08-22,-0.17,-0.177568615,0.235461935,0.151239766
597,15-09-22,-0.6552,-0.655361882,0.202342025,0.17330808
598,15-10-22,1.3457,1.314993741,0.32473634,0.206082649
599,15-11-22,0.3389,0.323562864,0.344915195,0.254170526
600,15-12-22,-2.7192,-2.687854263,0.105517988,0.269082418
601,15-01-23,-0.6743,-0.674170314,-0.019428431,0.250797126
602,15-02-23,1.6004,1.565805664,-0.014833003,0.214190982
603,15-03-23,0.2803,0.265857412,-0.016876327,0.189751098
604,15-04-23,-0.9731,-0.968409037,-0.04728001,0.165500639
605,15-05-23,1.1343,1.10682083,-0.054599871,0.131175113
606,15-06-23,-0.2862,-0.291994785,-0.071996851,0.101682993
607,15-07-23,-0.1545,-0.162305227,-0.086718634,0.075103363
608,15-08-23,-0.6023,-0.603269417,-0.122193701,0.045298727
609,15-09-23,0.3181,0.303080383,-0.042323512,0.024909932
610,15-10-23,-0.4139,-0.417745403,-0.186718441,-0.0177113
