"","time","AMO_detrended","NAO_detrended","AO_detrended","GSI_detrended"
"1",1973-01-15,0.00104494110703152,-0.0882423063507826,1.30824040353089,0.26511653882074
"2",1973-02-15,0.0693467666523903,0.721992908093073,0.862355223600596,-0.0209151521563047
"3",1973-03-15,0.117648592197767,0.172228122536929,0.613070043670292,0.345610103866662
"4",1973-04-15,0.135950417743136,-0.667536663019215,-1.05011513626001,0.525540861889625
"5",1973-05-15,0.144252243288506,-0.567301448575359,0.148799683809689,0.217868493912589
"6",1973-06-15,0.202554068833876,0.262933765868496,0.606214503879388,0.282859058935552
"7",1973-07-15,0.230855894379246,0.443168980312352,0.345229323949087,0.494275025958516
"8",1973-08-15,0.129157719924615,-0.186595805243792,0.386944144018785,0.639162127981479
"9",1973-09-15,0.177459545469985,-0.426360590799936,0.188358964088484,0.0572427720044425
"10",1973-10-15,0.135761371015355,-1.36612537635608,0.410973784158182,0.376181394027406
"11",1973-11-15,0.114063196560725,-1.05589016191222,0.0757886042278807,0.0856809150503695
"12",1973-12-15,0.102365022106095,0.194345052531631,-0.108196575702421,1.16938165907333
"13",1974-01-15,0.120666847651465,1.21458026697549,0.305218244367278,0.879902429096296
"14",1974-02-15,0.0589686731968344,-0.265184518580658,-0.416566935563024,1.60480652011926
"15",1974-03-15,-0.102729501257796,-0.154949304136802,-0.673852115493325,1.04876125514222
"16",1974-04-15,-0.294427675712426,0.385285910307053,0.380962704576373,1.95366002316519
"17",1974-05-15,-0.336125850167056,-0.364478875249091,-0.435122475353928,0.86249518518815
"18",1974-06-15,-0.307824024621687,-0.264243660805235,0.0240923447157704,1.15752598221111
"19",1974-07-15,-0.339522199076317,-0.88400844636138,0.461307164785469,0.492822105234077
"20",1974-08-15,-0.311220373530947,-0.763773231917524,-0.462378015144833,0.471213833257041
"21",1974-09-15,-0.322918547985577,0.696461982526332,-0.065063195075134,-0.0798563347199958
"22",1974-10-15,-0.264616722440207,0.366697196970188,-0.953448375005436,-0.668789115697032
"23",1974-11-15,-0.126314896894837,-0.663067588585957,-0.364633554935737,1.21645320732593
"24",1974-12-15,-0.0380130713494677,1.3771676258579,0.626381265133962,1.87833294834889
"25",1975-01-15,0.140288754195902,0.457402840301755,1.66409608520366,0.716231011371858
"26",1975-02-15,0.108590579741272,-0.74236194525439,0.263810905273359,0.342890112394822
"27",1975-03-15,0.0568924052866418,-0.732126730810534,0.220225725343057,0.392140647417785
"28",1975-04-15,-0.0348057691679885,-1.72189151636668,0.477540545412756,0.242706387440749
"29",1975-05-15,-0.106503943622619,-0.641656301922823,-0.545844634517546,-0.467401019536288
"30",1975-06-15,-0.0282021180772488,-0.961421087478967,-0.255029814447847,0.0694575794866756
"31",1975-07-15,0.090099707468121,1.42881412696489,0.413185005621851,0.226037685509639
"32",1975-08-15,0.148401533013491,-0.380950658591255,0.19759982569155,-0.964252573467397
"33",1975-09-15,-0.0232966414411394,1.4392845558526,1.34561464576125,-0.044323236444434
"34",1975-10-15,-0.0549948158957697,-0.660480229703544,0.204729465830947,1.13233124457853
"35",1975-11-15,0.0333070096496002,0.289754984740312,0.685444285900645,0.189431898601493
"36",1975-12-15,0.00160883519496999,-0.120009800815833,1.35625910597034,0.446702965624456
"37",1976-01-15,-0.0200893392596602,-0.369774586371977,0.100473926040043,0.50373662464742
"38",1976-02-15,-0.15178751371429,0.810460628071879,1.72218874610974,0.674629324670383
"39",1976-03-15,-0.163485688168921,0.630695842515734,0.652703566179439,0.504600885693347
"40",1976-04-15,-0.0851838626235508,0.14093105695959,0.505018386249138,0.59213737871631
"41",1976-05-15,-0.216882037078181,0.841166271403446,0.124633206318837,1.15746220673927
"42",1976-06-15,-0.208580211532811,0.681401485847302,0.392748026388535,1.49167384176224
"43",1976-07-15,-0.0302783859874414,-0.438363299708843,-0.260837153541766,1.2218364297852
"44",1976-08-15,0.148023439557928,1.80187191473501,0.622777666527932,0.922305311808164
"45",1976-09-15,0.0263252651032982,-1.40789287082113,-0.678607513402369,0.394267630831128
"46",1976-10-15,0.034627090648668,-0.197657656377276,-0.740492693332671,0.757454804854091
"47",1976-11-15,-0.137071083805962,0.0525775580665801,-0.0239778732629722,0.354043681877055
"48",1976-12-15,-0.158769258260592,-1.71718722748956,-2.01126305319327,-0.186428063099982
"49",1977-01-15,-0.0904674327152226,-1.15695201304571,-3.70434823312358,0.702367221922982
"50",1977-02-15,-0.0321656071698529,-0.606716798601853,-1.94803341305388,1.53022693994595
"51",1977-03-15,0.136136218375517,-0.926481584157997,0.406681407015822,0.632656673968909
"52",1977-04-15,0.114438043920887,0.533753630285859,1.39039622708552,0.858214405991872
"53",1977-05-15,0.0627398694662565,-0.976011155270286,0.165911047155219,0.271456217014836
"54",1977-06-15,0.141041695011626,-0.68577594082643,-0.164874132775082,0.796465397037799
"55",1977-07-15,0.149343520556996,-0.565540726382574,-0.430659312705384,1.12495326706076
"56",1977-08-15,0.027645346102366,-0.395305511938719,-1.35144449263569,0.181540992083726
"57",1977-09-15,0.0159471716477358,0.254929702505137,0.646970327434013,0.40710354710669
"58",1977-10-15,0.0642489971931055,0.405164916948993,0.0509851475037117,-1.37106136387035
"59",1977-11-15,0.142550822738475,-0.184599868607151,0.66519996757341,-0.125307954847383
"60",1977-12-15,0.0808526482838451,-1.1143646541633,-0.179985212356891,0.38890489417558
"61",1978-01-15,0.169154473829215,0.54587056028056,-0.287670392287193,-0.676197843801457
"62",1978-02-15,0.167456299374585,-2.31389422527558,-2.95455557221749,-0.764948194778493
"63",1978-03-15,0.135758124919955,0.586340989168271,0.560659247852204,-0.49725275175553
"64",1978-04-15,0.124059950465324,-1.28342379638787,-0.908625932078097,-0.139817307732566
"65",1978-05-15,0.0223617760106942,0.966811418055983,0.117188887991601,-0.188757018709603
"66",1978-06-15,-0.019336398443936,1.26704663249984,0.6925037080613,-1.16228095868664
"67",1978-07-15,-0.101034572898566,-1.25271815305631,-0.546381471869002,-1.08644928366368
"68",1978-08-15,-0.0327327473531965,0.52751706138755,-0.296366651799303,-0.185959346640712
"69",1978-09-15,0.0455690781921734,0.347752275831406,-0.0419518317296044,-0.131651417617749
"70",1978-10-15,0.0938709037375431,1.81798749027526,0.951362988340094,0.0321279324052149
"71",1978-11-15,0.272172729282913,2.92822270471912,2.52597780840979,0.0393646914281784
"72",1978-12-15,0.170474554828283,-1.68154208083703,-0.923907371520509,0.787490019451142
"73",1979-01-15,0.128776380373653,-1.49130686639317,-2.17689255145081,0.489052032474105
"74",1979-02-15,0.107078205919022,-0.781071651949316,-0.641077731381112,0.0262130354970688
"75",1979-03-15,0.00538003146439223,0.66916356249454,-0.758762911311413,-0.190580822479968
"76",1979-04-15,0.0836818570097619,-1.8206012230616,-1.10174809124171,0.665099705542996
"77",1979-05-15,0.171983682555132,-1.14036600861775,-0.195333271172016,-0.509612648434041
"78",1979-06-15,0.240285508100502,1.48986920582611,0.987681548897682,-0.614647037411077
"79",1979-07-15,0.128587333645871,0.720104420269962,0.0926963689673809,-0.748405763388114
"80",1979-08-15,0.0368891591912412,0.850339634713818,-0.630188810962921,-0.78966022536515
"81",1979-09-15,0.115190984736611,0.900574849157674,0.00772600910677792,-0.528959217342187
"82",1979-10-15,0.213492810281981,-0.40918993639847,-1.19005917082352,0.265982375680777
"83",1979-11-15,0.241794635827351,0.421045278045385,0.528155649246175,0.37295723770374
"84",1979-12-15,0.28009646137272,0.891280492489241,1.34757046931587,0.105744673726704
"85",1980-01-15,0.30839828691809,-0.858484293066903,-2.01321471061443,0.657134695749667
"86",1980-02-15,0.25670011246346,-0.0582490786230476,-0.881499890544729,0.139114083772631
"87",1980-03-15,0.13500193800883,-0.418013864179192,-1.38138507047503,-0.048560537204406
"88",1980-04-15,0.3333037635542,1.18222135026466,-0.367470250405332,0.0996103448185576
"89",1980-05-15,0.451605589099569,-1.60754343529148,-1.10345543033563,-0.215781623158479
"90",1980-06-15,0.289907414644939,-0.477308220847625,0.772559389734065,-0.0703661641355155
"91",1980-07-15,0.188209240190309,-0.527073006403769,-0.571425790196237,0.519857913887448
"92",1980-08-15,0.136511065735679,-2.34683779195991,-0.134710970126538,0.324655330910411
"93",1980-09-15,0.154812891281049,0.553397422483942,0.36280384994316,0.081124788933375
"94",1980-10-15,0.183114716826418,-1.8763673630722,-0.471281329987141,-0.669427988043661
"95",1980-11-15,0.0414165423717882,-0.476132148628346,-1.31136650991744,0.302606005979302
"96",1980-12-15,0.0197183679171579,0.674103065815509,-0.0079516898477441,-0.0968184409977347
"97",1981-01-15,0.138020193462528,0.264338280259365,-0.0672368697780456,0.243046186025229
"98",1981-02-15,0.116322019007898,0.814573494703221,-0.282822049708347,-0.474191517951808
"99",1981-03-15,0.294623844553267,-1.29519129085292,-1.59620722963865,-0.0658854919288442
"100",1981-04-15,0.192925670098637,0.255043923590932,0.47860759043105,-0.637771109905881
"101",1981-05-15,0.221227495644007,0.0952791380347879,0.227522410500749,-0.793850111882917
"102",1981-06-15,0.219529321189377,-0.554485647521356,-0.390262769429553,-0.508353814859954
"103",1981-07-15,0.127831146734747,-0.0542504330775007,0.607852050640146,-0.74758902983699
"104",1981-08-15,0.0661329722801164,0.285984781366355,-0.197033129290156,-0.841883898814027
"105",1981-09-15,0.154434797825486,-1.55378000418979,-0.993318309220457,0.277375429208937
"106",1981-10-15,0.0127366233708559,-1.45354478974593,-1.12100348915076,-0.9611003337681
"107",1981-11-15,0.191038448916226,-0.483309575302078,-0.14148866908106,-0.987939149745136
"108",1981-12-15,0.339340274461596,-0.123074360858222,-1.16977384901136,-0.589849185722173
"109",1982-01-15,0.157642100006965,-0.992839146414367,-0.837759028941663,-0.85717465469921
"110",1982-02-15,0.0959439255523352,1.04739606802949,1.01925579112804,-1.29274877067625
"111",1982-03-15,0.184245751097705,1.04763128247334,1.11917061119773,-0.137470861653282
"112",1982-04-15,0.0425475766430748,-0.00213350308279937,1.49858543126743,-0.201978602630319
"113",1982-05-15,0.000849402188444606,-0.631898288638944,-0.164199748662869,-0.432189564607355
"114",1982-06-15,-0.0608487722661856,-1.73166307419509,-1.13588492859317,-1.01689286058439
"115",1982-07-15,-0.112546946720816,1.04857214024877,0.048729891476528,-0.936572090561428
"116",1982-08-15,-0.214245121175446,0.158807354692623,0.405844711546227,-0.00618206053846498
"117",1982-09-15,-0.135943295630076,1.65904256913648,0.601059531615925,0.0146000684844986
"118",1982-10-15,-0.147641470084706,-0.840722216419665,-0.167925648314376,-0.244048861492538
"119",1982-11-15,-0.179339644539337,1.49951299802419,0.703689171755322,0.257293868530426
"120",1982-12-15,-0.0910378189939668,1.67974821246805,1.00970399182502,0.202789313553389
"121",1983-01-15,0.047264006551403,1.4899834269119,1.40131881189472,-0.00318678742364757
"122",1983-02-15,0.175565832096773,-0.629781358644242,-1.76396636803558,-0.00445630440068406
"123",1983-03-15,0.313867657642143,0.850453855799613,-0.525451547965884,-0.489097530377721
"124",1983-04-15,0.242169483187512,-0.949310929756531,-0.696436727896185,-0.0450327523547571
"125",1983-05-15,0.120471308732882,-0.169075715312675,-0.399821907826487,0.177845282668206
"126",1983-06-15,0.118773134278252,0.89115949913118,0.353292912243212,0.15156869569117
"127",1983-07-15,0.147074959823622,1.09139471357504,0.17100773231291,-0.449792101285867
"128",1983-08-15,0.0953767853689916,1.51162992801889,1.13802255238261,-0.773368042262903
"129",1983-09-15,0.0436786109143614,-1.21813485753725,0.206837372452307,-0.66254376023994
"130",1983-10-15,0.0919804364597312,0.552100356906603,1.40855219252201,-0.712735940216976
"131",1983-11-15,0.150282262005101,-1.07766442864954,-0.648532987408295,0.185384873805987
"132",1983-12-15,0.228584087550471,0.192570785794315,0.225281832661403,-0.169899403171049
"133",1984-01-15,0.146885913095841,1.56280600023817,0.943796652731102,-0.858097878148086
"134",1984-02-15,0.12518773864121,0.623041214682026,-0.2641885271992,-0.110537151125122
"135",1984-03-15,0.0134895641865802,-0.466723570874118,-2.3477737071295,0.371027330897841
"136",1984-04-15,0.01179138973195,-0.376488356430263,-0.245658887059803,0.693647420920805
"137",1984-05-15,0.0200932152773198,0.443746858013593,0.516855933009896,-0.115347322056232
"138",1984-06-15,-0.27160495917731,-0.516017927542551,0.0446707530795942,0.526827796966732
"139",1984-07-15,-0.213303133631941,-0.165782713098695,0.0559855731492928,0.389600823989695
"140",1984-08-15,-0.0550013080865708,1.05445250134516,0.502500393218991,0.654802159012658
"141",1984-09-15,-0.056699482541201,0.074687715789016,-0.37628478671131,0.527545874035622
"142",1984-10-15,-0.148397656995831,-0.165077069767128,-0.234069966641612,0.817927185058586
"143",1984-11-15,-0.210095831450461,-0.154841855323273,-0.929955146571913,0.804540132081549
"144",1984-12-15,-0.121794005905092,-0.094606640879417,0.481659673497785,1.11505761210451
"145",1985-01-15,-0.183492180359722,-1.70437142643556,-2.77032550643252,1.24636255512748
"146",1985-02-15,-0.225190354814352,-0.584136211991706,-1.40471068636282,0.327052074150439
"147",1985-03-15,-0.206888529268982,0.10609900245215,0.586204133706881,0.598019684173403
"148",1985-04-15,-0.298586703723612,0.226334216896006,0.68691895377658,0.391118125196366
"149",1985-05-15,-0.260284878178243,-0.583430568660139,-0.397966226153722,0.0516590102193299
"150",1985-06-15,-0.0419830526328728,-0.893195354216283,-0.312651406084023,1.32576504224229
"151",1985-07-15,-0.043681227087503,1.12703986022757,-0.355936586014325,0.862670616265257
"152",1985-08-15,-0.215379401542133,-0.572724925328571,0.0319782340553737,0.56922244228822
"153",1985-09-15,-0.167077575996763,-0.612489710884716,0.147493054125072,0.589072366311184
"154",1985-10-15,-0.108775750451394,0.80774550355914,1.06790787419477,1.11716170533415
"155",1985-11-15,-0.140473924906024,-0.762019281997004,-1.18497730573553,0.453885542357111
"156",1985-12-15,-0.162172099360654,0.128215932446851,-1.91536248566583,-0.132763108619926
"157",1986-01-15,-0.243870273815284,1.01845114689071,-0.535647665596134,0.401370697403038
"158",1986-02-15,-0.235568448269914,-1.09131363866544,-2.87243284552643,0.302267553426001
"159",1986-03-15,-0.277266622724545,1.61892157577842,1.96218197454326,-0.720841550551035
"160",1986-04-15,-0.298964797179175,-0.680843209777726,0.134096794612962,1.09664577947193
"161",1986-05-15,-0.180662971633805,0.75939200466613,0.39771161468266,0.420472055494892
"162",1986-06-15,-0.202361146088435,1.12962721910999,0.565126434752359,0.607512503517855
"163",1986-07-15,-0.184059320543065,0.0298624335538414,0.0219412548220575,-0.577396656459181
"164",1986-08-15,-0.295757494997696,-1.1799023520023,-0.796343925108244,0.0427468105637821
"165",1986-09-15,-0.277455669452326,-1.20966713755845,0.00627089496145458,-0.551557917413254
"166",1986-10-15,-0.229153843906956,1.46056807688541,1.45398571503115,0.127060805609709
"167",1986-11-15,-0.260852018361586,2.20080329132926,0.954800535100852,0.618738445632673
"168",1986-12-15,-0.222550192816216,0.90103850577312,0.0886153551705502,-0.217682808344364
"169",1987-01-15,-0.0942483672708466,-1.23872627978302,-1.11906982475975,0.0991139096785996
"170",1987-02-15,-0.0959465417254768,-0.818491065339169,-1.44495500469005,-1.43800633229844
"171",1987-03-15,0.042355283819893,0.051744149104687,-1.71854018462035,-1.71493057527547
"172",1987-04-15,0.150657109365263,1.91197936354854,0.414674635449344,-0.81908307925251
"173",1987-05-15,0.188958934910633,0.892214577992398,0.352589455519043,-0.597709768229546
"174",1987-06-15,0.307260760456002,-1.90755020756375,-0.683195724411259,-0.612859317206583
"175",1987-07-15,0.405562586001372,0.43268500688011,-0.43948090434156,-0.503093200183619
"176",1987-08-15,0.443864411546742,-0.917079778676035,-0.809166084271862,-0.580585876160656
"177",1987-09-15,0.312166237092112,-1.30684456423218,0.312748735797837,-0.679053696137693
"178",1987-10-15,0.170468062637482,0.0533906502116769,-0.0540364441324645,0.0432014898852709
"179",1987-11-15,0.108769888182851,0.0936258646555326,-0.510121624062766,-0.835507999091765
"180",1987-12-15,0.197071713728221,0.233861079099388,-0.508506803993067,-1.4809540450688
"181",1988-01-15,0.025373539273591,0.934096293543244,0.289808016076631,-0.492686538045839
"182",1988-02-15,-0.0363246351810392,0.6743315079871,-1.04137716385367,-0.684642815022875
"183",1988-03-15,0.0419771903643306,-0.255433277569045,-0.172562343783972,-1.36314712599991
"184",1988-04-15,0.1402790159097,-1.25519806312519,-0.536447523714273,-1.47083915997695
"185",1988-05-15,0.19858084145507,0.545037151318667,-0.822132703644575,-0.700832960953985
"186",1988-06-15,0.25688266700044,0.795272365762522,0.0841821164251238,-0.745039646931021
"187",1988-07-15,0.22518449254581,-0.434492419793622,-0.120003063505178,-1.19835987890806
"188",1988-08-15,0.0534863180911796,-0.0442572053497661,0.277711756564521,-0.312233947885094
"189",1988-09-15,-0.0682118563634506,-1.07402199090591,1.06212657663422,0.510739717137869
"190",1988-10-15,-0.0599100308180808,-1.16378677646205,0.0549413967039179,-0.211184247839167
"191",1988-11-15,0.018391794727289,-0.423551562018199,-0.0124437832263836,-0.501010851816204
"192",1988-12-15,-0.0533063797273412,0.526683652425657,1.70077103684332,-1.66885701379324
"193",1989-01-15,-0.0350045541819714,1.08691886686951,3.12768585691301,-1.58365431477028
"194",1989-02-15,0.0532972713633984,1.91715408131337,3.30070067698271,-1.44596498974731
"195",1989-03-15,-0.118400903091232,1.76738929575722,1.55141549705241,-1.47451859672435
"196",1989-04-15,-0.210099077545862,0.197624510201079,-0.229369682877891,-0.345117870701386
"197",1989-05-15,-0.0617972520004922,1.29785972464494,0.909345137191808,-0.848502918678423
"198",1989-06-15,0.206504573544878,-0.351905060911209,0.365259957261506,-0.98511690965546
"199",1989-07-15,0.344806399090247,0.888330153532646,0.885574777331205,-1.3872449066325
"200",1989-08-15,0.243108224635617,-0.0714346320234977,0.570589597400903,-0.181974088609533
"201",1989-09-15,0.031410050180987,1.96880058242036,0.722504417470602,-0.884849353586569
"202",1989-10-15,-0.0302881242736432,-0.110964203135786,1.0098192375403,-1.21593064156361
"203",1989-11-15,-0.0219862987282734,0.0792710113080694,0.0526340576099988,-1.15040713354064
"204",1989-12-15,-0.0636844731829036,-1.23049377424807,-0.625151122320303,-0.732122574517679
"205",1990-01-15,-0.145382647637534,0.959741440195781,1.0189636977494,-0.295299609494715
"206",1990-02-15,-0.047080822092164,1.32997665463964,3.41957851781909,-0.896103665471752
"207",1990-03-15,-0.00877899654679418,1.38021186908349,3.00769333788879,0.299479235551212
"208",1990-04-15,0.0295228289985756,1.92044708352735,1.89620815795849,0.654380488574175
"209",1990-05-15,0.00782465454394546,-1.6093177020288,0.95992297802819,-0.415027859402861
"210",1990-06-15,-0.0238735199106848,-0.0990824875849407,0.321137798097889,-1.2074876263799
"211",1990-07-15,-0.025571694365315,0.451152726858915,-0.279247381832413,-0.536854667356934
"212",1990-08-15,0.102730131180055,0.891387941302771,-0.163932561762714,1.15073044766603
"213",1990-09-15,0.251031956725425,0.981623155746626,-0.194417741693016,-0.837911290311007
"214",1990-10-15,0.249333782270794,0.151858370190482,0.675997078376683,-0.475448286288044
"215",1990-11-15,0.0476356078161642,-0.317906415365662,0.536011898446381,0.0642038707349197
"216",1990-12-15,-0.00406256663846596,0.142328799078193,1.29182671851608,0.950307357757883
"217",1991-01-15,-0.0757607410930962,0.782564013522049,0.738041538585778,0.271851384780847
"218",1991-02-15,-0.0474589155477264,0.962799227965905,-0.861443641344523,1.31381291280381
"219",1991-03-15,-0.0791570900023566,-0.276965557590239,-0.512528821274825,0.854960647826774
"220",1991-04-15,-0.140855264456987,0.213269656853616,0.544185998794874,0.843793848849737
"221",1991-05-15,-0.212553438911617,0.00350487129747198,0.500200818864572,1.5009820558727
"222",1991-06-15,-0.154251613366247,-0.896259914258672,-0.101984361065729,0.703534660895664
"223",1991-07-15,-0.185949787820877,-0.566024699814817,-0.174869540996031,0.772598408918628
"224",1991-08-15,-0.117647962275508,1.15421051462904,0.809745279073668,-0.216447465058409
"225",1991-09-15,-0.0393461367301378,0.404445729072895,-0.0996399008566335,-1.27671332603545
"226",1991-10-15,-0.231044311184768,-0.265319056483249,-0.239625080786935,0.986356933987518
"227",1991-11-15,-0.242742485639398,0.404916157960606,0.296689739282764,0.932822375010482
"228",1991-12-15,-0.164440660094028,0.385151372404462,1.62490455935246,0.421308730033445
"229",1992-01-15,-0.116138834548659,-0.204613413151682,0.561419379422161,1.37768375705641
"230",1992-02-15,-0.0678370090032888,0.995621801292173,1.13283419949186,0.548065351079372
"231",1992-03-15,-0.109535183457919,0.795857015736029,0.995049019561558,0.0912087451023354
"232",1992-04-15,-0.191233357912549,1.78609223017988,-0.509936160368744,-0.523617258874701
"233",1992-05-15,-0.292931532367179,2.55632744462374,1.35167865970095,0.0236654611482624
"234",1992-06-15,-0.21462970682181,0.126562659067596,-0.292006520229347,0.318454085171226
"235",1992-07-15,-0.35632788127644,0.0867978735114518,0.200808299840352,0.205128868194189
"236",1992-08-15,-0.49802605573107,0.777033087955307,0.54472311991005,-0.116672058782847
"237",1992-09-15,-0.4497242301857,-0.512731697600837,-0.631162060020251,0.138215285240116
"238",1992-10-15,-0.38142240464033,-1.83249648315698,-0.357047239950553,-1.07237235273692
"239",1992-11-15,-0.403120579094961,1.11773873128687,0.725567580119146,-0.424376888713957
"240",1992-12-15,-0.224818753549591,0.39797394573073,1.63498240018884,-0.0748557396909933
"241",1993-01-15,-0.126516928004221,1.52820916017459,3.50329722025854,-0.36417240666803
"242",1993-02-15,-0.168215102458851,0.428444374618442,0.192212040328242,0.946586149354934
"243",1993-03-15,-0.289913276913481,0.598679589062297,0.77172686039794,0.748762909377897
"244",1993-04-15,-0.171611451368112,0.898914803506153,-0.428258319532361,-0.574161830599139
"245",1993-05-15,-0.213309625822742,-0.850849982049991,-1.60064349946266,0.515687812423824
"246",1993-06-15,-0.325007800277372,-0.660614767606135,-0.512928679392964,0.312348625446788
"247",1993-07-15,-0.456705974732002,-3.25037955316228,-0.504413859323266,0.755056418469751
"248",1993-08-15,-0.278404149186632,0.0498556612815759,-0.386999039253567,0.706146181492715
"249",1993-09-15,-0.230102323641263,-0.639909124274568,-0.354884219183869,0.271467331515678
"250",1993-10-15,-0.301800498095893,-0.779673909830713,-0.55956939911417,0.552148793538642
"251",1993-11-15,-0.313498672550523,2.49056130461314,1.00694542095553,-0.225794876438395
"252",1993-12-15,-0.295196847005153,1.490796519057,-0.0992397589747731,0.264324339584569
"253",1994-01-15,-0.346895021459783,0.971031733500854,-0.283324938905075,0.193197257607532
"254",1994-02-15,-0.368593195914414,0.39126694794471,-0.857210118835376,-0.307028768369504
"255",1994-03-15,-0.320291370369044,1.19150216238857,1.88500470123432,-0.276811428346541
"256",1994-04-15,-0.181989544823674,1.07173737683242,0.228419521304021,0.906189569676422
"257",1994-05-15,-0.273687719278304,-0.638027408723723,-0.111965658626281,0.963770611699386
"258",1994-06-15,-0.285385893732934,1.45220780572013,1.60944916144342,0.634903969722349
"259",1994-07-15,-0.327084068187565,1.24244302016399,0.353563981513117,0.408068027745313
"260",1994-08-15,-0.378782242642195,0.312678234607844,0.830078801582815,1.09311538976828
"261",1994-09-15,-0.340480417096825,-1.3870865509483,-0.0818063783474864,0.79062851879124
"262",1994-10-15,-0.122178591551455,-1.03685133650444,0.176008441722212,0.360943699814203
"263",1994-11-15,0.0161232339939146,0.573383877939411,1.78112326179191,0.294442384837167
"264",1994-12-15,-0.0355749404607155,1.95361909238327,0.895238081861609,1.30376268386013
"265",1995-01-15,0.0227268850846543,0.863854306827123,-0.152647098068692,0.742603959883094
"266",1995-02-15,0.00102871063002405,1.07408952127098,1.42976772200101,1.32247227790606
"267",1995-03-15,0.0293305361753939,1.18432473571483,0.393782542070705,1.15520588992902
"268",1995-04-15,0.0976323617207636,-0.91544004984131,-0.962802637859597,1.18516803195198
"269",1995-05-15,0.225934187266133,-1.55520483539745,-0.891187817789898,1.40721406297495
"270",1995-06-15,0.274236012811503,0.0650303790464013,-0.1120729977202,0.894095839997911
"271",1995-07-15,0.272537838356873,-0.284734406509743,-0.217658177650501,0.664236744020875
"272",1995-08-15,0.210839663902243,0.625500807934113,0.542756642419197,0.393900717043838
"273",1995-09-15,0.00914148944761264,0.245736022377968,-0.550128537511104,-0.162919620933198
"274",1995-10-15,0.0974433149929825,0.125971236821824,0.0735862825585946,0.403059028089765
"275",1995-11-15,0.0857451405383522,-1.44379354873432,-0.724998897371707,0.557262113112729
"276",1995-12-15,0.00404696608372204,-1.73355833429046,-2.12908407730201,0.0730335701356921
"277",1996-01-15,-0.0576512083709081,-0.183323119846609,-1.20266925723231,-1.10349574484134
"278",1996-02-15,-0.129349382825538,-0.133087905402753,0.160645562837389,-0.527400949818381
"279",1996-03-15,-0.231047557280169,-0.302852690958897,-1.48603961709291,0.221550870204583
"280",1996-04-15,-0.0827457317347988,-0.232617476515042,-1.52822479702321,0.022812273227546
"281",1996-05-15,-0.194443906189429,-1.12238226207119,-0.229809976953516,-0.88254781674949
"282",1996-06-15,-0.226142080644059,0.49785295237267,0.493004843116183,-0.746271944726527
"283",1996-07-15,-0.277840255098689,0.608088166816525,0.710619663185881,-0.703458563703564
"284",1996-08-15,-0.10953842955332,0.958323381260381,0.12043448325558,-0.3885119086806
"285",1996-09-15,-0.10123660400795,-0.921441404295763,-1.14455069667472,-0.775476633657637
"286",1996-10-15,-0.23293477846258,-0.391206189851908,0.177664123394977,-1.17557606363467
"287",1996-11-15,-0.24463295291721,-0.620970975408052,0.131278943464675,-1.05957642261171
"288",1996-12-15,-0.23633112737184,-1.4707357609642,-1.72620623646563,-2.23398684558875
"289",1997-01-15,-0.0780293018264706,-0.550500546520341,-0.462491416395928,-0.552025182565783
"290",1997-02-15,-0.00972747628110074,1.63973466792352,1.88272340367377,-0.930363125542819
"291",1997-03-15,-0.0314256507357309,1.39996988236737,1.08453822374347,-1.01850294951986
"292",1997-04-15,-0.0931238251903612,-1.07979490318877,0.317053043813168,-0.119044532496892
"293",1997-05-15,-0.0848219996449913,-0.339559688744918,-0.967932136117133,-0.683018291473929
"294",1997-06-15,-0.166520174099622,-1.52932447430106,-0.822117316047435,-0.966419255450965
"295",1997-07-15,-0.0382183485542518,0.280910740142794,-0.438002495977736,-0.947094114428002
"296",1997-08-15,-0.0899165230088819,0.771145954586649,0.112912324091962,-0.467068146405038
"297",1997-09-15,0.00838530253648787,0.551381169030505,0.186527144161661,0.0923442996179252
"298",1997-10-15,0.136687128081858,-1.75838361652564,-0.707958035768641,-1.55993404935911
"299",1997-11-15,0.00498895362722745,-0.958148402081783,-0.669643215698942,-1.22787390833615
"300",1997-12-15,0.0132907791725972,-1.01791318763793,-0.0799283956292436,-0.754894871313184
"301",1998-01-15,0.0715926047179671,0.332322026805928,-2.08971357555955,-0.800172037290221
"302",1998-02-15,0.149894430263337,-0.167442758750216,-0.192598755489847,-1.85303063826726
"303",1998-03-15,0.138196255808707,0.812792455693639,-0.264083935420148,-1.69406563224429
"304",1998-04-15,0.126498081354076,-0.736972329862505,-0.0478691153504495,-1.62267001322133
"305",1998-05-15,0.194799906899446,-1.37673711541865,0.418345704719249,-0.508592799198367
"306",1998-06-15,0.413101732444816,-2.77650190097479,-0.721239475211052,-0.877120601175403
"307",1998-07-15,0.331403557990186,-0.536266686530938,-0.222524655141354,-0.66303088615244
"308",1998-08-15,0.459705383535556,-0.0760314720870821,0.639190164928345,-0.407901564129476
"309",1998-09-15,0.208007209080925,-2.05579625764323,-1.06129501500196,-0.368549508106513
"310",1998-10-15,0.236309034626295,-0.345561043199371,0.282619805067742,-0.20149292508355
"311",1998-11-15,0.244610860171665,-0.335325828755515,-1.46136537486256,0.0532851509394139
"312",1998-12-15,0.222912685717035,0.814909385688341,1.34114944520714,1.13604114796238
"313",1999-01-15,-0.0187854887375953,0.715144600132196,0.0977642652768373,0.734205884985341
"314",1999-02-15,-0.0704836631922255,0.235379814576052,0.469279085346536,1.3940194260083
"315",1999-03-15,-0.0721818376468558,0.175615029019908,-1.50470609458377,0.674009382031268
"316",1999-04-15,0.0361199878985141,-1.00414975653624,0.271008725485933,1.12759209305423
"317",1999-05-15,0.194421813443884,0.866085457907619,0.212223545555631,1.31608235407719
"318",1999-06-15,0.152723638989254,1.06632067235148,0.69303836562533,1.43677411510016
"319",1999-07-15,0.111025464534623,-0.953444113204669,-0.0162468143049715,0.867156096123122
"320",1999-08-15,0.259327290079993,0.336791101239186,-0.686631994235273,0.121726885146085
"321",1999-09-15,0.187629115625363,0.307026315683042,0.0442828258344256,0.486965055169049
"322",1999-10-15,-0.0140690588292671,0.147261530126898,-0.0209023540958759,0.942721468192012
"323",1999-11-15,-0.145767233283897,0.597496744570754,0.595512465973823,0.180006034214976
"324",1999-12-15,-0.0174654077385276,1.55773195901461,1.02742728604352,-0.830821201762061
"325",2000-01-15,-0.159163582193158,0.547967173458465,1.25424210611322,0.136674956260903
"326",2000-02-15,-0.100861756647788,1.64820238790232,1.05955692618292,0.136109230283866
"327",2000-03-15,0.0874400688975818,0.718437602346176,-0.467928253747383,0.16231710930683
"328",2000-04-15,-0.0242581055570483,-0.0813271832099681,-0.295313433677685,0.0883347893297932
"329",2000-05-15,0.0440437199883215,1.52890803123389,0.952001386392014,0.755764547352757
"330",2000-06-15,-0.137654454466309,-0.0808567543222567,0.568716206461712,0.20593897637572
"331",2000-07-15,-0.0793526289209389,-1.0806215398784,-0.667068973468589,0.0223231583986836
"332",2000-08-15,-0.0610508033755691,-0.340386325434545,0.125945846601109,0.843086592421647
"333",2000-09-15,-0.0327489778301993,-0.26015111099069,0.376660666670808,0.204560694444611
"334",2000-10-15,-0.0844471522848295,0.870084103453166,0.298275486740506,0.990820989467574
"335",2000-11-15,-0.0561453267394597,-0.969680682102978,-1.60030969318979,0.814371599490538
"336",2000-12-15,-0.21784350119409,-0.629445467659122,-2.3734948731201,0.283295658513501
"337",2001-01-15,-0.20954167564872,0.200789746784733,-0.978180053050398,-0.918181387463536
"338",2001-02-15,-0.0612398501033503,0.401024961228589,-0.642065232980699,-1.05094312344057
"339",2001-03-15,-0.0429380245579805,-1.30873982432756,-1.706450412911,-0.101972636417609
"340",2001-04-15,-0.144636199012611,-0.0485046098836997,0.885764407158698,-0.105588268394645
"341",2001-05-15,-0.136334373467241,-0.068269395439844,0.431479227228396,-0.506648607371682
"342",2001-06-15,0.0219674520781289,-0.248034180995988,-0.0361059527019053,0.0560084746512819
"343",2001-07-15,0.000269277623498654,-0.297798966552133,-0.0520911326322067,0.0644185626742453
"344",2001-08-15,0.148571103168869,-0.117563752108277,0.499123687437492,-1.09601400630279
"345",2001-09-15,0.216872928714238,-0.697328537664421,-0.72826149249281,-0.446598194279828
"346",2001-10-15,0.165174754259608,-0.287093323220565,0.685553327576889,0.301525898743136
"347",2001-11-15,0.0934765798049779,0.58314189122329,0.796368147646587,0.636727232766099
"348",2001-12-15,0.201778405350348,-0.876622894332854,-1.34491703228371,1.76940940678906
"349",2002-01-15,0.270080230895717,0.393612320111002,1.35849778778598,1.12046664581203
"350",2002-02-15,0.128382056441087,1.05384753455486,1.28041260785568,0.65823738283499
"351",2002-03-15,0.116683881986457,0.644082748998713,0.878627427925382,0.940987518857953
"352",2002-04-15,-0.0150142924681732,1.13431796344257,0.72474224799508,0.655242305880917
"353",2002-05-15,-0.226712466922803,-0.265446822113576,0.377457068064779,1.25518570390388
"354",2002-06-15,-0.308410641377434,0.33478839233028,0.548471888134477,0.842099525926844
"355",2002-07-15,-0.340108815832064,0.575023606774136,0.303086708204176,1.43766673894981
"356",2002-08-15,-0.101806990286694,0.335258821217992,-0.253298471726126,0.61822229897277
"357",2002-09-15,-0.0635051647413241,-0.744505964338153,-0.0677836516564273,-0.376545858004266
"358",2002-10-15,0.0247966608040456,-2.3242707498943,-1.51386883158673,1.0091967650187
"359",2002-11-15,-0.0169015136505845,-0.224035535450441,-1.45075401151703,0.897858078041661
"360",2002-12-15,-0.118599688105215,-0.983800321006586,-1.61803919144733,1.15280571006462
"361",2003-01-15,-0.0802978625598449,0.11643489343727,-0.497924371377633,0.418976062087588
"362",2003-02-15,-0.141996037014475,0.576670107881126,0.101290448692065,-0.159970817889449
"363",2003-03-15,-0.0236942114691053,0.276905322324981,0.906205268761764,-0.442483723866485
"364",2003-04-15,-0.115392385923736,-0.222859463231163,-0.205179911168538,-0.461619792843522
"365",2003-05-15,-0.0670905603783657,-0.0326242487873071,0.989334908901161,-0.490027319820558
"366",2003-06-15,-0.0787887348329959,-0.112389034343451,-0.12975027102914,-0.295300705797594
"367",2003-07-15,0.0795130907123738,0.0878461801004043,0.047364549040558,-0.209275459774631
"368",2003-08-15,0.277814916257744,-0.11191860545574,-0.308620630889743,-0.331660225751668
"369",2003-09-15,0.316116741803114,-0.0316833910118843,0.438094189179955,-0.433038249728704
"370",2003-10-15,0.444418567348483,-1.30144817656803,-0.698590990750346,0.0728414892942593
"371",2003-11-15,0.162720392893853,0.818787037875827,0.613323829319352,-0.717366808682777
"372",2003-12-15,0.181022218439223,0.599022252319683,0.235838649389051,-0.310267983659814
"373",2004-01-15,0.159324043984593,-0.330742533236462,-1.71544653054125,-0.31876149263685
"374",2004-02-15,0.107625869529963,-0.180507318792606,-1.55843171047155,-0.664613750613887
"375",2004-03-15,0.0359276950753323,0.97972789565125,0.287883109598146,-0.826988474590923
"376",2004-04-15,0.00422952062070209,1.10996311009511,-0.439902070332155,-0.93669380456796
"377",2004-05-15,-0.187468653833928,0.150198324538961,-0.125087250262457,-0.393752431544996
"378",2004-06-15,-0.0591668282885583,-0.929566461017183,-0.266972430192758,-0.512234222522033
"379",2004-07-15,0.00913499725681149,1.09066875342667,-0.23185761012306,-0.877249407499069
"380",2004-08-15,0.0974368228021813,-0.519096032129472,-0.751842790053361,-1.10167983347611
"381",2004-09-15,0.0757386483475511,0.341139182314384,0.823072030016337,-0.740166215453142
"382",2004-10-15,0.194040473892921,-1.13862560324176,-0.547613149913964,-0.868572099430179
"383",2004-11-15,0.152342299438291,0.691609611202095,0.645801670155735,-1.34481388540722
"384",2004-12-15,0.140644124983661,1.17184482564595,1.19731649022543,-0.960820679384252
"385",2005-01-15,0.10894595052903,1.48208004008981,0.323131310295132,-0.970003946361288
"386",2005-02-15,-0.0627522239255999,-0.0976847454663374,-1.30395386963517,-0.860016377338325
"387",2005-03-15,0.0955496016197698,-1.86744953102248,-1.38153904956547,-0.859582300315362
"388",2005-04-15,0.23385142716514,-0.337214316578626,-0.0801242294957728,-0.698098579292398
"389",2005-05-15,0.16215325271051,-1.28697910213477,-0.797609409426074,-1.31498582326943
"390",2005-06-15,0.210455078255879,-0.0867438876909146,-0.417694589356376,-0.754455979246471
"391",2005-07-15,0.358756903801249,-0.546508673247059,-0.0649797692866772,-0.605236701223507
"392",2005-08-15,0.357058729346619,0.333726541196797,-0.0089649492169787,-0.379529518200544
"393",2005-09-15,0.345360554891989,0.593961755640652,0.76704987085272,-0.230968615177581
"394",2005-10-15,0.243662380437358,-1.01580302991549,-0.00583530907758163,-0.851976869154617
"395",2005-11-15,0.131964205982728,-0.345567815471636,0.191779510992117,-0.837397860131654
"396",2005-12-15,0.120266031528098,-0.47533260102778,-2.14010566893818,-0.70843888610869
"397",2006-01-15,0.0885678570734679,1.23000261341608,-0.206990848868486,-0.299065896085727
"398",2006-02-15,-0.0431303173811624,-0.545462172140069,-0.192576028798788,0.0860326619372368
"399",2006-03-15,-0.124828491835792,-1.31252695769621,-1.64086120872909,-0.5077647390398
"400",2006-04-15,0.0634733337095773,1.20090825674764,0.10095361134061,-0.0850597430168362
"401",2006-05-15,0.121775159254947,-1.1785565288085,0.118168431410308,0.0754153630061273
"402",2006-06-15,0.190076984800317,0.807278685635354,1.03288325148001,-0.343070044970909
"403",2006-07-15,0.228378810345687,0.868713900079209,0.0644980715497051,-0.596310092947946
"404",2006-08-15,0.286680635891056,-1.75985088547693,-0.303687108380596,-0.311315918924982
"405",2006-09-15,0.224982461436426,-1.65511567103308,0.567727711689102,-0.812126290902019
"406",2006-10-15,0.263284286981796,-2.27688045658922,-1.0681574682412,-1.42195336987906
"407",2006-11-15,0.251586112527166,0.404054757854632,0.481957351828499,-1.18313199785609
"408",2006-12-15,0.0898879380725357,1.30408997229849,2.2420721718982,-1.43529175983313
"409",2007-01-15,0.188189763617906,0.190425186742344,1.9938869919679,-1.65712840481016
"410",2007-02-15,0.106491589163275,-0.502039598813801,-1.34709818796241,-1.1697386667872
"411",2007-03-15,0.00479341470864508,1.41069561563005,1.14161663210729,-1.41845462076424
"412",2007-04-15,-0.0269047597459851,0.137830830073911,0.503531452176992,-1.73084941774127
"413",2007-05-15,-0.0686029342006154,0.632466044517766,0.852646272246691,-1.60595330371831
"414",2007-06-15,-0.140301108655245,-1.33749874103838,-0.596338907683611,-1.47126066069535
"415",2007-07-15,-0.161999283109876,-0.610263526594522,-0.438124087613912,-1.31326721967238
"416",2007-08-15,-0.233697457564506,-0.169628312150666,-0.0756092675442139,-0.96925918464942
"417",2007-09-15,-0.0353956320191361,0.690906902293189,0.136705552525485,-1.14929996762646
"418",2007-10-15,0.132906193526234,0.416342116737045,0.341020372595183,-1.40704867360349
"419",2007-11-15,0.111208019071604,0.545677331180901,-0.561464807335118,-1.96559280658053
"420",2007-12-15,0.0195098446169733,0.313912545624756,0.77805001273458,-0.799861460557567
"421",2008-01-15,-0.00218832983765693,0.860647760068612,0.775664832804279,-0.370873814534603
"422",2008-02-15,0.0861134957077129,0.705382974512468,0.894479652873977,-0.51980046351164
"423",2008-03-15,0.0544153212530827,0.0471181889563235,0.541694472943676,0.785066852511324
"424",2008-04-15,-0.137282853201547,-1.09424659659982,-0.499190706986626,-0.306048140465713
"425",2008-05-15,0.00101897234382231,-1.75651138215597,-1.24917588691693,0.308651889557251
"426",2008-06-15,0.149320797889192,-1.41777616771211,-0.134561066847229,-0.343214648419786
"427",2008-07-15,0.0676226234345619,-1.30214095326825,-0.52494624677753,-0.551539947396822
"428",2008-08-15,0.0459244489799317,-1.1880057388244,-0.125831426707832,-0.892288904373859
"429",2008-09-15,0.0342262745253015,0.989329475619458,-0.372216606638133,-1.0959743853509
"430",2008-10-15,0.0525281000706713,-0.0707353099366866,1.62989821343157,-0.675191394327932
"431",2008-11-15,-0.0491700743839589,-0.347000095492831,0.0460130335012641,-0.629709869304968
"432",2008-12-15,-0.120868248838589,-0.303364881048975,0.601327853570963,-0.165711488282005
"433",2009-01-15,-0.212566423293219,-0.0341296666051195,0.752942673640661,-0.615918096259041
"434",2009-02-15,-0.454264597747849,0.0301055478387362,-0.71934250628964,-0.200093529236078
"435",2009-03-15,-0.42596277220248,0.546140762282592,0.0739723137800582,-0.0584178912131144
"436",2009-04-15,-0.36766094665711,-0.230324023273552,0.924887133849757,-0.377326164190151
"437",2009-05-15,-0.34935912111174,1.6570111911703,1.14580195391946,-0.128104354167187
"438",2009-06-15,-0.10105729556637,-1.23285359438584,-1.39888322601085,-0.467091875144224
"439",2009-07-15,-0.00275547002100046,-2.17811837994198,-1.40436840594115,0.0599528268787396
"440",2009-08-15,-0.0644536444756307,-0.21878316549813,-0.102453585871449,0.398977916901703
"441",2009-09-15,-0.106151818930261,1.48415204894573,0.825461234198249,0.928613198924667
"442",2009-10-15,0.0921500066151089,-1.05671273661042,-1.58922394573205,0.57138498594763
"443",2009-11-15,-0.00954816783952128,-0.0490775221665625,0.409290874337646,0.160778209970594
"444",2009-12-15,0.0187536577058485,-1.94974230772271,-3.46269430559266,0.256013818993557
"445",2010-01-15,-0.0829445167487817,-1.13240709327885,-2.63697948552296,0.71081357401652
"446",2010-02-15,-0.0446426912034119,-2.008071878835,-4.31616466545326,0.046212917039484
"447",2010-03-15,0.0436591343419579,-0.90643666439114,-0.482849845383559,-0.729487061937553
"448",2010-04-15,0.221960959887328,-0.743001449947284,-0.325535025313861,-0.000163717914589134
"449",2010-05-15,0.270262785432697,-1.50986623550343,-0.969920205244162,-0.144082891891626
"450",2010-06-15,0.398564610978067,-0.838631021059573,-0.0646053851744638,-0.231884656868662
"451",2010-07-15,0.346866436523437,-0.447395806615717,0.383409434895235,-0.149552087845699
"452",2010-08-15,0.425168262068807,-1.24486059217186,-0.168775745035067,-0.497404867822735
"453",2010-09-15,0.183470087614177,-0.816725377728006,-0.917060924965368,-0.244611881799772
"454",2010-10-15,0.111771913159546,-0.94999016328415,-0.51974610489567,-0.705983975776808
"455",2010-11-15,0.140073738704916,-1.63725494884029,-0.428731284825971,-1.01019567075384
"456",2010-12-15,-0.0616244357497138,-1.86841973439644,-2.68431646475627,-0.879939029730881
"457",2011-01-15,-0.0733226102043441,-0.897784519952583,-1.73670164468657,-1.05201681170792
"458",2011-02-15,-0.135020784658974,0.680450694491273,1.52151317538312,-0.881883874684954
"459",2011-03-15,-0.196718959113605,0.592385908935129,1.36992799545282,-0.975134421661991
"460",2011-04-15,-0.0984171335682347,2.45722112337898,2.22034281552252,-0.755670415639027
"461",2011-05-15,-0.0901153080228649,-0.0823436621771599,-0.08984236440778,-1.03345512961606
"462",2011-06-15,-0.00181348247749502,-1.2993084477333,-0.912827544338081,-0.4899608585931
"463",2011-07-15,-0.123511656932125,-1.53177323328945,-0.526912724268383,-0.843375417570137
"464",2011-08-15,-0.0652098313867555,-1.36683801884559,-1.11819790419868,-1.01210901854717
"465",2011-09-15,-0.0769080058413856,0.516897195598263,0.608816915871014,-0.68140037152421
"466",2011-10-15,-0.0186061802960159,0.374632410042119,0.743631735940713,-0.139425361501246
"467",2011-11-15,-0.180304354750646,1.34156762448597,1.40274655601041,-0.736805009478283
"468",2011-12-15,-0.182002529205276,2.50290283892983,2.16406137608011,-0.439487820455319
"469",2012-01-15,-0.133700703659906,1.15573805337369,-0.276723803850192,-1.11221722743236
"470",2012-02-15,-0.175398878114537,0.402173267817541,-0.0936089837804932,-0.594799484409392
"471",2012-03-15,-0.147097052569167,1.2478084822614,0.979505836289205,0.307850567613571
"472",2012-04-15,-0.108795227023797,0.453543696705253,-0.0924793436410962,0.535465300636535
"473",2012-05-15,-0.0504934014784273,-0.924021088850892,0.110235476428602,0.828171295659498
"474",2012-06-15,0.0578084240669425,-2.54788587440704,-0.730849703501699,0.502131152682461
"475",2012-07-15,0.116110249612312,-1.33825065996318,0.109065116567999,0.0560732697054249
"476",2012-08-15,0.214412075157682,-0.999715445519324,-0.045020063362302,-0.323342346271612
"477",2012-09-15,0.282713900703052,-0.602380231075469,0.712894756707396,-0.375962583248648
"478",2012-10-15,0.231015726248422,-2.07804501663161,-1.5735904232229,-0.00856353622568462
"479",2012-11-15,0.0293175517937916,-0.594009802187757,-0.170475603153206,-0.186715831202721
"480",2012-12-15,0.0176193773391614,0.155025412256098,-1.80876078308351,0.399099596820242
"481",2013-01-15,0.00592120288453113,0.329960626699954,-0.669945963013809,0.384232483843206
"482",2013-02-15,-0.0957769715700991,-0.46820415885619,-1.06813114294411,0.427664337866169
"483",2013-03-15,-0.0974751460247293,-1.62676894441233,-3.24641632287441,0.0518857728891328
"484",2013-04-15,-0.16917332047936,0.672366270031521,0.260898497195286,-0.106559410087904
"485",2013-05-15,-0.17087149493399,0.554701484475377,0.432413317264985,-0.17361371806494
"486",2013-06-15,-0.21256966938862,0.506636698919233,0.486828137334683,-0.592731010041977
"487",2013-07-15,-0.0142678438432501,0.658271913363088,-0.0732570425956182,-0.580401337019013
"488",2013-08-15,-0.0459660182978803,0.956507127806944,0.0917577774740804,-0.27838142699605
"489",2013-09-15,0.0623358072474894,0.2271423422508,-0.523627402456221,0.0964160970269137
"490",2013-10-15,0.230637632792859,-1.29332244330534,0.199787417613477,0.135728664049877
"491",2013-11-15,0.0189394583382291,0.887812771138511,1.96570223768318,0.277449462072841
"492",2013-12-15,-0.152758716116401,0.932947985582367,1.41131705775287,0.130290610095804
"493",2014-01-15,-0.224456890571031,0.277783200026223,-1.03266812217743,-0.0747250788812324
"494",2014-02-15,-0.286155065025661,1.32291841447008,-0.0203533021077285,0.878116160141731
"495",2014-03-15,-0.357853239480292,0.786253628913934,1.14136151796197,0.523423833164694
"496",2014-04-15,-0.359551413934922,0.29338884335779,0.907276338031669,0.413032563187658
"497",2014-05-15,-0.361249588389552,-0.934075942198355,0.399191158101367,0.244012491210622
"498",2014-06-15,-0.272947762844182,-0.981440727754499,-0.572694021828934,0.400301915233585
"499",2014-07-15,-0.0846459372988125,0.164294486689357,-0.554479201759236,0.330722423256548
"500",2014-08-15,0.0236558882465573,-1.69237029886679,-0.437364381689537,0.443718603279512
"501",2014-09-15,0.0319577137919271,1.60566491557707,0.0357504383801613,0.410392628302476
"502",2014-10-15,0.150259539337297,-1.28099986997908,-1.20083474155014,0.173709287325439
"503",2014-11-15,-0.0714386351173333,0.66783534446478,-0.597019921480442,0.0795122603484024
"504",2014-12-15,-0.0831368095719635,1.84757055890864,0.345894898589257,0.643894857371366
"505",2015-01-15,-0.164834984026594,1.77900577335249,1.02430971865896,1.03707555939433
"506",2015-02-15,-0.266533158481224,1.31334098779635,0.975024538728654,1.21263667041729
"507",2015-03-15,-0.318231332935854,1.4404762022402,1.76953935879835,0.697178687440256
"508",2015-04-15,-0.289929507390484,0.716311416684058,1.14755417886805,0.37961830746322
"509",2015-05-15,-0.171627681845115,0.136746631127914,0.69436899893775,0.106255883486183
"510",2015-06-15,-0.183325856299745,-0.0753181544282306,0.358283819007448,-0.115692359490853
"511",2015-07-15,-0.195024030754375,-3.18728293998437,-1.17690136092285,0.19186386553211
"512",2015-08-15,-0.106722205209005,-0.768447725540519,-0.758286540853155,-0.290804496444926
"513",2015-09-15,0.121579620336365,-0.656312511096663,-0.234071720783456,1.17439779257804
"514",2015-10-15,0.129881445881734,0.429622703347192,-0.319956900713758,0.834489374601001
"515",2015-11-15,0.0381832714271043,1.73645791779105,1.87485791935594,0.989624673623964
"516",2015-12-15,0.00648509697247412,2.2364931322349,1.37367273942564,0.00564356264692767
"517",2016-01-15,0.124786922517844,0.109628346678759,-1.51941244050466,0.678354070669891
"518",2016-02-15,0.0430887480632137,1.57366356112262,-0.0944976204349637,1.34923653969285
"519",2016-03-15,0.0113905736085835,0.727998775566471,0.208917199634735,0.735322889715818
"520",2016-04-15,-0.0703076008460467,0.368933990010326,-1.12266798029557,0.692539896738782
"521",2016-05-15,0.0279942246993231,-0.779530795545818,-0.107553160225868,0.134907106761745
"522",2016-06-15,0.046296050244693,-0.438195581101962,0.24076165984383,0.642684274784709
"523",2016-07-15,0.0745978757900628,-1.76576036665811,0.012376479913529,0.966107433807672
"524",2016-08-15,0.172899701335433,-1.65052515221425,0.399691299983227,1.32751812883064
"525",2016-09-15,0.171201526880802,0.606010062229605,0.708006120052926,1.1293029828536
"526",2016-10-15,0.159503352426172,0.406545276673461,-1.99057905987738,0.800922471876563
"527",2016-11-15,0.147805177971542,-0.168219508882684,-0.684464239807677,-0.061322230100474
"528",2016-12-15,0.106107003516912,0.474015705561172,1.71255058026202,-0.107346964077511
"529",2017-01-15,0.124408829062281,0.474150920005028,0.86786540033172,0.195945428945453
"530",2017-02-15,0.0727106546076512,1.00098613444888,0.265480220401419,0.0428664249684164
"531",2017-03-15,-0.0489875198469789,0.733421348892739,1.29069504047112,0.45649818899138
"532",2017-04-15,0.0693143056983909,1.72915656333659,-0.163690139459184,-0.0575673139856566
"533",2017-05-15,-0.00238386875623919,-1.91410822221955,-0.805375319389486,-0.417582353962693
"534",2017-06-15,0.0459179567891306,0.0421269922243062,0.326139500680213,-0.12859893493973
"535",2017-07-15,0.1242197823345,1.25296220666816,0.558354320749911,0.771789130083234
"536",2017-08-15,0.12252160787987,-1.10010257888798,0.0738691408196099,0.386846711106197
"537",2017-09-15,0.14082343342524,-0.614867364444127,-0.568816039110692,0.154758230129161
"538",2017-10-15,0.24912525897061,0.183967849999729,0.613598780959007,0.160643717152124
"539",2017-11-15,0.27742708451598,-0.00659693555641526,-0.154586398971295,0.204247491175088
"540",2017-12-15,0.245728910061349,0.880138278887441,-0.136271578901596,0.138436288198051
"541",2018-01-15,0.0440307356067192,1.4410734933313,-0.358356758831897,0.469192926221015
"542",2018-02-15,-0.147667438847911,1.57680870777515,0.0348580612378011,1.08560047624398
"543",2018-03-15,-0.229365613302541,-0.927656077780992,-1.0192271186925,0.826145292266942
"544",2018-04-15,-0.271063787757171,1.24057913666286,0.465487701377198,0.799054485289905
"545",2018-05-15,-0.312761962211802,2.12051435110672,1.1009025214469,0.478076965312868
"546",2018-06-15,-0.394460136666432,1.08794956555057,0.300917341516595,0.237062871335832
"547",2018-07-15,-0.256158311121062,1.38948477999443,0.532532161586294,0.00822113235879551
"548",2018-08-15,-0.107856485575692,1.96741999443829,0.756546981655992,-0.148433920618241
"549",2018-09-15,-0.0395546600303225,1.67425520888214,0.504661801725691,0.122775905404723
"550",2018-10-15,-0.101252834484953,0.935390423325997,0.332676621795389,0.458680877427686
"551",2018-11-15,-0.272951008939583,-0.110174362230147,-1.19660855813491,0.40695550345065
"552",2018-12-15,-0.284649183394213,0.612960852213709,0.0290062619347864,0.324850852473613
"553",2019-01-15,-0.196347357848843,0.593596066657564,-0.794178917995515,0.0181672654965765
"554",2019-02-15,-0.158045532303474,0.29323128110142,1.06823590207418,0.88970115051954
"555",2019-03-15,-0.199743706758104,1.23416649554528,2.03455072214388,0.798804764542503
"556",2019-04-15,-0.261441881212734,0.468301709989132,-0.33713445778642,0.418474203565467
"557",2019-05-15,-0.293140055667364,-2.62046307556701,-1.31341963771672,0.74732938258843
"558",2019-06-15,-0.0848382301219943,-1.08582786112316,-0.683704817647022,0.354302232611394
"559",2019-07-15,-0.0165364045766244,-1.4224926466793,-0.972389997577324,0.874921489634357
"560",2019-08-15,0.0717654209687453,-1.16515743223545,-0.804775177507625,1.01176659065732
"561",2019-09-15,0.0200672465141151,-0.16062221779159,0.222939642562073,1.06177806068028
"562",2019-10-15,-0.011630927940515,-1.40968700334773,-0.165745537368228,0.559138896703248
"563",2019-11-15,-0.0433291023951452,0.282448211096122,-1.27723071729853,0.926561250726211
"564",2019-12-15,-0.0850272768497755,1.20578342553998,0.327984102771169,1.08441136474917
"565",2020-01-15,0.0432745486955942,1.34761863998383,2.33459892284087,0.617962574772138
"566",2020-02-15,0.171576374240964,1.26165385442769,3.33251374291057,0.511782787795102
"567",2020-03-15,0.149878199786334,1.01748906887154,2.55642856298026,0.791487135818065
"568",2020-04-15,0.178180025331704,-1.0172757166846,0.842843383049963,0.0991215918410286
"569",2020-05-15,-0.0335181491229265,-0.404440502240744,-0.112641796880339,0.363994846863992
"570",2020-06-15,0.0247836764224433,-0.141305287796889,-0.20762697681064,0.0425002718869557
"571",2020-07-15,0.143085501967813,-1.22037007335303,-0.497912156740942,-0.0212383000900809
"572",2020-08-15,0.181387327513183,0.127765141090823,-0.467597336671243,0.0640415359328826
"573",2020-09-15,0.0196891530585528,0.991300355534679,0.544717483398455,0.665365970955846
"574",2020-10-15,0.0479909786039225,-0.648164430021466,-0.158667696531846,0.66975695897881
"575",2020-11-15,-0.0337071958507076,2.55127078442239,1.99914712353785,0.308001490001773
"576",2020-12-15,-0.0654053703053378,-0.295394001133754,-1.82353805639245,0.282431682024737
"577",2021-01-15,-0.067103544759968,-1.1014587866899,-2.57142323632275,0.4951786730477
"578",2021-02-15,-0.118801719214598,0.143576427753957,-1.27880841625305,0.670850177070664
"579",2021-03-15,-0.220499893669229,0.737611642197813,2.02080640381665,0.503832687093627
"580",2021-04-15,-0.0921980681238587,-1.41715314335833,-0.293078776113655,0.47837080011659
"581",2021-05-15,-0.123896242578489,-1.23041792891448,-0.249563956043956,0.612931012139554
"582",2021-06-15,-0.125594417033119,0.77391728552938,0.755350864025742,0.510804913162518
"583",2021-07-15,-0.0772925914877493,0.0346524999732356,0.540665684095441,0.160241859185481
"584",2021-08-15,-0.0189907659423795,-0.273612285582909,-0.299119495834861,0.220301106208444
"585",2021-09-15,0.11931105960299,-0.204577071139053,-0.341704675765162,0.421776885231408
"586",2021-10-15,0.24761288514836,-2.2805418566952,-0.236189855695464,0.566650529254371
"587",2021-11-15,0.20591471069373,-0.175006642251342,0.002324964374235,0.487244458277335
"588",2021-12-15,0.1042165362391,0.298328572192514,0.107139784443934,-0.353860578699702
"589",2022-01-15,0.12251836178447,1.08786378663637,0.757054604513632,-0.0387974046767382
"590",2022-02-15,0.0708201873298393,1.69329900108023,1.45286942458333,0.318488140346225
"591",2022-03-15,-0.180877987124791,0.778234215524081,0.213384244653029,0.507400891369189
"592",2022-04-15,-0.262576161579421,-0.353830570032063,-0.694700935277272,-0.0429509096078478
"593",2022-05-15,-0.0842743360340512,0.717204644411793,1.13111388479243,0.634970036415116
"594",2022-06-15,-0.145972510488681,-0.106760141144352,-0.166871295137875,0.592022952438079
"595",2022-07-15,-0.187670684943312,-0.0821249267004961,-0.0680564750681767,0.450893493461043
"596",2022-08-15,0.150631140602058,1.48161028774336,-0.263241654998478,0.567153048484006
"597",2022-09-15,0.248932966147428,-1.59855449781278,-0.74872683492878,0.52386758250697
"598",2022-10-15,0.197234791692798,-0.705319283368929,1.25188798514092,0.706057191529933
"599",2022-11-15,0.0955366172381675,0.704615931074927,0.244802805210617,0.483505989552896
"600",2022-12-15,-0.0361615572164627,-0.132948854481218,-2.81358237471968,0.21182508257586
"601",2023-01-15,0.0221402683289071,1.26318635996264,-0.768967554649986,-0.145680719401176
"602",2023-02-15,0.000442093874276961,0.935821574406494,1.50544726541971,0.592414087621787
"603",2023-03-15,0.128743919419647,-1.09544321114965,0.185062085489411,0.0425596426447505
"604",2023-04-15,0.197045744965016,-0.614807996705795,-1.06862309444089,0.649895169667714
"605",2023-05-15,0.325347570510386,0.400227217738061,1.03849172562881,-0.987437604309322
"606",2023-06-15,0.513649396055756,-0.564337567818083,-0.382293454301493,0.120283899713641
"607",2023-07-15,0.691951221601126,-2.16030235337423,-0.250878634231794,-0.720702040263395
"608",2023-08-15,0.610253047146496,-1.14946713893037,-0.698963814162096,-1.18126647724043
"609",2023-09-15,0.668554872691865,-0.426031924486516,0.221151005907603,-1.47155387321747
"610",2023-10-15,0.636856698237235,-2.01419671004266,-0.511134174022699,-0.738613820194505
