"","time","gsi","gsiNorm","gsiInt","gsiDInt"
"1",1973-01-01,-0.039774717,-0.445214429350605,NA,NA
"2",1973-02-01,-0.323729803,-0.789488857833298,-0.617351643591951,-0.617351643591951
"3",1973-03-01,0.044872058,-0.342586508517984,-0.525763265233962,-0.571557454412957
"4",1973-04-01,0.226879421,-0.121916113917385,-0.424801477404818,-0.522638795410244
"5",1973-05-01,-0.078716342,-0.492428254184376,-0.438326832760729,-0.501560804747865
"6",1973-06-01,-0.011649172,-0.411114297294371,-0.433791410183003,-0.488006925834893
"7",1973-07-01,0.2018434,-0.152270427843129,-0.393574126991592,-0.472268126027676
"8",1973-08-01,0.348807107,0.0259121395052967,-0.341138343679481,-0.453535299977934
"9",1973-09-01,-0.231035644,-0.677104082258583,-0.37846787018827,-0.444151871254226
"10",1973-10-01,0.089979583,-0.287896988395623,-0.369410782009006,-0.435847305782535
"11",1973-11-01,-0.198444291,-0.637589490054545,-0.3937906645586,-0.431641641660141
"12",1973-12-01,0.887333058,0.678834813352469,-0.304405208066011,-0.420074693151584
"13",1974-01-01,0.599930433,0.330380500171755,-0.239772297272481,-0.405049493494992
"14",1974-02-01,1.326911129,1.21179053990371,-0.0729990141277305,-0.359686774372974
"15",1974-03-01,0.772942469,0.540144729626433,0.000561922384304296,-0.315826342071452
"16",1974-04-01,1.679917842,1.63978493183592,0.147370342863746,-0.268145357049071
"17",1974-05-01,0.590829609,0.319346427757494,0.215018233025569,-0.213699934900213
"18",1974-06-01,0.887937011,0.679567061458444,0.30590834625497,-0.152058288530382
"19",1974-07-01,0.225309739,-0.123819236629719,0.308279278856088,-0.0935705047097419
"20",1974-08-01,0.205778072,-0.147499930603059,0.293828273013725,-0.0406566199853081
"21",1974-09-01,-0.343215491,-0.813113805687876,0.282494129394617,0.0144235466465992
"22",1974-10-01,-0.930071667,-1.52463328378569,0.179432771445445,0.0601605094344701
"23",1974-11-01,0.957247261,0.763600586065721,0.296198611122134,0.117659615741198
"24",1974-12-01,1.621203607,1.56859828755647,0.3703455673058,0.173888847022182
"25",1975-01-01,0.461178275,0.162153825421543,0.356326677743283,0.223563761606829
"26",1975-02-01,0.089913981,-0.287976525942829,0.231346088922738,0.248925853527702
"27",1975-03-01,0.141241121,-0.225746185088321,0.167521846029842,0.262839180498163
"28",1975-04-01,-0.006116534,-0.404406385095004,-0.00282743038106871,0.250322699394428
"29",1975-05-01,-0.714147336,-1.26284108735877,-0.134676389974091,0.221181480811123
"30",1975-06-01,-0.175212132,-0.609422224678836,-0.242092163818864,0.175514771638304
"31",1975-07-01,-0.016555421,-0.417062759405977,-0.266529124050219,0.127614071396112
"32",1975-08-01,-1.204769075,-1.85768346604189,-0.409044418670122,0.0690413470891245
"33",1975-09-01,-0.282763133,-0.739819816507907,-0.402936586238458,0.0119221207863682
"34",1975-10-01,0.895967953,0.689303981498072,-0.218441814131478,-0.0212340946783754
"35",1975-11-01,-0.044854788,-0.451373637712791,-0.319689666113021,-0.0725581177813049
"36",1975-12-01,0.214492884,-0.136933869037132,-0.461817345829154,-0.141905027209218
"37",1976-01-01,0.273603148,-0.0652670690416525,-0.48076908703442,-0.21166300760736
"38",1976-02-01,0.446572453,0.144445352252762,-0.444733930518121,-0.268003009227431
"39",1976-03-01,0.278620619,-0.0591837585248848,-0.430853728304501,-0.31786764042196
"40",1976-04-01,0.368233717,0.0494654596775797,-0.393031074573453,-0.350384610771325
"41",1976-05-01,0.93563515,0.737397508432417,-0.226344524924187,-0.358023622017167
"42",1976-06-01,1.27192339,1.14512199494311,-0.0801325066223577,-0.344526983917458
"43",1976-07-01,1.004162583,0.820481925633034,0.0229962171308932,-0.320399872152365
"44",1976-08-01,0.70670807,0.459840445653793,0.2161232097722,-0.268302569782171
"45",1976-09-01,0.180746994,-0.177848251508837,0.262954173522123,-0.212811673135456
"46",1976-10-01,0.546010773,0.265006921582353,0.227596085195813,-0.175641848191516
"47",1976-11-01,0.144676255,-0.221581340530434,0.246745443294343,-0.128438922407569
"48",1976-12-01,-0.393718885,-0.874345415766472,0.185294481066898,-0.0745129368328975
"49",1977-01-01,0.497153005,0.205770510669326,0.207880946042813,-0.0171254340764615
"50",1977-02-01,1.327089328,1.21200659294134,0.296844382766861,0.0446727586972871
"51",1977-03-01,0.431595667,0.126287112816763,0.312300288711998,0.106602260115329
"52",1977-04-01,0.659230004,0.402276820828937,0.341701235474611,0.167829952619334
"53",1977-05-01,0.07454842,-0.306606126159221,0.254700932591975,0.207917074079014
"54",1977-06-01,0.601634205,0.332446197038916,0.186977949433292,0.230176278750318
"55",1977-07-01,0.93219868,0.733231044073868,0.179707042636694,0.243235514209135
"56",1977-08-01,-0.00913699,-0.408068463410999,0.107381300214628,0.234173688412671
"57",1977-09-01,0.21850217,-0.132072907869936,0.111195912184537,0.221527166634539
"58",1977-10-01,-1.557586136,-2.28544791902556,-0.101341991199456,0.194115660268266
"59",1977-11-01,-0.309756122,-0.772546808624592,-0.147255780207302,0.161282224976462
"60",1977-12-01,0.206533332,-0.146584234009916,-0.0866090150609224,0.138623600299144
"61",1978-01-01,-0.856492801,-1.43542437966852,-0.22337525592241,0.102685583468709
"62",1978-02-01,-0.943166547,-1.54050985212456,-0.452751626344568,0.0402192493760898
"63",1978-03-01,-0.673394499,-1.21343130264647,-0.564394827633171,-0.0328386769860076
"64",1978-04-01,-0.31388245,-0.777549674514207,-0.6627137022451,-0.116539921795984
"65",1978-05-01,-0.360745556,-0.834367706064006,-0.706693833903832,-0.196656152337301
"66",1978-06-01,-1.332192891,-2.01217536842847,-0.902078964359447,-0.287410895153362
"67",1978-07-01,-1.254284611,-1.91771737174702,-1.12299133234452,-0.395969093068464
"68",1978-08-01,-0.351718069,-0.823422549309321,-1.15760417283605,-0.50138454915602
"69",1978-09-01,-0.295333535,-0.755060494268993,-1.20951980503597,-0.611444192257729
"70",1978-10-01,-0.12947758,-0.553972480941152,-1.0652301851956,-0.691768208424074
"71",1978-11-01,-0.120164216,-0.542680719580163,-1.04607467777523,-0.766669783221402
"72",1978-12-01,0.630037717,0.366883343414598,-1.00328571298986,-0.843059508048813
"73",1979-01-01,0.333676335,0.00756720349382497,-0.883036414392995,-0.898031271254695
"74",1979-02-01,-0.127086057,-0.551072937123761,-0.800583338142928,-0.927017247237892
"75",1979-03-01,-0.34180331,-0.811401641227158,-0.767080866357985,-0.94390775046496
"76",1979-04-01,0.515953823,0.228565104571959,-0.683237968100805,-0.945618105952935
"77",1979-05-01,-0.656681926,-1.19316855053626,-0.713138038473493,-0.946155123000407
"78",1979-06-01,-0.75963971,-1.31799720827844,-0.655289858460991,-0.925589364175536
"79",1979-07-01,-0.891321831,-1.47765198885407,-0.618617743219912,-0.883558231748485
"80",1979-08-01,-0.930499688,-1.52515222742297,-0.677095216396049,-0.843515818711818
"81",1979-09-01,-0.667722075,-1.2065539103158,-0.714719667733283,-0.802282473936595
"82",1979-10-01,0.129296123,-0.240228607000908,-0.688574344904929,-0.770894487245705
"83",1979-11-01,0.23834759,-0.108011811712993,-0.652351935915999,-0.738084258757436
"84",1979-12-01,-0.026788369,-0.429469447991907,-0.718714668533207,-0.714370005052715
"85",1980-01-01,0.526678258,0.241567684601199,-0.699214628440926,-0.699051522890042
"86",1980-02-01,0.010734251,-0.38397606121146,-0.685289888781568,-0.689443735443262
"87",1980-03-01,-0.174863765,-0.608999855593934,-0.668423073312132,-0.681222252689441
"88",1980-04-01,-0.024616278,-0.426835949158795,-0.723039827789695,-0.684539074330182
"89",1980-05-01,-0.337931641,-0.806707530440042,-0.690834742781677,-0.682680466355864
"90",1980-06-01,-0.190439577,-0.627884369514751,-0.633325339551369,-0.680850089780062
"91",1980-07-01,0.401861106,0.0902361684978479,-0.502667993105376,-0.671187610603851
"92",1980-08-01,0.208735128,-0.143914720072999,-0.387564867492878,-0.647060081528587
"93",1980-09-01,-0.032718809,-0.43665966553797,-0.323407013761393,-0.614450693697596
"94",1980-10-01,-0.781194981,-1.34413137163805,-0.415398910814487,-0.591686074190059
"95",1980-11-01,0.192915618,-0.163094699698813,-0.419989151479972,-0.57232250882039
"96",1980-12-01,-0.204432224,-0.644849413588253,-0.437937481946335,-0.548924409938151
"97",1981-01-01,0.137509008,-0.230271094602032,-0.477257380213271,-0.530427972585846
"98",1981-02-01,-0.577652091,-1.09735075180979,-0.536705271096465,-0.518045921112088
"99",1981-03-01,-0.16726946,-0.599792325450951,-0.535937976917883,-0.507005496412567
"100",1981-04-01,-0.737078473,-1.29064338594177,-0.607921929983131,-0.49741233826202
"101",1981-05-01,-0.89108087,-1.47735984155807,-0.6638096225763,-0.495160244911572
"102",1981-06-01,-0.603507968,-1.12869908017569,-0.705544181798044,-0.501178481765461
"103",1981-07-01,-0.840666578,-1.41623626102935,-0.831083550925311,-0.528546444917122
"104",1981-08-01,-0.932884842,-1.52804404930142,-0.946427661694346,-0.575118344433911
"105",1981-09-01,0.188451091,-0.168507606729365,-0.924081656793629,-0.625174564686598
"106",1981-10-01,-1.047948067,-1.66754965416405,-0.951033180337463,-0.669810753813512
"107",1981-11-01,-1.072710278,-1.69757199382376,-1.07890628818121,-0.724720515205282
"108",1981-12-01,-0.672543709,-1.2123997830314,-1.12620215230147,-0.782075904401543
"109",1982-01-01,-0.937792573,-1.53399430822783,-1.23484575343695,-0.84520826883685
"110",1982-02-01,-1.371290084,-2.05957780789509,-1.31503134144406,-0.91006877469915
"111",1982-03-01,-0.21393557,-0.656371513998257,-1.319746273823,-0.975386132774577
"112",1982-04-01,-0.276366706,-0.732064624372499,-1.27319804369223,-1.030825808917
"113",1982-05-01,-0.504501063,-1.00866056945602,-1.23413977101706,-1.07835332128707
"114",1982-06-01,-1.087127754,-1.71505211147188,-1.28300252362508,-1.12647484977265
"115",1982-07-01,-1.004730379,-1.61515142088661,-1.29957878694652,-1.16551611944109
"116",1982-08-01,-0.072263744,-0.484604958888026,-1.21262552941207,-1.18769927508423
"117",1982-09-01,-0.04940501,-0.456890443559049,-1.23665743248121,-1.21374725639153
"118",1982-10-01,-0.305977335,-0.767965310356296,-1.16169207049723,-1.23130216390484
"119",1982-11-01,0.197442,-0.157606798079948,-1.03336163751858,-1.22750677634962
"120",1982-12-01,0.14501405,-0.221171789209458,-0.95075930470008,-1.2128865390495
"121",1983-01-01,-0.058885446,-0.46838476729751,-0.861958509622553,-1.18181260206497
"122",1983-02-01,-0.058078358,-0.467406233108004,-0.729277545056963,-1.13299978569938
"123",1983-03-01,-0.540642979,-1.0524799552978,-0.762286581831925,-1.08654481136679
"124",1983-04-01,-0.094501596,-0.511566700957272,-0.743911754880656,-1.04243762063249
"125",1983-05-01,0.130453044,-0.238825926310503,-0.679758867951863,-0.996239212043726
"126",1983-06-01,0.106253062,-0.268166605111873,-0.559185075755196,-0.935921091387902
"127",1983-07-01,-0.49303113,-0.994754128532787,-0.507485301392377,-0.869913300925057
"128",1983-08-01,-0.814530466,-1.38454816856264,-0.582480568865261,-0.81740122087949
"129",1983-09-01,-0.701629579,-1.2476642377458,-0.648378385047491,-0.768377966926681
"130",1983-10-01,-0.749745154,-1.3060007948316,-0.693214675420433,-0.729338184003614
"131",1983-11-01,0.150452265,-0.214578357876831,-0.697962305403506,-0.701388239660692
"132",1983-12-01,-0.202755407,-0.64281639765437,-0.733099356107249,-0.683249910611289
"133",1984-01-01,-0.888877277,-1.47468814889226,-0.816957971240145,-0.679499865746089
"134",1984-02-01,-0.139239945,-0.56580862262947,-0.825158170366934,-0.687489917855253
"135",1984-03-01,0.344401142,0.0205702345454054,-0.735737321213334,-0.68527747947037
"136",1984-04-01,0.669097837,0.414240834625252,-0.658586693248124,-0.67816705766766
"137",1984-05-01,-0.137820301,-0.564087409836159,-0.685691816875262,-0.678661470077943
"138",1984-06-01,0.506431423,0.217019902603702,-0.645259607898964,-0.68583434775659
"139",1984-07-01,0.371281055,0.0531601304197815,-0.557933419652916,-0.690038357611635
"140",1984-08-01,0.638558995,0.377214759395617,-0.411119842323061,-0.675758297066452
"141",1984-09-01,0.513379315,0.225443705047796,-0.288360847090262,-0.645756835570016
"142",1984-10-01,0.805837231,0.580027182683197,-0.131191848964029,-0.598921600031982
"143",1984-11-01,0.794526783,0.566314105464065,-0.066117477018954,-0.54626786433327
"144",1984-12-01,1.107120868,0.94531119080046,0.0662264886856152,-0.479657377267197
"145",1985-01-01,1.240502416,1.10702640025382,0.281369367781122,-0.388130099015425
"146",1985-02-01,0.32326854,-0.00505147407897269,0.32809913016033,-0.292025323971486
"147",1985-03-01,0.596312755,0.325994334586806,0.353551138497114,-0.201251285662282
"148",1985-04-01,0.391487801,0.0776593074855691,0.32550267790214,-0.119243838066427
"149",1985-05-01,0.054105291,-0.331391900036407,0.344893970385453,-0.0333616891280343
"150",1985-06-01,1.330287928,1.21588465761156,0.428132699969441,0.0560876698609994
"151",1985-07-01,0.869270107,0.656934828323724,0.478447258128103,0.142452726342751
"152",1985-08-01,0.577898538,0.303668465651212,0.472318400316069,0.216072579896012
"153",1985-09-01,0.599825067,0.330252751731174,0.481052487539684,0.280190357781841
"154",1985-10-01,1.129991011,0.973039538693628,0.51380351720722,0.333939971629445
"155",1985-11-01,0.468791453,0.171384237673736,0.480892694891359,0.379524152621971
"156",1985-12-01,-0.115780593,-0.537365902634047,0.357336270438483,0.403783301101376
"157",1986-01-01,0.420429818,0.112749351133568,0.274479849678462,0.403209174592821
"158",1986-02-01,0.323403279,-0.00488811305990178,0.274493463096718,0.398742035670854
"159",1986-03-01,-0.69762922,-1.24281409990235,0.143759426889289,0.381259393036868
"160",1986-04-01,1.121934715,0.96327187881418,0.217560474500007,0.372264209420024
"161",1986-05-01,0.447837596,0.145979244071392,0.257341403175656,0.364968162152541
"162",1986-06-01,0.636954649,0.375269609160701,0.187290149138085,0.344897949583261
"163",1986-07-01,-0.545877906,-1.05882691504577,0.0443100038572943,0.308719845060694
"164",1986-08-01,0.076342166,-0.304431342507016,-0.00636498015589138,0.268829563354697
"165",1986-09-01,-0.515885957,-1.02246390691477,-0.119091368376386,0.218817575361691
"166",1986-10-01,0.164809371,-0.197171434364937,-0.2166089494646,0.157949869805706
"167",1986-11-01,0.658563616,0.401468874927775,-0.19743522969343,0.101422542756974
"168",1986-12-01,-0.175781033,-0.610111974841079,-0.20349740237735,0.0546864033556545
"169",1987-01-01,0.14309229,-0.223501780318266,-0.231518329998336,0.012519888382588
"170",1987-02-01,-1.391951347,-2.08462805302806,-0.404829991662349,-0.0440903995140009
"171",1987-03-01,-1.666798985,-2.41786037798902,-0.502750514836238,-0.0979662279911282
"172",1987-04-01,-0.768874884,-1.3291941700782,-0.693789352243937,-0.173912046886457
"173",1987-05-01,-0.545424968,-1.05827776139867,-0.794144102699775,-0.261535839042743
"174",1987-06-01,-0.558497912,-1.07412773396858,-0.914927214627215,-0.353387286023184
"175",1987-07-01,-0.44665519,-0.938526749535083,-0.904902200834658,-0.432488303080847
"176",1987-08-01,-0.522071261,-1.02996312811058,-0.965363182968289,-0.51240481998188
"177",1987-09-01,-0.618462476,-1.14683030919315,-0.975727049824821,-0.58379112676925
"178",1987-10-01,0.105869315,-0.268631869816119,-0.98168208611242,-0.647547221489902
"179",1987-11-01,-0.770763569,-1.33148406020877,-1.12609483070713,-0.724935521574377
"180",1987-12-01,-1.41413301,-2.1115216701127,-1.2512123053131,-0.812245096819023
"181",1988-01-01,-0.423788898,-0.910803070693076,-1.30848741284434,-0.901992520389523
"182",1988-02-01,-0.61366857,-1.14101805461585,-1.22985324630998,-0.970744458276826
"183",1988-03-01,-1.290096276,-1.96113635280689,-1.19179291087814,-1.02816465794698
"184",1988-04-01,-1.395711705,-2.08918720750413,-1.25512566399697,-1.0749426839264
"185",1988-05-01,-0.623628901,-1.15309421535954,-1.26302703516037,-1.11401626163145
"186",1988-06-01,-0.665758982,-1.20417380601778,-1.27386420783114,-1.14392767773178
"187",1988-07-01,-1.117002609,-1.75127315183433,-1.34159307468941,-1.18031858388634
"188",1988-08-01,-0.228800073,-0.674393618645484,-1.31196228223399,-1.20920184215848
"189",1988-09-01,0.596250197,0.325918487663264,-1.18923321582929,-1.22699402265886
"190",1988-10-01,-0.123597163,-0.546842912563163,-1.21241746939154,-1.24622197126545
"191",1988-11-01,-0.411347162,-0.895718390890114,-1.17610366361498,-1.25038937400777
"192",1988-12-01,-1.577116719,-2.30912729872949,-1.19257079933305,-1.24550258184277
"193",1989-01-01,-1.489837415,-2.20330763222432,-1.30027951279399,-1.2448185901719
"194",1989-02-01,-1.350071485,-2.03385183430246,-1.37468232776787,-1.25688768029339
"195",1989-03-01,-1.376548487,-2.06595323054751,-1.38341706757959,-1.27285636001852
"196",1989-04-01,-0.245071156,-0.694121096957387,-1.26716155836736,-1.27385935121605
"197",1989-05-01,-0.746379599,-1.30192030963771,-1.27956373289054,-1.27523740936023
"198",1989-06-01,-0.880916985,-1.4650368867245,-1.30130232294943,-1.27752391895342
"199",1989-07-01,-1.280968377,-1.95006945396827,-1.3178686814606,-1.27554688618435
"200",1989-08-01,-0.073620954,-0.486250475098575,-1.30219008616502,-1.27473253651194
"201",1989-09-01,-0.774419614,-1.33591674292847,-1.440676355381,-1.29568613147458
"202",1989-10-01,-1.103424297,-1.73481045814072,-1.5396736508458,-1.3229574799291
"203",1989-11-01,-1.035824184,-1.65285034748984,-1.60276798056244,-1.35851283967472
"204",1989-12-01,-0.61546302,-1.14319369181571,-1.50560684665296,-1.38459917695138
"205",1990-01-01,-0.17656345,-0.611060597277482,-1.37291959374072,-1.39065251703028
"206",1990-02-01,-0.775290901,-1.336973113632,-1.31484636701818,-1.3856661869678
"207",1990-03-01,0.422368605,0.115099986213845,-1.13309193228807,-1.36480575902684
"208",1990-04-01,0.779346463,0.547909096186702,-1.02958941619273,-1.34500808051229
"209",1990-05-01,-0.28798528,-0.746151281456126,-0.98327533051093,-1.32031738031399
"210",1990-06-01,-1.078368442,-1.70443209696472,-1.00322493136428,-1.29547759768189
"211",1990-07-01,-0.405658878,-0.888821769488702,-0.914787624324318,-1.2618875095872
"212",1990-08-01,1.284002842,1.15976743233346,-0.777619465371648,-1.21817329118776
"213",1990-09-01,-0.702562291,-1.24879508169462,-0.770359326935494,-1.1623135388173
"214",1990-10-01,-0.338022682,-0.806817910883249,-0.693026614664037,-1.09175961913548
"215",1990-11-01,0.20370608,-0.150012066841466,-0.567790091276673,-1.005511461695
"216",1990-12-01,1.091886172,0.926840254666189,-0.395287262403181,-0.912984829674189
"217",1991-01-01,0.415506804,0.106780562706013,-0.33546716573789,-0.826530460673953
"218",1991-02-01,1.459544937,1.37259917020478,-0.109669475418158,-0.726099053040618
"219",1991-03-01,1.002769277,0.818792645706379,-0.0510284204604466,-0.635927093721649
"220",1991-04-01,0.993679083,0.807771461376732,-0.0293732233612775,-0.552575744319028
"221",1991-05-01,1.652943895,1.60708102672838,0.166729468987431,-0.456742011027498
"222",1991-06-01,0.857573105,0.642753083121559,0.362328233994622,-0.342945913914256
"223",1991-07-01,0.928713458,0.729005471540241,0.497147170747034,-0.225284680991643
"224",1991-08-01,-0.058255811,-0.467621381676104,0.361531436246236,-0.130355439190153
"225",1991-09-01,-1.116445067,-1.750597173615,0.319714595252872,-0.0395159456744557
"226",1991-10-01,1.148701798,0.995724976702956,0.469926502551722,0.0573968140935242
"227",1991-11-01,1.097243844,0.933336033600036,0.560205510921847,0.151396447610068
"228",1991-12-01,0.587806804,0.315681501453657,0.509275614820803,0.226776687378733
"229",1992-01-01,1.546258436,1.47773284021751,0.623521637946761,0.30669242101912
"230",1992-02-01,0.718716635,0.474399937827397,0.548671701915312,0.36155418579691
"231",1992-03-01,0.263936634,-0.0769869985194079,0.47402339822983,0.405308504021099
"232",1992-04-01,-0.348812765,-0.819900084231275,0.338384102762496,0.435954947864747
"233",1992-05-01,0.20054656,-0.15384274991745,0.191640454708677,0.438030863341518
"234",1992-06-01,0.497411789,0.206084267027613,0.155251386700848,0.42077445940037
"235",1992-07-01,0.386163177,0.0712035967944592,0.100434563805366,0.387715075488564
"236",1992-08-01,0.066438855,-0.316438370740387,0.113033148050009,0.367006884805545
"237",1992-09-01,0.323402804,-0.00488868896208347,0.258508855104419,0.361906406459841
"238",1992-10-01,-0.885108229,-1.47011845843733,0.0530219021760614,0.327164356428536
"239",1992-11-01,-0.23503616,-0.681954410452866,-0.0815856348283471,0.273681760949353
"240",1992-12-01,0.116561594,-0.255668276545941,-0.129198116328314,0.220475616686927
"241",1993-01-01,-0.170678468,-0.60392549417642,-0.302669644194474,0.143293009841824
"242",1993-02-01,1.142156693,0.987789523547403,-0.259887178717807,0.0759131031223971
"243",1993-03-01,0.946410058,0.750461283221271,-0.190933155239417,0.0205000569999598
"244",1993-04-01,-0.374438077,-0.850968869678178,-0.193522220693326,-0.023825469954692
"245",1993-05-01,0.717488171,0.472910516569024,-0.141292781819453,-0.0515699063320362
"246",1993-06-01,0.516225589,0.228894600639978,-0.139391920685089,-0.0761235152808643
"247",1993-07-01,0.961009987,0.768162611565722,-0.081312002787484,-0.0912690624969352
"248",1993-08-01,0.914176355,0.711380315049404,0.00433955436166527,-0.100326861970964
"249",1993-09-01,0.48157411,0.186882258840243,0.0203204666785258,-0.120175894339788
"250",1993-10-01,0.764332177,0.529705390788991,0.186972454114053,-0.109013348344956
"251",1993-11-01,-0.011534888,-0.410975736441882,0.209554010281635,-0.0847517112524572
"252",1993-12-01,0.480660933,0.185775099626414,0.246340958295998,-0.0534567883670979
"253",1994-01-01,0.411610456,0.102056530466387,0.305172793682898,-0.00280325187731686
"254",1994-02-01,-0.086538965,-0.501912602925925,0.181030949810121,0.0339399255000105
"255",1994-03-01,-0.05424502,-0.462758595808312,0.0799292932243223,0.0565117962053221
"256",1994-04-01,1.130832583,0.9740598821691,0.232015022544929,0.0919732331418433
"257",1994-05-01,1.19049023,1.04639034335178,0.279805008110158,0.127064715635978
"258",1994-06-01,0.863700193,0.65018172174599,0.314912268202326,0.164923398043262
"259",1994-07-01,0.638940856,0.377677737465096,0.282371862027274,0.195230386777825
"260",1994-08-01,1.326064823,1.21076445680523,0.323987207173593,0.221867691178819
"261",1994-09-01,1.025654557,0.846539346086545,0.378958631110784,0.251754204881508
"262",1994-10-01,0.598046343,0.328096181137018,0.362157863639787,0.266352989008652
"263",1994-11-01,0.533621633,0.249986010518651,0.417238009219831,0.283659988920168
"264",1994-12-01,1.545018537,1.47622955487188,0.524775880490286,0.306862899103026
"265",1995-01-01,0.985936418,0.798384055764959,0.582803174265167,0.329998764151548
"266",1995-02-01,1.567881341,1.50394900477323,0.749958308240097,0.377409377354046
"267",1995-03-01,1.402691558,1.30366867546261,0.897160580846007,0.445511984655853
"268",1995-04-01,1.434730305,1.3425132739803,0.927865030163608,0.503499485290743
"269",1995-05-01,1.658852941,1.61424530564018,0.975186277020975,0.561447924366645
"270",1995-06-01,1.147811323,0.994645341976135,1.00389157870682,0.618862866908686
"271",1995-07-01,0.920028832,0.718476008254853,1.03229143460597,0.681356164623577
"272",1995-08-01,0.65176941,0.393231405331462,0.964163680316486,0.734704204052151
"273",1995-09-01,0.097025677,-0.279354123328274,0.870339224531917,0.775652586837246
"274",1995-10-01,0.665080931,0.409370634774636,0.877112095668386,0.818565439506296
"275",1995-11-01,0.821360621,0.598848138826817,0.906183939694066,0.859310933712482
"276",1995-12-01,0.339208683,0.0142747640897545,0.784354373795556,0.880942474821254
"277",1996-01-01,-0.835244027,-1.40966182113204,0.600350550720806,0.882404756192558
"278",1996-02-01,-0.257072627,-0.708671988183461,0.415965467974415,0.854572019503751
"279",1996-03-01,0.493955798,0.201894134908035,0.3241509229282,0.806821214677267
"280",1996-04-01,0.297293806,-0.0365439077198337,0.209229491119856,0.746934919756954
"281",1996-05-01,-0.605989679,-1.13170797023721,-0.0195999485365934,0.664036067627157
"282",1996-06-01,-0.467637202,-0.96396587898148,-0.182817550283061,0.565143640211333
"283",1996-07-01,-0.422747216,-0.909540108721651,-0.318485560031103,0.452578890658244
"284",1996-08-01,-0.105723956,-0.525172978026129,-0.395019258644236,0.339313645744851
"285",1996-09-01,-0.490612076,-0.991821205424944,-0.454391515485625,0.228919417410056
"286",1996-10-01,-0.888634901,-1.47439428601397,-0.611371925551342,0.104879082308412
"287",1996-11-01,-0.770558655,-1.33123561722002,-0.772212238555245,-0.0349872658790311
"288",1996-12-01,-1.942892473,-2.75260320344062,-1.00278540251611,-0.18391558057167
"289",1997-01-01,-0.258854205,-0.710832019040409,-0.944549585675141,-0.312657258604666
"290",1997-02-01,-0.635115543,-1.16702091470289,-0.98274532955176,-0.429216491731847
"291",1997-03-01,-0.721178762,-1.27136616856675,-1.10551702150799,-0.548355487101529
"292",1997-04-01,0.18035626,-0.178321987431069,-1.11733186148393,-0.658902266485178
"293",1997-05-01,-0.381540894,-0.859580507165425,-1.09465457289461,-0.748490151848346
"294",1997-06-01,-0.662865253,-1.20066537476658,-1.1143795308767,-0.826120316897817
"295",1997-07-01,-0.641463507,-1.17471734905423,-1.13647763423775,-0.894286323081704
"296",1997-08-01,-0.159360934,-0.590203825709163,-1.14189687154467,-0.956526124156741
"297",1997-09-01,0.402128117,0.0905598994819219,-1.05169844613577,-1.00630170171092
"298",1997-10-01,-1.248073627,-1.91018701546062,-1.08801450692299,-1.04602191682522
"299",1997-11-01,-0.913936881,-1.50507105545201,-1.10250079344232,-1.07354596306581
"300",1997-12-01,-0.438881239,-0.929101411974559,-0.950542310820148,-1.06919237209115
"301",1998-01-01,-0.4820818,-0.981478880037965,-0.973096215903278,-1.07157125794349
"302",1998-02-01,-1.532863796,-2.25547391998877,-1.06380063301043,-1.07832586656505
"303",1998-03-01,-1.371822185,-2.06022294079357,-1.12953869736267,-1.08032767288627
"304",1998-04-01,-1.298349961,-1.97114333217211,-1.27894047609109,-1.09379505743687
"305",1998-05-01,-0.182196142,-0.6178898175124,-1.25879958528667,-1.10747380846954
"306",1998-06-01,-0.548647339,-1.06218464663891,-1.24725952460936,-1.1185471412806
"307",1998-07-01,-0.332481019,-0.80009905654243,-1.21604133356671,-1.12517744955801
"308",1998-08-01,-0.075275092,-0.48825599443124,-1.20754568096022,-1.13064818367597
"309",1998-09-01,-0.033846431,-0.438026823369383,-1.25159457453116,-1.14730619437559
"310",1998-10-01,0.135286757,-0.232965408705531,-1.11182610730157,-1.14929049440714
"311",1998-11-01,0.392141438,0.078451793747323,-0.979865869868295,-1.13907091744264
"312",1998-12-01,1.47697404,1.39373066166287,-0.786296530398509,-1.12538376907417
"313",1999-01-01,1.077215382,0.90905301262806,-0.628752206009674,-1.09668843491636
"314",1999-02-01,1.739105528,1.71154560024974,-0.298167245989798,-1.03288565266465
"315",1999-03-01,1.021172089,0.841104686927484,-0.0563899436797103,-0.943456589857732
"316",1999-04-01,1.476831405,1.3935577273309,0.224001811278874,-0.818211399243568
"317",1999-05-01,1.667398271,1.62460588288283,0.410876452978477,-0.679071729388139
"318",1999-06-01,1.790166637,1.77345339829731,0.647179623389828,-0.521201800388207
"319",1999-07-01,1.222625223,1.08535163298816,0.804300514184044,-0.35283997974231
"320",1999-08-01,0.479272617,0.184091869703731,0.860329502861958,-0.180517047757128
"321",1999-09-01,0.846587392,0.629433722944472,0.949284548388113,0.00288954581947794
"322",1999-10-01,1.30442041,1.18452221539872,1.06740851706347,0.184492431183231
"323",1999-11-01,0.543781581,0.262304192032448,1.08272955025389,0.35637538286008
"324",1999-12-01,-0.46496905,-0.960730943070155,0.886524416526142,0.495777128437135
"325",2000-01-01,0.504603713,0.214803940126869,0.828670327151042,0.617229006200528
"326",2000-02-01,0.506114592,0.216635768573961,0.704094507844728,0.700750819020071
"327",2000-03-01,0.534399076,0.250928602349891,0.654913167463262,0.760026078281986
"328",2000-04-01,0.462493361,0.163748269414195,0.552429045970202,0.787395014506263
"329",2000-05-01,1.131999724,0.975474953849604,0.4983348018841,0.794683210248398
"330",2000-06-01,0.584250758,0.311370060086102,0.376494523699833,0.772126118607566
"331",2000-07-01,0.402711545,0.0912672625515194,0.29365415949678,0.72957225571696
"332",2000-08-01,1.225551584,1.08889962811303,0.369054806030888,0.688632697647704
"333",2000-09-01,0.589102291,0.31725218311608,0.343039677711855,0.638112291758016
"334",2000-10-01,1.377439191,1.27305205809813,0.350417164603473,0.57836301238635
"335",2000-11-01,1.203066406,1.06163802165854,0.417028317072314,0.522887909621218
"336",2000-12-01,0.67406707,0.420265660153724,0.532111367340971,0.493353488855787
"337",2001-01-01,-0.525333371,-1.03391819393356,0.428051189502602,0.459968560718417
"338",2001-02-01,-0.656018502,-1.19236419826472,0.310634525599379,0.427180228864638
"339",2001-03-01,0.29502859,-0.0392903136911987,0.286449615929288,0.396474932903474
"340",2001-04-01,0.293489563,-0.0411562694953656,0.269374237686825,0.372887032213192
"341",2001-05-01,-0.105494171,-0.52489438079914,0.144343459799429,0.343387753706136
"342",2001-06-01,0.459239516,0.159803224289184,0.131712890149686,0.322989284243624
"343",2001-07-01,0.469726209,0.172517559820573,0.138483748255441,0.310058416640179
"344",2001-08-01,-0.688629755,-1.2319029177391,-0.0549164638989037,0.274727477479363
"345",2001-09-01,-0.037137338,-0.442016803413673,-0.11818887944305,0.236291764383121
"346",2001-10-01,0.71306336,0.467545762235415,-0.185314404098276,0.191647466991309
"347",2001-11-01,1.050341299,0.876470185195198,-0.200745057136888,0.140166352473875
"348",2001-12-01,2.185100078,2.25228083049543,-0.0480771262750792,0.0918173113392044
"349",2002-01-01,1.538233922,1.46800371364993,0.160416366023545,0.0695144093826162
"350",2002-02-01,1.078081264,0.910102830170977,0.335621951726519,0.0715966948932113
"351",2002-03-01,1.362908005,1.25543407552984,0.443515650828272,0.0846855311347933
"352",2002-04-01,1.079239397,0.911506980321266,0.522904254979658,0.105813032575863
"353",2002-05-01,1.6812594,1.64141147116026,0.703429742642942,0.152403556146156
"354",2002-06-01,1.270249827,1.14309292424228,0.785370550972367,0.206875027881379
"355",2002-07-01,1.867893645,1.86769161615712,0.926635055667079,0.272554303499015
"356",2002-08-01,1.05052581,0.876693891063505,1.10235145640063,0.36899329685731
"357",2002-09-01,0.057834258,-0.326870804813778,1.11194695628395,0.471504616501227
"358",2002-10-01,1.445653486,1.35575681875692,1.18596454432741,0.585777862203368
"359",2002-11-01,1.336391404,1.22328466844164,1.21486575126462,0.70374542957016
"360",2002-12-01,1.593415641,1.53490744493727,1.15508463580144,0.804008909743203
"361",2003-01-01,0.861662598,0.647711289312517,1.08672693377332,0.881201457055684
"362",2003-02-01,0.284792323,-0.0517010263178471,1.00657661239925,0.937114345445078
"363",2003-03-01,0.004356022,-0.391709189624968,0.869314673636349,0.972597597345751
"364",2003-04-01,-0.012703442,-0.412392521279824,0.758989715169592,0.992271385694912
"365",2003-05-01,-0.039034364,-0.444316806386562,0.585179025374023,0.982417159255836
"366",2003-06-01,0.157768855,-0.205707536522034,0.472778986976997,0.956367862256222
"367",2003-07-01,0.245870706,-0.0988905929392996,0.308897136218962,0.904889702302212
"368",2003-08-01,0.125562545,-0.244755292718189,0.215443037570487,0.8309806673997
"369",2003-09-01,0.026261126,-0.365150879764464,0.212253031324597,0.756006173653087
"370",2003-10-01,0.53421747,0.250708418578085,0.120165664643027,0.667189600346055
"371",2003-11-01,-0.253914223,-0.704842658174498,-0.0405116125749844,0.562574820026088
"372",2003-12-01,0.155261207,-0.208747873267528,-0.185816222425384,0.450833081840519
"373",2004-01-01,0.148844303,-0.216527892242882,-0.257836154221668,0.338786157840937
"374",2004-02-01,-0.19493135,-0.633330310294445,-0.306305261219717,0.229379335039357
"375",2004-03-01,-0.355229469,-0.8276798607215,-0.342636150477762,0.128383433029847
"376",2004-04-01,-0.462858194,-0.958171687121454,-0.388117747631231,0.0327911444631122
"377",2004-05-01,0.082159784,-0.297377913247148,-0.375872839869613,-0.0472965109738575
"378",2004-06-01,-0.034245402,-0.438510546041659,-0.395273090662915,-0.119634184110517
"379",2004-07-01,-0.397183982,-0.87854658823398,-0.460244423604139,-0.183729314095775
"380",2004-08-01,-0.619537803,-1.14813406322542,-0.535525987813075,-0.246310066211072
"381",2004-09-01,-0.25594758,-0.707307952348085,-0.564039077195043,-0.311001075254375
"382",2004-10-01,-0.382276859,-0.860472810005735,-0.656637512910362,-0.375734673383824
"383",2004-11-01,-0.85644204,-1.43536283573032,-0.717514194373347,-0.432151555200355
"384",2004-12-01,-0.470372229,-0.96728189585786,-0.780725362922541,-0.481727316908451
"385",2005-01-01,-0.477478891,-0.975898195121715,-0.844006221495777,-0.530574822514627
"386",2005-02-01,-0.365414717,-0.840028716604133,-0.861231088688251,-0.576818641470338
"387",2005-03-01,-0.362904035,-0.83698470135923,-0.862006492074729,-0.620099503270085
"388",2005-04-01,-0.199343709,-0.638679967503915,-0.835382182106601,-0.657371539476366
"389",2005-05-01,-0.814154348,-1.38409215345365,-0.925941702123809,-0.703210611330882
"390",2005-06-01,-0.251547899,-0.701973666270951,-0.947896962142917,-0.749262600620882
"391",2005-07-01,-0.100252016,-0.518538657638602,-0.917896301259968,-0.787400257092202
"392",2005-08-01,0.127531772,-0.242367751401258,-0.842415775274621,-0.812974406047331
"393",2005-09-01,0.27816928,-0.0597309735033724,-0.788451027037562,-0.83167540186754
"394",2005-10-01,-0.340762369,-0.810139577663137,-0.784256591009012,-0.842310325042428
"395",2005-11-01,-0.324106755,-0.789945884105282,-0.730471845040259,-0.843390129264671
"396",2005-12-01,-0.193071176,-0.631074987631451,-0.702454602688058,-0.836867565911797
"397",2006-01-01,0.218378419,-0.132222946756013,-0.632148331990916,-0.819212741786392
"398",2006-02-01,0.605553582,0.337198150228736,-0.534046093088177,-0.791947325486386
"399",2006-03-01,0.013832786,-0.380219317913477,-0.495982311134364,-0.761445310408022
"400",2006-04-01,0.438614387,0.134796788944487,-0.431525914763664,-0.727790621462777
"401",2006-05-01,0.601166098,0.331878652107202,-0.288528347633593,-0.674672841921926
"402",2006-06-01,0.184757295,-0.172986059729611,-0.244446047088481,-0.616051932334056
"403",2006-07-01,-0.066406148,-0.477503059275696,-0.241026413891573,-0.55964610838669
"404",2006-08-01,0.220664631,-0.129451084695791,-0.231616691666117,-0.508746184752648
"405",2006-09-01,-0.278069136,-0.734128694164444,-0.287816501721206,-0.467026640976285
"406",2006-10-01,-0.88581961,-1.47098095500557,-0.342886616499742,-0.430245809767179
"407",2006-11-01,-0.644921633,-1.17891006970256,-0.375300298632849,-0.400648180899895
"408",2006-12-01,-0.89500479,-1.48211730279759,-0.446220491563361,-0.37929533830617
"409",2007-01-01,-1.11476483,-1.74856001118541,-0.580915246932477,-0.3750259145513
"410",2007-02-01,-0.625298487,-1.15511846424358,-0.70527496480517,-0.389294987194383
"411",2007-03-01,-0.871937836,-1.45415033620068,-0.794769216329103,-0.414193895960611
"412",2007-04-01,-1.182256028,-1.83038807049709,-0.958534621282568,-0.45811128817052
"413",2007-05-01,-1.055283309,-1.67644308968199,-1.12589476643167,-0.52789182307036
"414",2007-06-01,-0.918514061,-1.51062054586882,-1.23736430694327,-0.610635011391592
"415",2007-07-01,-0.758444015,-1.31654751699605,-1.30728467841996,-0.699489866768958
"416",2007-08-01,-0.412359375,-0.896945623890187,-1.37124255668616,-0.794458688853962
"417",2007-09-01,-0.590323553,-1.11271395730663,-1.40279132861468,-0.887373257761751
"418",2007-10-01,-0.845995654,-1.42269736943943,-1.39876769648417,-0.975363347760453
"419",2007-11-01,-1.402463182,-2.09737287136503,-1.47530626328937,-1.06703051148183
"420",2007-12-01,-0.234655231,-0.68149256236409,-1.40858753491992,-1.14722776509488
"421",2008-01-01,0.19640902,-0.158859209523404,-1.27611246811475,-1.20516086686007
"422",2008-02-01,0.049558976,-0.336903968935667,-1.20792792683909,-1.24704861369623
"423",2008-03-01,1.356502897,1.2476683583274,-0.98277636896175,-1.26271587641561
"424",2008-04-01,0.267464509,-0.0727097123947163,-0.836303172453219,-1.2525299223465
"425",2008-05-01,0.884241144,0.675086097524686,-0.640342406852662,-1.21206722571492
"426",2008-06-01,0.234451211,-0.112735881537814,-0.523852018158411,-1.15260786831618
"427",2008-07-01,0.028202517,-0.362797087527806,-0.444372815702724,-1.08069854642308
"428",2008-08-01,-0.310469835,-0.773412132569434,-0.434078358092662,-1.00260152987362
"429",2008-09-01,-0.512078711,-1.01784790422502,-0.426172853669194,-0.921216656961493
"430",2008-10-01,-0.089219115,-0.505162085520147,-0.349711580009254,-0.833795313921917
"431",2008-11-01,-0.041660985,-0.447501389048397,-0.212222289816201,-0.728538316132486
"432",2008-12-01,0.424414001,0.117579876779781,-0.145632919887545,-0.623292098213122
"433",2009-01-01,-0.023716002,-0.42574443144822,-0.167873355047946,-0.530938838790888
"434",2009-02-01,0.39418517,0.080929666836984,-0.133053885400225,-0.441366002004316
"435",2009-03-01,0.537937413,0.255218572871688,-0.215758034188201,-0.377447807439854
"436",2009-04-01,0.221105745,-0.128916266769531,-0.220441913719436,-0.326126035878705
"437",2009-05-01,0.47240416,0.175764376290801,-0.262052057155593,-0.294601840070616
"438",2009-06-01,0.135493244,-0.232715058571235,-0.272050321908378,-0.273618365383113
"439",2009-07-01,0.664614551,0.408805183702012,-0.207750132639227,-0.253899808461155
"440",2009-08-01,1.005716246,0.822365626498951,-0.0747686527168611,-0.223957333013172
"441",2009-09-01,1.537428133,1.46702675440134,0.132304235502002,-0.177417575582239
"442",2009-10-01,1.182276525,1.03643183676387,0.260770395692337,-0.126544077607106
"443",2009-11-01,0.773746354,0.541119380416597,0.34315545981442,-0.0802625984712211
"444",2009-12-01,0.871058568,0.659103204306392,0.388282403774971,-0.0357696548326781
"445",2010-01-01,1.327934928,1.21303182006731,0.524847091401265,0.0219570490380895
"446",2010-02-01,0.665410876,0.409770668554294,0.552250508211041,0.079065748505695
"447",2010-03-01,-0.108212498,-0.528190150167237,0.486966447957797,0.137626122017862
"448",2010-04-01,0.623187451,0.358577905236588,0.52759096229164,0.199962195018785
"449",2010-05-01,0.481344882,0.186604336934339,0.528494292345269,0.26584105747719
"450",2010-06-01,0.395619722,0.0826689544718205,0.55477629343219,0.334743275422237
"451",2010-07-01,0.480028896,0.185008801758606,0.536126594936906,0.396733002720248
"452",2010-08-01,0.134252721,-0.234219100470469,0.448077867689455,0.440303546087441
"453",2010-09-01,0.389122312,0.0747913279574367,0.332058248819129,0.456949713863868
"454",2010-10-01,-0.070173177,-0.48207030184325,0.205516403935203,0.452345214550774
"455",2010-11-01,-0.372308267,-0.848386633413789,0.0897242361160037,0.431225945909239
"456",2010-12-01,-0.239975021,-0.687942412189628,-0.0225295652586647,0.396991615156436
"457",2011-01-01,-0.409976198,-0.894056198977234,-0.198120233512377,0.336744338080299
"458",2011-02-01,-0.237766656,-0.685264933828645,-0.289373200377622,0.266609029031244
"459",2011-03-01,-0.328940598,-0.795806559325588,-0.311674567807484,0.200055611050804
"460",2011-04-01,-0.107399987,-0.527205040993454,-0.385489813326655,0.123965546415946
"461",2011-05-01,-0.383108096,-0.861480623062159,-0.472830226659696,0.0405218364988657
"462",2011-06-01,0.16246278,-0.200016501473217,-0.496387347988449,-0.0470751336195209
"463",2011-07-01,-0.188875174,-0.6259876471974,-0.56397038540145,-0.138749881981051
"464",2011-08-01,-0.35553217,-0.828046863176868,-0.61345603229365,-0.227211040312976
"465",2011-09-01,-0.022746918,-0.424569489153819,-0.655069433719588,-0.309471680524536
"466",2011-10-01,0.521304697,0.235052641436267,-0.595309188446295,-0.376207146556327
"467",2011-11-01,-0.073998346,-0.486708034837843,-0.565169305231632,-0.430781608335297
"468",2011-12-01,0.225395448,-0.123715320840055,-0.518150380952501,-0.47208334297645
"469",2012-01-01,-0.445257354,-0.936831977320252,-0.521715029147753,-0.499049575946064
"470",2012-02-01,0.074236994,-0.306983707028347,-0.490191593581061,-0.515784442046351
"471",2012-03-01,0.978963651,0.78993009423293,-0.358046872451185,-0.519648800766659
"472",2012-04-01,1.208654989,1.06841376301066,-0.225078638784176,-0.50628120288812
"473",2012-05-01,1.503437589,1.42581574714572,-0.034470607933519,-0.469751234660938
"474",2012-06-01,1.179474051,1.03303404541497,0.0682836043071633,-0.422695321969637
"475",2012-07-01,0.735492773,0.49473975777377,0.161677554721427,-0.362224660292731
"476",2012-08-01,0.358153762,0.037244263728456,0.233785148630204,-0.291621228549076
"477",2012-09-01,0.30761013,-0.0240361319332704,0.267162928398584,-0.214768531705895
"478",2012-10-01,0.677085782,0.423925623999393,0.282902343612177,-0.141584237367689
"479",2012-11-01,0.501010092,0.210446941865677,0.340998591670804,-0.0660702459591529
"480",2012-12-01,1.088902125,0.923222319555526,0.428243395037102,0.0127959020399808
"481",2013-01-01,1.076111617,0.907714779635275,0.581955624783396,0.104768456534243
"482",2013-02-01,1.121620076,0.962890402421455,0.687778467237547,0.202932628269127
"483",2013-03-01,0.747918116,0.509804562283123,0.664434672908396,0.288139423715759
"484",2013-04-01,0.591549538,0.32021928814015,0.602085133335854,0.357069738059095
"485",2013-05-01,0.526571835,0.241438654626711,0.503387042292603,0.401891208911272
"486",2013-06-01,0.109531148,-0.264192169576786,0.395284857709957,0.429141313361504
"487",2013-07-01,0.123937426,-0.246725628671043,0.333496075506222,0.443459523426904
"488",2013-08-01,0.428033941,0.12196878487154,0.340556452268146,0.452357132063399
"489",2013-09-01,0.80490807,0.578900644057847,0.390801183600739,0.462660319996912
"490",2013-10-01,0.846297242,0.629081937643383,0.407897543071072,0.473076586618487
"491",2013-11-01,0.990094645,0.803425596820245,0.457312430983952,0.482769406561249
"492",2013-12-01,0.845012398,0.627524159827107,0.432670917673251,0.483138366780928
"493",2014-01-01,0.642073314,0.381475609878256,0.388817653526832,0.467043535842881
"494",2014-02-01,1.596991158,1.53924249344457,0.436846994445426,0.446132579776871
"495",2014-03-01,1.244375436,1.11172214902798,0.487006793340831,0.43134692314624
"496",2014-04-01,1.136060771,0.980398671380644,0.542021741944205,0.42634164053027
"497",2014-05-01,0.969117304,0.777992130614038,0.586734531609816,0.433287264640037
"498",2014-06-01,1.127483333,0.969999165575365,0.689583809539162,0.457812177292471
"499",2014-07-01,1.059980446,0.888156934220309,0.784157356446774,0.495367284037517
"500",2014-08-01,1.175053231,1.02767412987211,0.859632801863489,0.538623646503796
"501",2014-09-01,1.143803861,0.989786592273317,0.893873297548111,0.580546322666077
"502",2014-10-01,0.909197125,0.705343368901752,0.900228416819642,0.621573895478458
"503",2014-11-01,0.817076703,0.593654206779702,0.882747467649597,0.657026815200594
"504",2014-12-01,1.383535905,1.280443870506,0.937157443539504,0.699067359022782
"505",2015-01-01,1.778793212,1.75966396614829,1.05200647322867,0.754333093997936
"506",2015-02-01,1.956430928,1.97503648866359,1.08832263949693,0.808622731085561
"507",2015-03-01,1.44304955,1.35259973997085,1.1083957720755,0.860405145980116
"508",2015-04-01,1.127565775,0.970099120370444,1.10753747615798,0.907531457164598
"509",2015-05-01,0.856279956,0.641185236110297,1.096136901616,0.949981654665113
"510",2015-06-01,0.636408318,0.374607223445281,1.0465209064385,0.979726412740058
"511",2015-07-01,0.946041148,0.75001400727633,1.03500899585983,1.00063071602448
"512",2015-08-01,0.465449391,0.167332235995542,0.963313838036783,1.00927080237225
"513",2015-09-01,1.932728285,1.94629879642041,1.04302318838237,1.02169995994178
"514",2015-10-01,1.594896472,1.53670284241856,1.11230314450878,1.03937285391587
"515",2015-11-01,1.752108376,1.72731058663159,1.20677450949643,1.06637510740311
"516",2015-12-01,0.77020387,0.536824381965648,1.14480621878474,1.08367917200688
"517",2016-01-01,1.444990983,1.35495358312939,1.11108035353316,1.08860199536558
"518",2016-02-01,2.117950057,2.17086642292826,1.12739951472188,1.09185840163433
"519",2016-03-01,1.506113012,1.42905949860391,1.13377116127464,1.09397301740093
"520",2016-04-01,1.465406624,1.37970602985043,1.16790507039797,1.09900365025426
"521",2016-05-01,0.909850439,0.706135463550022,1.17331758935128,1.1054353742322
"522",2016-06-01,1.419704212,1.324295253473,1.25245825852026,1.12259682023901
"523",2016-07-01,1.745203976,1.71893951500368,1.33320205083087,1.1474462414866
"524",2016-08-01,2.108691276,2.15964083939629,1.49922776778093,1.19210573563194
"525",2016-09-01,1.912552735,1.92183744218507,1.49718932159465,1.22995291339963
"526",2016-10-01,1.586248829,1.52621821827083,1.49631560291568,1.26195395160021
"527",2016-11-01,0.726080732,0.483328357887344,1.39265041718699,1.27744361057442
"528",2016-12-01,0.682132603,0.430044519208861,1.38375209529059,1.29735576694991
"529",2017-01-01,0.987501601,0.800281723774313,1.33752944034433,1.31622652418417
"530",2017-02-01,0.836499202,0.617202542670156,1.20805745032282,1.32294801881758
"531",2017-03-01,1.252207571,1.12121803036227,1.18240399463602,1.32700075493103
"532",2017-04-01,0.740218673,0.500469560132606,1.1091342888262,1.32210318980005
"533",2017-05-01,0.382280238,0.0664958219703162,1.05583098536123,1.31231263946755
"534",2017-06-01,0.673340262,0.419384459495051,0.980421752529732,1.289642930635
"535",2017-07-01,1.575804932,1.51355576970737,0.963306440421707,1.25881829643424
"536",2017-08-01,1.192939118,1.04935943796633,0.870782990302544,1.20644789831104
"537",2017-09-01,0.962927242,0.770487140696997,0.774837131845205,1.14625188249859
"538",2017-10-01,0.970889334,0.780140585230921,0.712663995758546,1.08094758190216
"539",2017-11-01,1.016569713,0.835524648234102,0.742013686620775,1.02672785435498
"540",2017-12-01,0.952835115,0.758251187102914,0.769364242278613,0.975528866603978
"541",2018-01-01,1.285668358,1.16178674664512,0.799489660851181,0.930692218312881
"542",2018-02-01,1.904152513,1.91165279760301,0.907360515428918,0.905634140405056
"543",2018-03-01,1.646773934,1.59960040777924,0.947225713546999,0.886035950314304
"544",2018-04-01,1.621759732,1.56927254776866,1.03629262918334,0.879965812010732
"545",2018-05-01,1.302858817,1.18262889999743,1.12930371901893,0.886088539815541
"546",2018-06-01,1.063921328,0.892934960623638,1.16876626077965,0.901783915503033
"547",2018-07-01,0.837156194,0.617999096619951,1.09413653802236,0.912686423636421
"548",2018-08-01,0.682577746,0.430584221998048,1.04257193669167,0.927002169168848
"549",2018-09-01,0.955864177,0.761923699554016,1.04185831659642,0.949253934564783
"550",2018-10-01,1.293845754,1.17170123127026,1.07448837043303,0.979405965787657
"551",2018-11-01,1.244196985,1.11150579045909,1.09748679895178,1.00902872514857
"552",2018-12-01,1.164168939,1.01447773511643,1.11883901128624,1.03815162256588
"553",2019-01-01,0.859561957,0.645164418291787,1.07578715059013,1.06117641337746
"554",2019-02-01,1.733172447,1.70435218068755,1.05851209918051,1.07377237869009
"555",2019-03-01,1.644352666,1.59666480036102,1.05826746522899,1.08302585799692
"556",2019-04-01,1.26609871,1.13806000353334,1.02233308654271,1.08186256277687
"557",2019-05-01,1.597030494,1.53929018541977,1.05205486032791,1.07542515788595
"558",2019-06-01,1.206079949,1.06529171847605,1.06641792348228,1.06689612977784
"559",2019-07-01,1.728775811,1.6990215864465,1.15650313096782,1.07209334585663
"560",2019-08-01,1.867697517,1.86745382554009,1.27624226459633,1.09156587318201
"561",2019-09-01,1.919785592,1.93060674350328,1.37363251825876,1.11921372332054
"562",2019-10-01,1.419223033,1.32371185971324,1.38630007062901,1.14519803167021
"563",2019-11-01,1.788721992,1.77170187365043,1.44131641089496,1.17385049933214
"564",2019-12-01,1.948648711,1.96560112919268,1.52057669373464,1.20732863953617
"565",2020-01-01,1.484276526,1.40258438296637,1.58369502412419,1.24965429566401
"566",2020-02-01,1.380173344,1.2763670153145,1.54802959367644,1.29044742020534
"567",2020-03-01,1.661954297,1.61800546919091,1.5498079827456,1.33140912999839
"568",2020-04-01,0.971665358,0.781081456630171,1.52005977050366,1.3728863536618
"569",2020-05-01,1.238615218,1.10473831300018,1.4838471144687,1.40886904150687
"570",2020-06-01,0.919197248,0.717467774486731,1.45486178580292,1.44123936336692
"571",2020-07-01,0.857535281,0.642707224333938,1.36683558896021,1.45876706819962
"572",2020-08-01,0.944891722,0.748620413716139,1.27359947130821,1.45854683542561
"573",2020-09-01,1.548292762,1.48019930923155,1.23606551845224,1.44708291877507
"574",2020-10-01,1.554760355,1.48804078485045,1.249759595547,1.43570454585156
"575",2020-11-01,1.195081491,1.05195690593411,1.18978084823731,1.41474324896343
"576",2020-12-01,1.171588288,1.02347314411815,1.11127018281443,1.38063437305341
"577",2021-01-01,1.386411884,1.28393078120199,1.1013823826674,1.34044165293201
"578",2021-02-01,1.564159993,1.4994371470216,1.11997156030966,1.30477015015145
"579",2021-03-01,1.399219108,1.29945858802933,1.09342598687953,1.26673831716261
"580",2021-04-01,1.375833826,1.27110567240148,1.1342613381938,1.23458844780345
"581",2021-05-01,1.512470643,1.43676765347397,1.16193044989995,1.20776205908939
"582",2021-06-01,1.412421149,1.31546508111282,1.21176355878546,1.1875038735046
"583",2021-07-01,1.0639347,0.892951173179372,1.23261722118925,1.17631900952369
"584",2021-08-01,1.126070552,0.96828627365926,1.25092270951784,1.17442927937449
"585",2021-09-01,1.329622936,1.2150784042566,1.22882930076993,1.1738262612343
"586",2021-10-01,1.476573185,1.39324465478068,1.22092962326411,1.17142376354406
"587",2021-11-01,1.399243719,1.2994884270369,1.24155725002268,1.17573846369284
"588",2021-12-01,0.560215287,0.282228838640125,1.17978689123284,1.18144818939437
"589",2022-01-01,0.877355066,0.666737239959454,1.1283540961293,1.18369583218286
"590",2022-02-01,1.236717216,1.10243712669986,1.09527076110249,1.18163743224893
"591",2022-03-01,1.427706572,1.33399751996282,1.09814900543028,1.18203101712816
"592",2022-04-01,0.879431376,0.6692546114518,1.04799475035114,1.17484213480794
"593",2022-05-01,1.559428927,1.49370108127188,1.05273920266763,1.16574286420525
"594",2022-06-01,1.518558448,1.44414866438177,1.06346283460671,1.15338447052368
"595",2022-07-01,1.379505594,1.27555741808961,1.09534668834923,1.14194525945368
"596",2022-08-01,1.497841754,1.41903121328282,1.13290876665119,1.13211076421479
"597",2022-09-01,1.456632893,1.36906853337788,1.1457412774113,1.12518676226824
"598",2022-10-01,1.640899107,1.59247761686061,1.16234402425129,1.12030462901717
"599",2022-11-01,1.42042451,1.32516856124071,1.16448403543494,1.11388186113486
"600",2022-12-01,1.150820208,0.998293391314984,1.22415608149118,1.11757929365639
"601",2023-01-01,0.795391011,0.567361917654965,1.21587480463248,1.12487268603165
"602",2023-02-01,1.535562423,1.46476471974997,1.24606877071998,1.13743918683311
"603",2023-03-01,0.987784583,0.800624818408374,1.20162104559045,1.14606185684646
"604",2023-04-01,1.597196715,1.53949171602302,1.27414080430472,1.16490736134259
"605",2023-05-01,-0.038059454,-0.443134800500349,1.11273781415703,1.16990724563338
"606",2023-06-01,1.071738655,0.902412888358968,1.06759316615513,1.17025143992908
"607",2023-07-01,0.23282932,-0.114702303780683,0.951738189332607,1.15828406501103
"608",2023-08-01,-0.225658512,-0.670584709521671,0.777603529098899,1.128675295215
"609",2023-09-01,-0.513869303,-1.02001886388674,0.57851291266018,1.08140626481907
"610",2023-10-01,0.221147355,-0.128865817738415,0.435067626443595,1.0207998983351
