"","time","nao","naoNorm","naoInt","naoDInt"
"1",1973-01-15,0.04,-0.0160414057021944,NA,NA
"2",1973-02-15,0.85,0.765783090244132,0.374870842270969,0.374870842270969
"3",1973-03-15,0.3,0.234914605342305,0.328218763294748,0.351544802782858
"4",1973-04-15,-0.54,-0.575866353416848,0.102197484116849,0.268429029894188
"5",1973-05-15,-0.44,-0.479344810707425,-0.014110974848006,0.19779402870864
"6",1973-06-15,0.39,0.321783993780786,0.0418715199234594,0.166609526951604
"7",1973-07-15,0.57,0.495522770657748,0.106678841456929,0.156621079369158
"8",1973-08-15,-0.06,-0.112562948411617,0.0792736177233608,0.145571441991187
"9",1973-09-15,-0.3,-0.344214650914233,0.0322193656525171,0.131402432448853
"10",1973-10-15,-1.24,-1.25151715238281,-0.0961542861510156,0.106118352604423
"11",1973-11-15,-0.93,-0.952300369983598,-0.173985748317614,0.0781079425122196
"12",1973-12-15,0.32,0.25421891388419,-0.138302026467464,0.0584343089686121
"13",1974-01-15,1.34,1.2387386495203,-0.0337370218655886,0.0507533647324287
"14",1974-02-15,-0.14,-0.189780182579156,-0.113367294600863,0.0100668533264427
"15",1974-03-15,-0.03,-0.0836064855987905,-0.139910718845954,-0.0289439368519491
"16",1974-04-15,0.51,0.437609845032094,-0.0554543689752088,-0.0420815912762872
"17",1974-05-15,-0.24,-0.286301725288579,-0.039367445190305,-0.0441862971381455
"18",1974-06-15,-0.14,-0.189780182579156,-0.0819977932203002,-0.0545087399001254
"19",1974-07-15,-0.76,-0.788213747377579,-0.188975836389911,-0.0791466297206954
"20",1974-08-15,-0.64,-0.672387896126271,-0.235627915366132,-0.10538842414482
"21",1974-09-15,0.82,0.736826627431305,-0.14554114217067,-0.120201799796752
"22",1974-10-15,0.49,0.418305536490209,-0.00638925143125212,-0.112721380236772
"23",1974-11-15,-0.54,-0.575866353416848,0.0249802499493104,-0.0961408803811948
"24",1974-12-15,1.5,1.39317311785538,0.119893100280243,-0.0746246198188859
"25",1975-01-15,0.58,0.50517492492869,0.0587627898976084,-0.0669163021719528
"26",1975-02-15,-0.62,-0.653083587584386,0.0201541728138392,-0.0557895132207277
"27",1975-03-15,-0.61,-0.643431433313444,-0.0264979061623819,-0.0463384454970967
"28",1975-04-15,-1.6,-1.59899470613673,-0.196214952093117,-0.0580684940902557
"29",1975-05-15,-0.52,-0.556562044874963,-0.218736645391983,-0.0730159274403955
"30",1975-06-15,-0.84,-0.865430981545117,-0.275040878639146,-0.0891028512252994
"31",1975-07-15,1.55,1.44143388921009,-0.0892369089235069,-0.0807912739364324
"32",1975-08-15,-0.26,-0.305606033830463,-0.0586717537321896,-0.0660449271336039
"33",1975-09-15,1.56,1.45108604348104,0.000849864271954576,-0.0538456765967185
"34",1975-10-15,-0.54,-0.575866353416848,-0.0819977932203002,-0.0601463884124725
"35",1975-11-15,0.41,0.341088302322671,-0.00558490524200696,-0.0626934846784156
"36",1975-12-15,0,-0.0546500227859636,-0.126236833628786,-0.083204312504168
"37",1976-01-15,-0.25,-0.295953879559521,-0.192997567336137,-0.104184342273647
"38",1976-02-15,0.93,0.84300032441167,-0.0683239080031319,-0.111557515675061
"39",1976-03-15,0.75,0.669261547534709,0.0410671737342142,-0.105927092350345
"40",1976-04-15,0.26,0.196305988258536,0.19067556493382,-0.0736862159314332
"41",1976-05-15,0.96,0.871956787224497,0.309718800942108,-0.0296482620702589
"42",1976-06-15,0.8,0.717522318889421,0.44163157597832,0.0300744424811966
"43",1976-07-15,-0.32,-0.363518959456117,0.291218838589469,0.0617790881072779
"44",1976-08-15,1.92,1.79856359723496,0.466566307844921,0.105548926572037
"45",1976-09-15,-1.29,-1.29977792373752,0.237327643910041,0.125255408208544
"46",1976-10-15,-0.08,-0.131867256953502,0.27432756861532,0.154949188361513
"47",1976-11-15,0.17,0.109436599820056,0.255023260073435,0.176666535471133
"48",1976-12-15,-1.6,-1.59899470613673,0.126327869794204,0.197713594089715
"49",1977-01-15,-1.04,-1.05847406696396,0.0627845208438343,0.219028768104713
"50",1977-02-15,-0.49,-0.527605582062136,-0.0514326380289829,0.220436373935892
"51",1977-03-15,-0.81,-0.83647451873229,-0.176910643551233,0.202271555828771
"52",1977-04-15,0.65,0.572740004825286,-0.14554114217067,0.174253496903397
"53",1977-05-15,-0.86,-0.884735290087002,-0.291932148613295,0.12411591777378
"54",1977-06-15,-0.57,-0.604822816229675,-0.402127576539887,0.0538026550639297
"55",1977-07-15,-0.45,-0.488996964978367,-0.412584077000074,-0.00484758790186554
"56",1977-08-15,-0.28,-0.324910342372348,-0.589540238634016,-0.0928564667751103
"57",1977-09-15,0.37,0.302479685238902,-0.456018771219314,-0.150635334702557
"58",1977-10-15,0.52,0.447261999303036,-0.407757999864603,-0.20747579874255
"59",1977-11-15,-0.07,-0.12221510268256,-0.427062308406488,-0.264316262782544
"60",1977-12-15,-1,-1.01986544988019,-0.378801537051776,-0.306410380019709
"61",1978-01-15,0.66,0.582392159096228,-0.242062684880093,-0.331814313830036
"62",1978-02-15,-2.2,-2.17812396239327,-0.379605883241021,-0.359162084264373
"63",1978-03-15,0.7,0.621000776179997,-0.258149608664997,-0.365931998023853
"64",1978-04-15,-1.17,-1.18395207248621,-0.404540615107622,-0.387515287435266
"65",1978-05-15,1.08,0.987782638475805,-0.248497454394055,-0.383895729583662
"66",1978-06-15,1.38,1.27734726660407,-0.0916499474912425,-0.358022593829609
"67",1978-07-15,-1.14,-1.15499560967339,-0.147149834549161,-0.335903073625366
"68",1978-08-15,0.64,0.563087850554344,-0.0731499851386031,-0.292870552500748
"69",1978-09-15,0.46,0.389349073677382,-0.0659108694353963,-0.260361560685421
"70",1978-10-15,1.93,1.8082157515059,0.0475019432481757,-0.22242323209269
"71",1978-11-15,3.04,2.8796048755805,0.29765360810343,-0.162030239050197
"72",1978-12-15,-1.57,-1.57003824332391,0.251805875316454,-0.109479621352844
"73",1979-01-15,-1.38,-1.386647312176,0.0877192527104353,-0.0819977932203002
"74",1979-02-15,-0.67,-0.701344358939098,0.21078421966495,-0.0327986179781359
"75",1979-03-15,0.78,0.698218010347536,0.217218989178911,0.00681543184218978
"76",1979-04-15,-1.71,-1.7051684031171,0.173784294959671,0.0550091743477975
"77",1979-05-15,-1.03,-1.04882191269302,0.00406724902893538,0.07605623296638
"78",1979-06-15,1.6,1.4896946605648,0.0217628651923296,0.0855073006900111
"79",1979-07-15,0.83,0.746478781702247,0.180219064473632,0.112788042275244
"80",1979-08-15,0.96,0.871956787224497,0.205958142529479,0.136047052914251
"81",1979-09-15,1.01,0.920217558579209,0.250197182937964,0.162389390612031
"82",1979-10-15,-0.3,-0.344214650914233,0.0708279827362863,0.16433322723604
"83",1979-11-15,0.53,0.456914153573978,-0.131062910764257,0.128606850663733
"84",1979-12-15,1,0.910565404308267,0.0756540598717575,0.113927532710008
"85",1980-01-15,-0.75,-0.778561593106636,0.126327869794205,0.117144917466989
"86",1980-02-15,0.05,-0.00638925143125212,0.184240795419858,0.114932965446564
"87",1980-03-15,-0.31,-0.353866805185175,0.0965670607921324,0.104878638080999
"88",1980-04-15,1.29,1.19047787816559,0.33787091756569,0.118552523298168
"89",1980-05-15,-1.5,-1.50247316342731,0.300066646671166,0.143219139768354
"90",1980-06-15,-0.37,-0.411779730810829,0.141610447389863,0.153206438284815
"91",1980-07-15,-0.42,-0.46004050216554,0.0410671737342142,0.141610447389863
"92",1980-08-15,-2.24,-2.21673257947704,-0.216323606824247,0.106420301610386
"93",1980-09-15,0.66,0.582392159096228,-0.244475723447829,0.06519755941157
"94",1980-10-15,-1.77,-1.76308132874275,-0.362714613266872,0.0290690097446401
"95",1980-11-15,-0.37,-0.411779730810829,-0.435105770298939,0.00373210478341655
"96",1980-12-15,0.78,0.698218010347536,-0.452801386462334,-0.0403058490777577
"97",1981-01-15,0.37,0.302479685238902,-0.362714613266872,-0.0810593893328474
"98",1981-02-15,0.92,0.833348170140728,-0.29273649480254,-0.120807496851381
"99",1981-03-15,-1.19,-1.2032563810281,-0.363518959456117,-0.159147998538735
"100",1981-04-15,0.36,0.292827530967959,-0.43832315505592,-0.223830837923869
"101",1981-05-15,0.2,0.138393062632882,-0.301584302884238,-0.273968417053486
"102",1981-06-15,-0.45,-0.488996964978367,-0.308019072398199,-0.311437543702491
"103",1981-07-15,0.05,-0.00638925143125212,-0.270214801503675,-0.337377708305649
"104",1981-08-15,0.39,0.321783993780786,-0.0586717537321896,-0.32424005388131
"105",1981-09-15,-1.45,-1.4542123920726,-0.228388799662925,-0.322899476899235
"106",1981-10-15,-1.35,-1.35769084936317,-0.194606259714627,-0.308890447436548
"107",1981-11-15,-0.38,-0.421431885081771,-0.195410605903872,-0.288915850403626
"108",1981-12-15,-0.02,-0.0739543313278482,-0.259758301043488,-0.272828926618722
"109",1982-01-15,-0.89,-0.913691752899829,-0.361105920888382,-0.272694868920514
"110",1982-02-15,1.15,1.0553477183724,-0.342605958535742,-0.276850657564948
"111",1982-03-15,1.15,1.0553477183724,-0.154388950252367,-0.259423156797969
"112",1982-04-15,0.1,0.0418715199234594,-0.175301951172742,-0.237504723141037
"113",1982-05-15,-0.53,-0.566214199145906,-0.234019222987641,-0.231874299816321
"114",1982-06-15,-1.63,-1.62795116894956,-0.328932073318574,-0.233617049893019
"115",1982-07-15,1.15,1.0553477183724,-0.240453992501603,-0.23113698247618
"116",1982-08-15,0.26,0.196305988258536,-0.250910492961791,-0.24715687741198
"117",1982-09-15,1.76,1.64412912889988,0.00728463378591607,-0.227517424624576
"118",1982-10-15,-0.74,-0.768909438835694,0.0563497513298728,-0.206604423704201
"119",1982-11-15,1.6,1.4896946605648,0.215610296800421,-0.172352681812177
"120",1982-12-15,1.78,1.66343343744177,0.360392610864555,-0.120673439153173
"121",1983-01-15,1.59,1.48004250629386,0.559870465797363,-0.0439254069293611
"122",1983-02-15,-0.53,-0.566214199145906,0.424740306004171,0.0200201151156316
"123",1983-03-15,0.95,0.862304632953555,0.408653382219267,0.0669403094882678
"124",1983-04-15,-0.85,-0.875083135816059,0.332240494240974,0.109235513272744
"125",1983-05-15,-0.07,-0.12221510268256,0.369240418946252,0.159507150100569
"126",1983-06-15,0.99,0.900913250037324,0.579979120528493,0.235249749587824
"127",1983-07-15,1.19,1.09395633545617,0.583196505285474,0.303887291070081
"128",1983-08-15,1.61,1.49934681483575,0.691783240833574,0.382445102219694
"129",1983-09-15,-1.12,-1.1356913011315,0.460131538330959,0.420182344265115
"130",1983-10-15,0.65,0.572740004825286,0.571935658636041,0.463147836540629
"131",1983-11-15,-0.98,-1.00056114133831,0.364414341810781,0.475548173624825
"132",1983-12-15,0.29,0.225262451071363,0.244566759613248,0.465896019353883
"133",1984-01-15,1.66,1.54760758619046,0.250197182937964,0.440089912448933
"134",1984-02-15,0.72,0.640305084721882,0.350740456593613,0.433923258331387
"135",1984-03-15,-0.37,-0.411779730810829,0.244566759613248,0.420249373114218
"136",1984-04-15,-0.28,-0.324910342372348,0.290414492400224,0.416763872960823
"137",1984-05-15,0.54,0.466566307844921,0.33947960994418,0.414283805543983
"138",1984-06-15,-0.42,-0.46004050216554,0.226066797260608,0.384791111938326
"139",1984-07-15,-0.07,-0.12221510268256,0.124719177415714,0.34658466794918
"140",1984-08-15,1.15,1.0553477183724,0.0877192527104353,0.296246002272251
"141",1984-09-15,0.17,0.109436599820056,0.191479911123065,0.273858366671593
"142",1984-10-15,-0.07,-0.12221510268256,0.133566985497411,0.237327643910041
"143",1984-11-15,-0.06,-0.112562948411617,0.207566834907969,0.224257018334807
"144",1984-12-15,0,-0.0546500227859636,0.184240795419858,0.219229854652024
"145",1985-01-15,-1.61,-1.60864686040767,-0.0787804084633194,0.191815055368584
"146",1985-02-15,-0.49,-0.527605582062136,-0.176106297361988,0.147911159205617
"147",1985-03-15,0.2,0.138393062632882,-0.130258564575012,0.116675715523262
"148",1985-04-15,0.32,0.25421891388419,-0.0819977932203002,0.0856413583882186
"149",1985-05-15,-0.49,-0.527605582062136,-0.164845450712555,0.0436142700001573
"150",1985-06-15,-0.8,-0.826822364461348,-0.195410605903872,0.0084911530697839
"151",1985-07-15,1.22,1.122912798269,-0.0916499474912425,-0.00953960733912915
"152",1985-08-15,-0.48,-0.517953427791194,-0.222758376338209,-0.0354127430931828
"153",1985-09-15,-0.52,-0.556562044874963,-0.278258263396127,-0.0745575909697822
"154",1985-10-15,0.9,0.814043861598844,-0.200236683039343,-0.102374563347845
"155",1985-11-15,-0.67,-0.701344358939098,-0.2493018005833,-0.140446949638784
"156",1985-12-15,0.22,0.157697371174767,-0.231606184419906,-0.175100864625431
"157",1986-01-15,1.11,1.01673910128863,-0.0128240209452137,-0.169604498998922
"158",1986-02-15,-1,-1.01986544988019,-0.0538456765967185,-0.15941611393515
"159",1986-03-15,1.71,1.59586835754517,0.0676105979793055,-0.142927017055623
"160",1986-04-15,-0.59,-0.62412712477156,-0.00558490524200697,-0.136559276390766
"161",1986-05-15,0.85,0.765783090244132,0.102197484116849,-0.114305698488315
"162",1986-06-15,1.22,1.122912798269,0.264675414344378,-0.0759651968009612
"163",1986-07-15,0.12,0.061175828465344,0.176197333527406,-0.0536445900494072
"164",1986-08-15,-1.09,-1.10673483831867,0.12713221598345,-0.024487040689269
"165",1986-09-15,-1.12,-1.1356913011315,0.0788714446287381,0.00527376831280313
"166",1986-10-15,1.55,1.44143388921009,0.131153946929676,0.0328896541435547
"167",1986-11-15,2.29,2.15569330525982,0.369240418946252,0.0844348391043508
"168",1986-12-15,0.99,0.900913250037324,0.431175075518132,0.139666610765854
"169",1987-01-15,-1.15,-1.16464776394433,0.249392836748719,0.161518015573682
"170",1987-02-15,-0.73,-0.759257284564752,0.271110183858339,0.188597670611603
"171",1987-03-15,0.14,0.0804801370072286,0.144827832146844,0.195032440125565
"172",1987-04-15,2,1.8757808314025,0.353153495161349,0.224927306825844
"173",1987-05-15,0.98,0.891261095766382,0.363609995621536,0.246711682784568
"174",1987-06-15,-1.82,-1.81134210009746,0.119088754090998,0.234579461096787
"175",1987-07-15,0.52,0.447261999303036,0.151262601660805,0.23250156677457
"176",1987-08-15,-0.83,-0.855778827274175,0.17217560258118,0.236255182324381
"177",1987-09-15,-1.22,-1.23221284384092,0.164132140688729,0.24336024032938
"178",1987-10-15,0.14,0.0804801370072286,0.0507193280051565,0.236657355419003
"179",1987-11-15,0.18,0.119088754090998,-0.118997717925579,0.195970844013017
"180",1987-12-15,0.32,0.25421891388419,-0.172888912605007,0.145632178336089
"181",1988-01-15,1.02,0.929869712850151,0.00165421046119979,0.124987292812129
"182",1988-02-15,0.76,0.678913701805651,0.121501792658733,0.112519926878829
"183",1988-03-15,-0.17,-0.218736645391983,0.0965670607921324,0.108498195932603
"184",1988-04-15,-1.17,-1.18395207248621,-0.158410681198593,0.0658678479026076
"185",1988-05-15,0.63,0.553435696283401,-0.186562797822175,0.0200201151156317
"186",1988-06-15,0.88,0.794739553056959,0.0306106732740267,0.0126469417142174
"187",1988-07-15,-0.35,-0.392475422268944,-0.039367445190305,-0.00323889552337512
"188",1988-08-15,0.04,-0.0160414057021944,0.0306106732740267,-0.0150359729656379
"189",1988-09-15,-0.99,-1.01021329560925,0.0491106356266661,-0.0246210983874765
"190",1988-10-15,-1.08,-1.09708268404773,-0.0490195994612473,-0.0329326756763435
"191",1988-11-15,-0.34,-0.382823267998002,-0.0908456013019973,-0.0305866659577116
"192",1988-12-15,0.61,0.534131387741517,-0.0675195618138867,-0.0218058867251183
"193",1989-01-15,1.17,1.07465202691429,-0.0554543689752088,-0.0265649350114857
"194",1989-02-15,2,1.8757808314025,0.044284558491195,-0.0329997045254472
"195",1989-03-15,1.85,1.73099851733836,0.206762488718724,-0.0238167521982313
"196",1989-04-15,0.28,0.215610296800421,0.323392686159277,0.0163335284149245
"197",1989-05-15,1.38,1.27734726660407,0.383718650352666,0.0638569824294946
"198",1989-06-15,-0.27,-0.315258188101406,0.291218838589469,0.0855743295391148
"199",1989-07-15,0.97,0.88160894149544,0.397392535569834,0.12197099460246
"200",1989-08-15,0.01,-0.0449978685150213,0.394979497002099,0.152335063246466
"201",1989-09-15,2.05,1.92404160275721,0.639500738532637,0.20153423848863
"202",1989-10-15,-0.03,-0.0836064855987905,0.723957088403382,0.265948962477349
"203",1989-11-15,0.16,0.0997844455491132,0.764174397865642,0.337200629074652
"204",1989-12-15,-1.15,-1.16464776394433,0.622609468558488,0.394711381605684
"205",1990-01-15,1.04,0.949174021392036,0.6121529680983,0.450345326361809
"206",1990-02-15,1.41,1.3063037294169,0.564696542932834,0.493712991731946
"207",1990-03-15,1.46,1.35456450077161,0.533327041552272,0.520926704468075
"208",1990-04-15,2,1.8757808314025,0.671674586102445,0.549950196130006
"209",1990-05-15,-1.53,-1.53142962624014,0.437609845032094,0.554441129019958
"210",1990-06-15,-0.02,-0.0739543313278482,0.457718499763224,0.568316100784437
"211",1990-07-15,0.53,0.456914153573978,0.422327267436435,0.570393995106654
"212",1990-08-15,0.97,0.88160894149544,0.499544501603974,0.579107745490144
"213",1990-09-15,1.06,0.96847832993392,0.4199142288687,0.560808869684816
"214",1990-10-15,0.23,0.167349525445709,0.440827229789075,0.53721471480029
"215",1990-11-15,-0.24,-0.286301725288579,0.408653382219267,0.507587963496425
"216",1990-12-15,0.22,0.157697371174767,0.518848810145858,0.49894124196204
"217",1991-01-15,0.86,0.775435244515074,0.504370578739445,0.489959376182135
"218",1991-02-15,1.04,0.949174021392036,0.474609769737373,0.482452145082513
"219",1991-03-15,-0.2,-0.24769310820481,0.341088302322671,0.466432250146713
"220",1991-04-15,0.29,0.225262451071363,0.203545103961743,0.427421459968321
"221",1991-05-15,0.08,0.0225672113815748,0.333044840430219,0.418707709584832
"222",1991-06-15,-0.82,-0.846126673003232,0.268697145290604,0.402955930045447
"223",1991-07-15,-0.49,-0.527605582062136,0.186653833987594,0.383316477258043
"224",1991-08-15,1.23,1.13256495253994,0.207566834907969,0.358985005033376
"225",1991-09-15,0.48,0.408653382219267,0.160914755931748,0.337401715621964
"226",1991-10-15,-0.19,-0.238040953933867,0.12713221598345,0.311260464471495
"227",1991-11-15,0.48,0.408653382219267,0.185045141609104,0.292626444420648
"228",1991-12-15,0.46,0.389349073677382,0.204349450150988,0.266418164421075
"229",1992-01-15,-0.13,-0.180128028308214,0.124719177415714,0.234780547644098
"230",1992-02-15,1.07,0.978130484204863,0.12713221598345,0.205824084831271
"231",1992-03-15,0.87,0.785087398786017,0.213197258232685,0.195166497823772
"232",1992-04-15,1.86,1.7406506716093,0.33947960994418,0.206494373322309
"233",1992-05-15,2.63,2.48386655047186,0.544587888201704,0.224122960636599
"234",1992-06-15,0.2,0.138393062632882,0.626631199504714,0.253950798487775
"235",1992-07-15,0.16,0.0997844455491132,0.678913701805651,0.29497245413928
"236",1992-08-15,0.85,0.765783090244132,0.648348546614334,0.331704263448144
"237",1992-09-15,-0.44,-0.479344810707425,0.574348697203776,0.366157091887479
"238",1992-10-15,-1.76,-1.75342917447181,0.448066345492281,0.392901602679882
"239",1992-11-15,1.19,1.09395633545617,0.50517492492869,0.419579084623181
"240",1992-12-15,0.47,0.399001227948325,0.505979271117935,0.444714903037093
"241",1993-01-15,1.6,1.4896946605648,0.645131161857353,0.48808256840723
"242",1993-02-15,0.5,0.427957690761152,0.599283429070377,0.52742850283114
"243",1993-03-15,0.67,0.592044313367171,0.583196505285474,0.558261773418873
"244",1993-04-15,0.97,0.88160894149544,0.511609694442651,0.572605947127079
"245",1993-05-15,-0.78,-0.807518055919463,0.237327643910041,0.54700092676944
"246",1993-06-15,-0.59,-0.62412712477156,0.173784294959671,0.50926368472402
"247",1993-07-15,-3.18,-3.12403508094562,-0.0948673322482232,0.444781931886197
"248",1993-08-15,0.12,0.061175828465344,-0.153584604063122,0.377954169329742
"249",1993-09-15,-0.57,-0.604822816229675,-0.16404110452331,0.316421685852485
"250",1993-10-15,-0.71,-0.739952976022867,-0.0795847546525646,0.272450760840414
"251",1993-11-15,2.56,2.41630147057527,0.0306106732740268,0.232903739869192
"252",1993-12-15,1.56,1.45108604348104,0.118284407901753,0.200595834601177
"253",1994-01-15,1.04,0.949174021392036,0.0732410213040219,0.1529383228884
"254",1994-02-15,0.46,0.389349073677382,0.0700236365470411,0.108833340178122
"255",1994-03-15,1.26,1.16152141535277,0.117480061712507,0.0700236365470411
"256",1994-04-15,1.14,1.04569556410146,0.131153946929676,0.0383189909209598
"257",1994-05-15,-0.57,-0.604822816229675,0.148045216903825,0.0308787886704418
"258",1994-06-15,1.52,1.41247742639727,0.31776226283456,0.0428769526600159
"259",1994-07-15,1.31,1.20978218670748,0.678913701805651,0.107358705497839
"260",1994-08-15,0.38,0.312131839509844,0.699826702726026,0.178476314396935
"261",1994-09-15,-1.32,-1.32873438655035,0.639500738532637,0.245438134651597
"262",1994-10-15,-0.97,-0.990908987067367,0.618587737612262,0.303619175673666
"263",1994-11-15,0.64,0.563087850554344,0.464153269277185,0.339747725340595
"264",1994-12-15,2.02,1.89508513994438,0.501153193982464,0.371653457513988
"265",1995-01-15,0.93,0.84300032441167,0.492305385900767,0.40657548789705
"266",1995-02-15,1.14,1.04569556410146,0.54700092676944,0.446323595415583
"267",1995-03-15,1.25,1.15186926108182,0.546196580580195,0.482049971987891
"268",1995-04-15,-0.85,-0.875083135816059,0.386131688920402,0.503298117153784
"269",1995-05-15,-1.49,-1.49282100915637,0.312131839509844,0.516972002370953
"270",1995-06-15,0.13,0.0708279827362863,0.200327719204762,0.507185790401803
"271",1995-07-15,-0.22,-0.266997416746694,0.0772627522502478,0.457048211272186
"272",1995-08-15,0.69,0.611348621909055,0.102197484116849,0.407245776388088
"273",1995-09-15,0.31,0.244566759613248,0.233305912963815,0.373396207590686
"274",1995-10-15,0.19,0.12874090836194,0.326610070916257,0.349064735366019
"275",1995-11-15,-1.38,-1.386647312176,0.164132140688729,0.324062974650314
"276",1995-12-15,-1.67,-1.66655978603333,-0.132671603142747,0.271244241556547
"277",1996-01-15,-0.12,-0.170475874037271,-0.217127953013492,0.212124796647025
"278",1996-02-15,-0.07,-0.12221510268256,-0.314453841912161,0.140336899256892
"279",1996-03-15,-0.24,-0.286301725288579,-0.434301424109694,0.0586287321994009
"280",1996-04-15,-0.17,-0.218736645391983,-0.379605883241021,-0.00518273214738434
"281",1996-05-15,-1.06,-1.07777837550585,-0.345018997103478,-0.0599453018651611
"282",1996-06-15,0.56,0.485870616386805,-0.310432110965935,-0.102508621046053
"283",1996-07-15,0.67,0.592044313367171,-0.238845300123113,-0.128850958743833
"284",1996-08-15,1.02,0.929869712850151,-0.212301875878021,-0.155059238743405
"285",1996-09-15,-0.86,-0.884735290087002,-0.306410380019709,-0.200035596492032
"286",1996-10-15,-0.33,-0.37317111372706,-0.348236381860459,-0.256272800890092
"287",1996-11-15,-0.56,-0.595170661958733,-0.282279994342353,-0.293473812142682
"288",1996-12-15,-1.41,-1.41560377498883,-0.261366993421978,-0.304198427999284
"289",1997-01-15,-0.49,-0.527605582062136,-0.29112780242405,-0.310365082116831
"290",1997-02-15,1.7,1.58621620327423,-0.148758526927651,-0.296557139201455
"291",1997-03-15,1.46,1.35456450077161,-0.0120196747559685,-0.261366993421978
"292",1997-04-15,-1.02,-1.03916975842208,-0.0803891008418098,-0.236432261555377
"293",1997-05-15,-0.28,-0.324910342372348,-0.0176500980806848,-0.209151519970144
"294",1997-06-15,-1.47,-1.47351670061448,-0.180932374497459,-0.198359875264438
"295",1997-07-15,0.34,0.273523222426075,-0.20747579874255,-0.195745750149391
"296",1997-08-15,0.83,0.746478781702247,-0.222758376338209,-0.19661712518774
"297",1997-09-15,0.61,0.534131387741517,-0.104519486519166,-0.179792884062695
"298",1997-10-15,-1.7,-1.69551624884616,-0.214714914445757,-0.16866609511147
"299",1997-11-15,-0.9,-0.923343907170771,-0.242062684880093,-0.165314652656281
"300",1997-12-15,-0.96,-0.981256832796425,-0.20586710636406,-0.160689662068121
"301",1998-01-15,0.39,0.321783993780786,-0.135084641710483,-0.147686065341991
"302",1998-02-15,-0.11,-0.160823719766329,-0.280671301963863,-0.158678796595008
"303",1998-03-15,0.87,0.785087398786017,-0.328127727129329,-0.185021134292788
"304",1998-04-15,-0.68,-0.71099651321004,-0.300779956694992,-0.20338703894722
"305",1998-05-15,-1.32,-1.32873438655035,-0.384431960376492,-0.233952194138538
"306",1998-06-15,-2.72,-2.68003598448227,-0.484975234032141,-0.259289099099761
"307",1998-07-15,-0.48,-0.517953427791194,-0.550931621550247,-0.287910417667069
"308",1998-08-15,-0.02,-0.0739543313278482,-0.619301047636088,-0.320955640275226
"309",1998-09-15,-2,-1.98508087697442,-0.829235403029083,-0.381348633317719
"310",1998-10-15,-0.29,-0.33456249664329,-0.715822590345511,-0.423107606309365
"311",1998-11-15,-0.28,-0.324910342372348,-0.665953126612309,-0.45843180978705
"312",1998-12-15,0.87,0.785087398786017,-0.518757773980439,-0.484506032088415
"313",1999-01-15,0.77,0.688565856076594,-0.488192618789122,-0.513931696844968
"314",1999-02-15,0.29,0.225262451071363,-0.456018771219314,-0.528543985949589
"315",1999-03-15,0.23,0.167349525445709,-0.507496927331007,-0.543491419299729
"316",1999-04-15,-0.95,-0.971604678525482,-0.529214274440627,-0.562527612445199
"317",1999-05-15,0.92,0.833348170140728,-0.349040728049704,-0.559578343084633
"318",1999-06-15,1.12,1.02639125555957,-0.0401717913795502,-0.52251138953025
"319",1999-07-15,-0.9,-0.923343907170771,-0.0739543313278482,-0.482763282011717
"320",1999-08-15,0.39,0.321783993780786,-0.0409761375687954,-0.434569539506109
"321",1999-09-15,0.36,0.292827530967959,0.14884956309307,-0.35306245899593
"322",1999-10-15,0.2,0.138393062632882,0.188262526366084,-0.277722032603297
"323",1999-11-15,0.65,0.572740004825286,0.263066721965887,-0.200303711888447
"324",1999-12-15,1.61,1.49934681483575,0.322588339970031,-0.130191535725908
"325",2000-01-15,0.6,0.524479233470574,0.308914454752863,-0.0637659462640758
"326",2000-02-15,1.7,1.58621620327423,0.422327267436435,0.00942955695723664
"327",2000-03-15,0.77,0.688565856076594,0.465761961655676,0.0905344643727935
"328",2000-04-15,-0.03,-0.0836064855987905,0.539761811066233,0.179615804831698
"329",2000-05-15,1.58,1.47039035202292,0.592848659556416,0.258106587132208
"330",2000-06-15,-0.03,-0.0836064855987905,0.500348847793219,0.303149973729939
"331",2000-07-15,-1.03,-1.04882191269302,0.489892347333031,0.350137196951679
"332",2000-08-15,-0.29,-0.33456249664329,0.435196806464358,0.389818275621109
"333",2000-09-15,-0.21,-0.257345262475752,0.389349073677382,0.409859901503135
"334",2000-10-15,0.92,0.833348170140728,0.447261999303036,0.431443190914547
"335",2000-11-15,-0.92,-0.942648215712656,0.320979647591541,0.436269268050018
"336",2000-12-15,-0.58,-0.614474970500617,0.144827832146844,0.421455892398086
"337",2001-01-15,0.25,0.186653833987594,0.116675715523262,0.405435997462286
"338",2001-02-15,0.45,0.37969691940644,0.0161324418676132,0.371586428664884
"339",2001-03-15,-1.26,-1.27082146092469,-0.147149834549161,0.320510445647815
"340",2001-04-15,0,-0.0546500227859636,-0.144736795981425,0.26346889506051
"341",2001-05-15,-0.02,-0.0739543313278482,-0.273432186260656,0.191278824575754
"342",2001-06-15,-0.2,-0.24769310820481,-0.287106071477824,0.125657581303167
"343",2001-07-15,-0.25,-0.295953879559521,-0.224367068716699,0.0661359632990227
"344",2001-08-15,-0.07,-0.12221510268256,-0.206671452553305,0.0126469417142174
"345",2001-09-15,-0.65,-0.682040050397213,-0.242062684880093,-0.0399707048322389
"346",2001-10-15,-0.24,-0.286301725288579,-0.335366842832536,-0.105189775010203
"347",2001-11-15,0.63,0.553435696283401,-0.210693183499531,-0.149495844267793
"348",2001-12-15,-0.83,-0.855778827274175,-0.230801838230661,-0.180798316799251
"349",2002-01-15,0.44,0.370044765135498,-0.215519260635002,-0.208481231479107
"350",2002-02-15,1.1,1.00708694701769,-0.163236758334065,-0.223428664829246
"351",2002-03-15,0.69,0.611348621909055,-0.00638925143125213,-0.211698616236087
"352",2002-04-15,1.18,1.08430418118523,0.0885235988996805,-0.192260249995995
"353",2002-05-15,-0.22,-0.266997416746694,0.0724366751147767,-0.163437844881376
"354",2002-06-15,0.38,0.312131839509844,0.119088754090998,-0.129588276083974
"355",2002-07-15,0.62,0.543783542012459,0.189066872555329,-0.0951354476446383
"356",2002-08-15,0.38,0.312131839509844,0.225262451071363,-0.059140955675916
"357",2002-09-15,-0.7,-0.730300821751925,0.221240720125137,-0.0205323385921468
"358",2002-10-15,-2.28,-2.25534119656081,0.0571540975191181,0.012177739770491
"359",2002-11-15,-0.18,-0.228388799662925,-0.00799794380974247,0.0290690097446401
"360",2002-12-15,-0.94,-0.96195252425454,-0.0168457518914396,0.0468986836062418
"361",2003-01-15,0.16,0.0997844455491132,-0.039367445190305,0.0615780015599666
"362",2003-02-15,0.62,0.543783542012459,-0.0779760622740742,0.0686830595649658
"363",2003-03-15,0.32,0.25421891388419,-0.107736871276146,0.0602374245778913
"364",2003-04-15,-0.18,-0.228388799662925,-0.217127953013492,0.0347664619184602
"365",2003-05-15,0.01,-0.0449978685150213,-0.198627990660853,0.0121777397704911
"366",2003-06-15,-0.07,-0.12221510268256,-0.234823569176887,-0.017314953835166
"367",2003-07-15,0.13,0.0708279827362863,-0.274236532449901,-0.0559235709189352
"368",2003-08-15,-0.07,-0.12221510268256,-0.310432110965935,-0.100564784422043
"369",2003-09-15,0.01,-0.0449978685150213,-0.253323531529526,-0.140111805393265
"370",2003-10-15,-1.26,-1.27082146092469,-0.171280220226516,-0.159147998538735
"371",2003-11-15,0.86,0.775435244515074,-0.0876282165450165,-0.165783854600008
"372",2003-12-15,0.64,0.563087850554344,0.0394584813557238,-0.161091835162744
"373",2004-01-15,-0.29,-0.33456249664329,0.00326290283969018,-0.157539306160244
"374",2004-02-15,-0.14,-0.189780182579156,-0.0578674075429444,-0.15586358493265
"375",2004-03-15,1.02,0.929869712850151,-0.00156317429578098,-0.147015776850953
"376",2004-04-15,1.15,1.0553477183724,0.10541486887383,-0.120137208360343
"377",2004-05-15,0.19,0.12874090836194,0.119893100280243,-0.0935937841152517
"378",2004-06-15,-0.89,-0.913691752899829,0.0539367127621372,-0.0695304272869997
"379",2004-07-15,1.13,1.03604340983052,0.134371331686656,-0.0354797719422866
"380",2004-08-15,-0.48,-0.517953427791194,0.101393137927604,-0.00116100120115839
"381",2004-09-15,0.38,0.312131839509844,0.131153946929676,0.0308787886704418
"382",2004-10-15,-1.1,-1.11638699258962,0.144023485957599,0.057154097519118
"383",2004-11-15,0.73,0.649957238992824,0.133566985497411,0.0755870310226537
"384",2004-12-15,1.21,1.11326064399805,0.179414718284387,0.0872500507667089
"385",2005-01-15,1.52,1.41247742639727,0.325001378537767,0.114061590408215
"386",2005-02-15,-0.06,-0.112562948411617,0.331436148051728,0.146503553374438
"387",2005-03-15,-1.83,-1.82099425436841,0.102197484116849,0.155150274908824
"388",2005-04-15,-0.3,-0.344214650914233,-0.0144327133237041,0.145162976392363
"389",2005-05-15,-1.25,-1.26116930665375,-0.130258564575012,0.124317004321092
"390",2005-06-15,-0.05,-0.102910794140675,-0.0626934846784156,0.114597821201045
"391",2005-07-15,-0.51,-0.546909890604021,-0.194606259714627,0.0871830219176052
"392",2005-08-15,0.37,0.302479685238902,-0.126236833628786,0.0682138576212394
"393",2005-09-15,0.63,0.553435696283401,-0.106128178897656,0.0484403471356284
"394",2005-10-15,-0.98,-1.00056114133831,-0.0964760246267136,0.0283987212536024
"395",2005-11-15,-0.31,-0.353866805185175,-0.180128028308214,0.00225747010313365
"396",2005-12-15,-0.44,-0.479344810707425,-0.31284514953367,-0.0387641855483711
"397",2006-01-15,1.2651,1.16644401403095,-0.33334793389753,-0.0936266282513125
"398",2006-02-15,-0.5106,-0.547489019860278,-0.369591773184919,-0.1520456216877
"399",2006-03-15,-1.2779,-1.28809881706968,-0.325183820076691,-0.187660730370495
"400",2006-04-15,1.2353,1.13768059430354,-0.201692549641877,-0.203265716730343
"401",2006-05-15,-1.1444,-1.1592425575526,-0.193198653883448,-0.208510724172712
"402",2006-06-15,0.8412,0.757289194485703,-0.121515321497916,-0.213412543907671
"403",2006-07-15,0.9024,0.81636037862387,-0.00790946572892558,-0.197854477742196
"404",2006-08-15,-1.7264,-1.72099793612144,-0.176532600842288,-0.202045791676654
"405",2006-09-15,-1.6219,-1.6201329239901,-0.357663319198412,-0.223007053368384
"406",2006-10-15,-2.2439,-2.22049691964271,-0.459324634057112,-0.253244437487584
"407",2006-11-15,0.4368,0.366956075768796,-0.399256060644281,-0.271505106848923
"408",2006-12-15,1.3366,1.23545691706818,-0.25635591666298,-0.266797670776365
"409",2007-01-15,0.2227,0.160303452827921,-0.340200963429899,-0.267368756570729
"410",2007-02-15,-0.47,-0.508301273520252,-0.336935317901564,-0.264647385297116
"411",2007-03-15,1.4425,1.33767323079746,-0.118120980579302,-0.247392148672334
"412",2007-04-15,0.1694,0.108857470563799,-0.203856240890947,-0.247572456276423
"413",2007-05-15,0.6638,0.586059977719186,-0.0584143629516311,-0.236340432032105
"414",2007-06-15,-1.3064,-1.31560745674187,-0.231155750553929,-0.245477134453439
"415",2007-07-15,-0.5794,-0.613895841244361,-0.350343768876281,-0.274013326382386
"416",2007-08-15,-0.139,-0.188814967152062,-0.222661854795499,-0.277857430878486
"417",2007-09-15,0.7213,0.641559864777105,-0.034187455731566,-0.250901108922916
"418",2007-10-15,0.4465,0.37631866541161,0.18221384302296,-0.197439569166243
"419",2007-11-15,0.5756,0.500927977049475,0.193378168129684,-0.148053383435079
"420",2007-12-15,0.3436,0.276997997963614,0.113506591537636,-0.117231507751695
"421",2008-01-15,0.8901,0.804488228870611,0.16718865620786,-0.0749490394485482
"422",2008-02-15,0.7346,0.654397229957458,0.264080198164336,-0.0248644131097232
"423",2008-03-15,0.0761,0.0188028712159073,0.154174334865873,-0.00217313682262526
"424",2008-04-15,-1.0655,-1.08308706035487,0.0548456239559843,0.019385351914619
"425",2008-05-15,-1.728,-1.72254228080479,-0.137537897587681,0.0127917240282815
"426",2008-06-15,-1.3895,-1.3958168587334,-0.144222014420308,0.0200362020394166
"427",2008-07-15,-1.2741,-1.28443099844672,-0.200099944187172,0.032556520763509
"428",2008-08-15,-1.1602,-1.17449296130069,-0.282239777032891,0.0275916939103931
"429",2008-09-15,1.0169,0.926877545026159,-0.258463303678803,0.00890203991479
"430",2008-10-15,-0.0434,-0.0965403723218532,-0.297868223489925,-0.0311047989612838
"431",2008-11-15,-0.3199,-0.363422437913408,-0.369897424736832,-0.0780444317001601
"432",2008-12-15,-0.2765,-0.321532088377518,-0.419774931931926,-0.122484558655957
"433",2009-01-15,-0.0075,-0.0618891384891704,-0.491973045878574,-0.177414700496493
"434",2009-02-15,0.0565,-0.000115351155139621,-0.546515760971291,-0.244964363757795
"435",2009-03-15,0.5723,0.497742766140064,-0.506604103060944,-0.30002923358503
"436",2009-04-15,-0.2044,-0.251940056084024,-0.437341852705041,-0.341044856640116
"437",2009-05-15,1.6827,1.5695179763855,-0.163003497939183,-0.343166990002741
"438",2009-06-15,-1.2074,-1.22005112945954,-0.148356353833029,-0.343511518287134
"439",2009-07-15,-2.1529,-2.13266231577713,-0.219042296943896,-0.345090047683528
"440",2009-08-15,-0.1938,-0.241708772556825,-0.141310281215241,-0.333345923032057
"441",2009-09-15,1.5089,1.40176353515652,-0.101736448704377,-0.320285351784188
"442",2009-10-15,-1.0322,-1.05094538663263,-0.181270199896942,-0.310568849818106
"443",2009-11-15,-0.0248,-0.0785873653779005,-0.157533943852316,-0.29287189307773
"444",2009-12-15,-1.9257,-1.91336537074132,-0.290186717382633,-0.282072875198622
"445",2010-01-15,-1.1086,-1.12468784526263,-0.378753276280421,-0.272637894398776
"446",2010-02-15,-1.9845,-1.97012003785446,-0.542920333505365,-0.272338275443282
"447",2010-03-15,-0.8831,-0.907031766452878,-0.65998487788811,-0.285120006678879
"448",2010-04-15,-0.7199,-0.7495086087511,-0.7014489239437,-0.307128929282101
"449",2010-05-15,-1.487,-1.48992536287508,-0.956402535548748,-0.373245515749565
"450",2010-06-15,-0.816,-0.842265811294855,-0.924920425701691,-0.437959188405287
"451",2010-07-15,-0.425,-0.464866579301011,-0.785937447662015,-0.48520045096513
"452",2010-08-15,-1.2227,-1.23481892549408,-0.868696627073453,-0.545815979786648
"453",2010-09-15,-0.7948,-0.821803244240458,-1.05399385868987,-0.625170763952105
"454",2010-10-15,-0.9283,-0.950659503757538,-1.04563670178361,-0.697201305775994
"455",2010-11-15,-1.6158,-1.61424510988482,-1.17360818049252,-0.781874158829344
"456",2010-12-15,-1.8472,-1.83759595971443,-1.16729406290695,-0.854966437623037
"457",2011-01-15,-0.8768,-0.900950909262185,-1.14864931824024,-0.919124441119689
"458",2011-02-15,0.7012,0.622159034692511,-0.93262606219466,-0.951599918510463
"459",2011-03-15,0.6129,0.53693051248009,-0.81229587228358,-0.964292501376752
"460",2011-04-15,2.4775,2.33667119783999,-0.555114221734322,-0.952097942859304
"461",2011-05-15,-0.0623,-0.114782943893934,-0.44051902015256,-0.909107649909622
"462",2011-06-15,-1.2795,-1.28964316175303,-0.477800466024074,-0.871847653269821
"463",2011-07-15,-1.5122,-1.51424879163786,-0.565248983718811,-0.85345694794122
"464",2011-08-15,-1.3475,-1.35527781079544,-0.575287224160591,-0.829006164365149
"465",2011-09-15,0.536,0.462705446136544,-0.468244833295841,-0.780193745582313
"466",2011-10-15,0.3935,0.325162247775616,-0.361926354001412,-0.72321788326713
"467",2011-11-15,1.3602,1.25823600114761,-0.122552928082043,-0.635629945566257
"468",2011-12-15,2.5213,2.37894763354672,0.228825704689719,-0.519286631599868
"469",2012-01-15,1.1739,1.07841636707995,0.393772977718231,-0.390751440269995
"470",2012-02-15,0.4201,0.350836978136322,0.371162806338548,-0.282102367892228
"471",2012-03-15,1.2655,1.16683010020178,0.42365443864869,-0.179106508647872
"472",2012-04-15,0.471,0.399966443375419,0.262262375776642,-0.110991792188625
"473",2012-05-15,-0.9068,-0.929907372075012,0.194335340094886,-0.0580872621680047
"474",2012-06-15,-2.5309,-2.49751374721875,0.0936794579727422,-0.01046393516827
"475",2012-07-15,-1.3215,-1.33018220969099,0.109018339801648,0.0457250084584349
"476",2012-08-15,-0.9832,-1.00364983070501,0.13832067147585,0.105192333094805
"477",2012-09-15,-0.5861,-0.620362784605892,0.0480649855806474,0.148218151334512
"478",2012-10-15,-2.062,-2.04492423345427,-0.149442221188509,0.165925162402254
"479",2012-11-15,-0.5782,-0.612737582731848,-0.305356686511797,0.150691515866441
"480",2012-12-15,0.1706,0.110015729076312,-0.494434345217665,0.0904198450408261
"481",2013-01-15,0.3453,0.278638864189674,-0.561082470458521,0.0108485576927634
"482",2013-02-15,-0.4531,-0.491989132802359,-0.631317979703411,-0.0726915078107332
"483",2013-03-15,-1.6119,-1.61048076971915,-0.862760552196823,-0.179892757047859
"484",2013-04-15,0.687,0.608452975627773,-0.845386674509127,-0.272196844571673
"485",2013-05-15,0.5691,0.494654076773363,-0.726673220438429,-0.34894755794945
"486",2013-06-15,0.5208,0.448034171644712,-0.481210893866474,-0.396855087269384
"487",2013-07-15,0.6722,0.594167787306778,-0.32084839411666,-0.43267731509591
"488",2013-08-15,0.9702,0.881801984580858,-0.163727409509504,-0.457847988511356
"489",2013-09-15,0.2406,0.177580808972908,-0.0972321100446041,-0.46995607981346
"490",2013-10-15,-1.2801,-1.29022229100929,-0.0343402815075226,-0.460364251506712
"491",2013-11-15,0.9008,0.814816033940519,0.0846225198818413,-0.427865984307242
"492",2013-12-15,0.9457,0.85815420661705,0.146967393010236,-0.374415839454917
"493",2014-01-15,0.2903,0.225552015699491,0.142543488969388,-0.315780342835924
"494",2014-02-15,1.3352,1.23410561547025,0.286384717992105,-0.239305118027964
"495",2014-03-15,0.7983,0.71588145266336,0.480248236523981,-0.127387718967897
"496",2014-04-15,0.3052,0.239933725563195,0.4495382990186,-0.0194773045072535
"497",2014-05-15,-0.9225,-0.945061254280391,0.329562021430787,0.0685422989818479
"498",2014-06-15,-0.9701,-0.991005508610076,0.209642048076221,0.126113377477072
"499",2014-07-15,0.1754,0.114648763126364,0.16968212939452,0.166990921103004
"500",2014-08-15,-1.6815,-1.67765976344491,-0.0436063496076272,0.177001009428161
"501",2014-09-15,1.6163,1.50542767202644,0.0670475556468339,0.190690981569114
"502",2014-10-15,-1.2706,-1.28105274445189,0.0678116845266168,0.199203645405292
"503",2014-11-15,0.678,0.599766036783924,0.049890851430234,0.196309339700991
"504",2014-12-15,1.8575,1.73823763304157,0.123231136965611,0.194331318363939
"505",2015-01-15,1.7887,1.67183081165749,0.24375436996211,0.202765558446666
"506",2015-02-15,1.3228,1.22213694417428,0.242756980687446,0.199129913671278
"507",2015-03-15,1.4497,1.34462278187254,0.295152091454878,0.183705234915519
"508",2015-04-15,0.7253,0.645420726485481,0.328942674865068,0.173655599569392
"509",2015-05-15,0.1455,0.0857888218562469,0.414846847876455,0.180762668439864
"510",2015-06-15,-0.0668,-0.119126413315858,0.487503439150973,0.20391778436276
"511",2015-07-15,-3.179,-3.12306986551852,0.217693553430566,0.207918736365764
"512",2015-08-15,-0.7604,-0.788599833548416,0.291781880921941,0.235867755576561
"513",2015-09-15,-0.6485,-0.680592227256572,0.109613555981689,0.239414922271132
"514",2015-10-15,0.4372,0.367342161939634,0.246979798180983,0.254345598408996
"515",2015-11-15,1.7438,1.62849263898096,0.332707015030736,0.277913612042371
"516",2015-12-15,2.2436,2.11090730944265,0.363762821397493,0.297957919078361
"517",2016-01-15,0.1165,0.0577975744705142,0.229260051631912,0.296750059217512
"518",2016-02-15,1.5803,1.47067991665105,0.249971966004975,0.297351307993972
"519",2016-03-15,0.7344,0.654204186872039,0.192437083088267,0.288791723963422
"520",2016-04-15,0.3751,0.307402283917082,0.1642688795409,0.275068907686407
"521",2016-05-15,-0.7736,-0.80134067718606,0.0903414212873747,0.248026788803984
"522",2016-06-15,-0.4325,-0.472105695004218,0.060926481146678,0.212478708970293
"523",2016-07-15,-1.7603,-1.75371873909994,0.175039075014893,0.20892416910232
"524",2016-08-15,-1.6453,-1.6427189649841,0.103862480728586,0.193264219086207
"525",2016-09-15,0.611,0.535096603168611,0.205169883264018,0.201227246359735
"526",2016-10-15,0.4113,0.342343082377893,0.203086626633873,0.197569482064142
"527",2016-11-15,-0.1637,-0.212655788201289,0.0496575910353528,0.173982030064527
"528",2016-12-15,0.4783,0.407012515993207,-0.0923336417521009,0.135973991468727
"529",2017-01-15,0.4782,0.406915994450497,-0.0632404400871023,0.111598950492143
"530",2017-02-15,1.0048,0.915198438358319,-0.109530563278163,0.0816404063852148
"531",2017-03-15,0.737,0.656713746982484,-0.109321433268959,0.0564938633554459
"532",2017-04-15,1.7325,1.61758570465479,-0.000139481540817015,0.0427931665986362
"533",2017-05-15,-1.911,-1.89917670396304,-0.0916258171055651,0.0276292300658912
"534",2017-06-15,0.045,-0.0112153285667233,-0.0532182865691072,0.0181171660895757
"535",2017-07-15,1.2556,1.15727446747355,0.18936448064535,0.0193109498921138
"536",2017-08-15,-1.0977,-1.1141669971073,0.233410477968417,0.0301066163287664
"537",2017-09-15,-0.6127,-0.646037514966599,0.134982634790483,0.0242576789559717
"538",2017-10-15,0.1859,0.124783525110854,0.116852671684896,0.017071516043557
"539",2017-11-15,-0.0049,-0.0593795783787254,0.12962568917011,0.0237355242214534
"540",2017-12-15,0.8816,0.79628389774031,0.162064970982368,0.0449354086159925
"541",2018-01-15,1.4423,1.33748018771204,0.239611987087497,0.0701731108805425
"542",2018-02-15,1.5778,1.46826687808331,0.285701023731247,0.10310907646466
"543",2018-03-15,-0.9269,-0.949308202159606,0.151865861302739,0.124874684345635
"544",2018-04-15,1.2411,1.14327884378069,0.112340289563231,0.134247998604306
"545",2018-05-15,2.1208,1.99237885499548,0.436636586143107,0.178269865541695
"546",2018-06-15,1.088,0.995504361892559,0.520529893681381,0.226082213895902
"547",2018-07-15,1.3893,1.28632377007605,0.531284002231589,0.254575507361422
"548",2018-08-15,1.967,1.84392872230839,0.777791978849563,0.299940632434851
"549",2018-09-15,1.6736,1.56073451599894,0.961689648096691,0.368832883543702
"550",2018-10-15,0.9345,0.847343793833594,1.02190300382359,0.444253744555259
"551",2018-11-15,-0.1113,-0.162078499821551,1.01334476037002,0.517897000488585
"552",2018-12-15,0.6116,0.535675732424868,0.991627413260397,0.587027204011754
"553",2019-01-15,0.592,0.516757510053821,0.923233856788878,0.643995693153536
"554",2019-02-15,0.2914,0.226613752669295,0.819762763004377,0.688500838092963
"555",2019-03-15,1.2321,1.13459190493684,0.993421105262414,0.758630441756269
"556",2019-04-15,0.466,0.395140366239948,0.931076232134019,0.826858436970502
"557",2019-05-15,-2.623,-2.58641008805413,0.549510486879885,0.836264595365233
"558",2019-06-15,-1.0886,-1.10538353672074,0.374436495328776,0.824090145502516
"559",2019-07-15,-1.4255,-1.43056461410879,0.14802912998004,0.792152239481554
"560",2019-08-15,-1.1684,-1.18240772780286,-0.104165574195898,0.718655776727765
"561",2019-09-15,-0.1641,-0.213041874372127,-0.251980273393487,0.617516616603584
"562",2019-10-15,-1.4134,-1.41888550744095,-0.440832715166365,0.495621973354421
"563",2019-11-15,0.2785,0.21416247365978,-0.409479300709588,0.377053301597787
"564",2019-12-15,1.2016,1.10515283441046,-0.362022875544121,0.264249110864078
"565",2020-01-15,1.3432,1.24182733888701,-0.301600389808023,0.162179590314336
"566",2020-02-15,1.257,1.15862576907148,-0.223932721774507,0.0752049665827622
"567",2020-03-15,1.0126,0.922727118689654,-0.241588120628439,-0.0277124689081422
"568",2020-04-15,-1.0224,-1.0414862754471,-0.361307007435693,-0.135411072205618
"569",2020-05-15,-0.4098,-0.450195304809179,-0.183289108831947,-0.196477705181604
"570",2020-06-15,-0.1469,-0.196440169026106,-0.107543828190728,-0.236642732141563
"571",2020-07-15,-1.2262,-1.23819717948891,-0.0915132086390709,-0.256604593693155
"572",2020-08-15,0.1217,0.0628166946914042,0.0122554932354514,-0.246902838073876
"573",2020-09-15,0.985,0.896087172901853,0.104682913841616,-0.217180905804284
"574",2020-10-15,-0.6547,-0.686576562904556,0.165708659219649,-0.166635791272117
"575",2020-11-15,2.5445,2.40134063145531,0.34797350570261,-0.1035147240711
"576",2020-12-15,-0.3024,-0.346531167939259,0.226999838840133,-0.0544294978724123
"577",2021-01-15,-1.1087,-1.12478436680534,0.0297821966991042,-0.0268142823301517
"578",2021-02-15,0.1361,0.0767157968415611,-0.0603769676533894,-0.013184636153392
"579",2021-03-15,0.7299,0.649860717450115,-0.083115834423351,2.13876970320243e-05
"580",2021-04-15,-1.4251,-1.43017852793795,-0.115506855464255,0.0205047336946519
"581",2021-05-15,-1.2386,-1.25016585078488,-0.182171067628896,0.0205979037949061
"582",2021-06-15,0.7655,0.68422238665467,-0.108782521322165,0.0204946793672863
"583",2021-07-15,0.026,-0.0295544216815136,-0.00806229150488212,0.0274489224618021
"584",2021-08-15,-0.2825,-0.327323380940084,-0.0405739644741728,0.0230464676526667
"585",2021-09-15,-0.2137,-0.260916559556001,-0.136990942178994,0.00290697965094919
"586",2021-10-15,-2.2899,-2.26489682928904,-0.268517631044368,-0.0332785445377189
"587",2021-11-15,-0.1846,-0.232828790627559,-0.488031749551273,-0.102945649142209
"588",2021-12-15,0.2885,0.223814627930722,-0.440502933228775,-0.158570880147951
"589",2022-01-15,1.0778,0.985659164536198,-0.264632638950313,-0.183105449785403
"590",2022-02-15,1.683,1.56980754101363,-0.140208326935975,-0.189758063058952
"591",2022-03-15,0.7677,0.686345860594277,-0.137167898340628,-0.194262401718725
"592",2022-04-15,-0.3646,-0.40656756750452,-0.0518669849711752,-0.188959079177635
"593",2022-05-15,0.7062,0.626985111827982,0.10456226191323,-0.165064635049124
"594",2022-06-15,-0.118,-0.168545443183083,0.033498276093417,-0.153207901931159
"595",2022-07-15,-0.0936,-0.144994186761984,0.0238782956700445,-0.150546186333249
"596",2022-08-15,1.4699,1.36412013349985,0.164831921873372,-0.13342902913762
"597",2022-09-15,-1.6105,-1.60912946812122,0.0524808461596035,-0.117639713442737
"598",2022-10-15,-0.7175,-0.747192091726074,0.178956240956517,-0.0803502241093296
"599",2022-11-15,0.6922,0.613472095848663,0.249481314829536,-0.0188908020775955
"600",2022-12-15,-0.1456,-0.195185388970884,0.214564646754402,0.0356981629210026
"601",2023-01-15,1.2503,1.15215882570995,0.228439618518882,0.0767875177101021
"602",2023-02-15,0.9227,0.835954251793883,0.16728517775057,0.102411976433981
"603",2023-03-15,-1.1088,-1.12488088834805,0.0163496153387094,0.115205102573926
"604",2023-04-15,-0.6284,-0.661191397171978,-0.00486903713357873,0.119121598227059
"605",2023-05-15,0.3864,0.318309218243247,-0.03059202826564,0.107858740712153
"606",2023-06-15,-0.5784,-0.612930625817266,-0.0676241268184886,0.0994318738028274
"607",2023-07-15,-2.1746,-2.15360749054508,-0.235008568800413,0.0778579684302893
"608",2023-08-15,-1.164,-1.17816077992365,-0.446865311585704,0.0268831989753663
"609",2023-09-15,-0.4408,-0.4801169830491,-0.352780937829694,-0.00688861635707519
"610",2023-10-15,-2.0292,-2.01326516744558,-0.458287027472986,-0.0599922220595338
