"","time","pdo","pdoNorm","pdoInt","pdoDInt"
"1",1941-01-01,2.67,2.65458999956388,NA,NA
"2",1941-02-01,2.86,2.81867228788241,2.7415221818588,1.45248160859544
"3",1941-03-01,2.43,2.44732816168784,2.63234102517526,1.89035052160493
"4",1941-04-01,2.31,2.34369724274982,2.54722911570348,2.08404321425563
"5",1941-05-01,2.07,2.13643540487378,2.4450757838014,2.17382229054621
"6",1941-06-01,2.83,2.79276455814791,2.52117577882362,2.24984890020176
"7",1941-07-01,3.01,2.94821093655493,2.60003865421589,2.57152329989338
"8",1941-08-01,3.22,3.12956504469647,2.69228770684427,2.57943862469378
"9",1941-09-01,2.04,2.11052767513928,2.59103071879068,2.57626473071304
"10",1941-10-01,1.14,1.33329578310413,2.34219155198387,2.52811324035356
"11",1941-11-01,1.51,1.65282444982969,2.21315473618328,2.46797380743924
"12",1941-12-01,2.21,2.25733814363481,2.16008842615601,2.39478243440931
"13",1942-01-01,2.48,2.49050771124535,2.14745197833561,2.31837643248141
"14",1942-02-01,1.96,2.04144039584726,2.0179995606459,2.21199844451002
"15",1942-03-01,1.11,1.30738805336963,1.85316646597478,2.09270926468019
"16",1942-04-01,0.97,1.1864853146086,1.76388209731925,1.99384174849105
"17",1942-05-01,0.53,0.806505278502532,1.56694343899452,1.87679275328316
"18",1942-06-01,0.77,1.01376711637857,1.37089255649376,1.73529925219373
"19",1942-07-01,0.58,0.84968482806004,1.13493590090397,1.55909726707096
"20",1942-08-01,0.6,0.866956647883044,0.977143386853689,1.3813399933429
"21",1942-09-01,0.37,0.668330719918506,0.873633863138239,1.21885243695757
"22",1942-10-01,0.23,0.547427981157484,0.768260234695936,1.06107150009765
"23",1942-11-01,-0.13,0.236535224343425,0.647453330004977,0.915659606209812
"24",1942-12-01,-0.93,-0.454337568576705,0.366488326134859,0.746102270436238
"25",1943-01-01,-1.62,-1.05021535247032,0.00361307502344455,0.541279477925317
"26",1943-02-01,-0.7,-0.255711640612167,-0.146662865833276,0.343104638429759
"27",1943-03-01,0.32,0.625151170360998,-0.0669616952191384,0.196217934327097
"28",1943-04-01,1.28,1.45419852186515,0.19872932225114,0.134767955651068
"29",1943-05-01,0.58,0.84968482806004,0.336735324920088,0.123111795712412
"30",1943-06-01,-0.14,0.227899314431923,0.398822375408865,0.157027599465908
"31",1943-07-01,-0.22,0.158812035139911,0.504179480693948,0.249664712539797
"32",1943-08-01,-1.88,-1.27474901016936,0.197045788162625,0.281417382279913
"33",1943-09-01,-1.61,-1.04157944255882,-0.121205826258436,0.230674709087982
"34",1943-10-01,-1.48,-0.929312613709294,-0.468940168435454,0.0808162258457324
"35",1943-11-01,-0.18,0.193355674785917,-0.466074205355479,-0.0668351740694876
"36",1943-12-01,1.98,2.05871221567027,0.0117744223366946,-0.100026127046695
"37",1944-01-01,1.58,1.7132758192102,0.369056631612955,-0.0623927367120884
"38",1944-02-01,0.25,0.564699800980487,0.589724578899921,0.052747563351149
"39",1944-03-01,-0.53,-0.10890117211664,0.613926281208943,0.194216573358982
"40",1944-04-01,-0.87,-0.402522109107695,0.558384900657704,0.345704364875225
"41",1944-05-01,-1.76,-1.17111809123134,0.219800166467095,0.406247512332721
"42",1944-06-01,-2.1,-1.46473902822239,-0.348403246611027,0.283625593595041
"43",1944-07-01,-1.49,-0.937948523620796,-0.701231919082823,0.0588522843548
"44",1944-08-01,-1,-0.514788937957216,-0.798094635239955,-0.186852926627363
"45",1944-09-01,-1.94,-1.32656446963837,-0.988640638567161,-0.449475777094388
"46",1944-10-01,-1.5,-0.946584433532297,-1.04290959362594,-0.688691617994066
"47",1944-11-01,-0.81,-0.350706649638685,-0.877170078670871,-0.828199409876677
"48",1944-12-01,-0.48,-0.0657216225591317,-0.635844030984055,-0.838008588566079
"49",1945-01-01,-0.09,0.271078863989432,-0.404323983919006,-0.757665560251638
"50",1945-02-01,-0.34,0.055181116201891,-0.291486466183561,-0.650934102041844
"51",1945-03-01,-0.06,0.296986593723936,-0.0509947796726957,-0.483607730008246
"52",1945-04-01,-0.37,0.0292733864673862,0.0636038122985935,-0.303458182605768
"53",1945-05-01,-0.38,0.0206374765558845,0.0992758197352772,-0.153147138024617
"54",1945-06-01,0.16,0.486976611776972,0.202051684037229,-0.0229837912501205
"55",1945-07-01,0.31,0.616515260449497,0.285178982592923,0.0859549165266225
"56",1945-08-01,-0.61,-0.177988451408653,0.208724596272809,0.154109349995798
"57",1945-09-01,-0.57,-0.143444811762646,0.121855520108418,0.169200811973065
"58",1945-10-01,-0.42,-0.0139061630901219,0.102131763863166,0.165940560936596
"59",1945-11-01,-1.34,-0.808409874948271,-0.0888616465383688,0.117232213667359
"60",1945-12-01,-1.99,-1.36974401919588,-0.431731972481895,-0.0121822014871533
"61",1946-01-01,-1.1,-0.601148037072232,-0.582076407883298,-0.169275706141836
"62",1946-02-01,0.67,0.927408017263555,-0.294318618983647,-0.237597008495808
"63",1946-03-01,0.73,0.979223476732565,-0.0332696377053988,-0.232087626480665
"64",1946-04-01,0.67,0.927408017263555,0.174480257339103,-0.179500798925437
"65",1946-05-01,-0.45,-0.0398138928246268,0.234575662953767,-0.0989555187226254
"66",1946-06-01,-0.63,-0.195260271231656,0.314720648663224,0.0277260313377986
"67",1946-07-01,-0.07,0.288350683812435,0.408722507409147,0.177481382978964
"68",1946-08-01,-0.17,0.201991584697419,0.306725661824816,0.257362982875724
"69",1946-09-01,-0.15,0.219263404520422,0.214818318873256,0.279441228449973
"70",1946-10-01,-1.23,-0.713414865921754,-0.065785580343763,0.21515458844591
"71",1946-11-01,-1.82,-1.22293355070035,-0.322501446002284,0.0950799340624087
"72",1946-12-01,-1.66,-1.08475899211632,-0.503222975082557,-0.0597350239823729
"73",1947-01-01,-0.15,0.219263404520422,-0.430247145413686,-0.191576633557766
"74",1947-02-01,0.22,0.538792071245982,-0.285822073256442,-0.266141319704127
"75",1947-03-01,0.31,0.616515260449497,-0.14406448923588,-0.291731962510138
"76",1947-04-01,0.1,0.435161152307962,0.0441672234463829,-0.242847120355665
"77",1947-05-01,-0.36,0.0379092963788878,0.180586527710485,-0.141741125609723
"78",1947-06-01,0.67,0.927408017263555,0.481459410342653,0.0339171679381128
"79",1947-07-01,0.78,1.02240302629007,0.628330417102135,0.21448364287929
"80",1947-08-01,0.61,0.875592557794545,0.692338587625052,0.37393347347326
"81",1947-09-01,0.4,0.694238449653011,0.700952915363699,0.501738508917623
"82",1947-10-01,1.39,1.54919353089167,0.915631727484887,0.642003908007006
"83",1947-11-01,0.61,0.875592557794545,1.00167227057343,0.770775012150742
"84",1947-12-01,0.43,0.720146179387516,0.948052360849466,0.840920464786735
"85",1948-01-01,0.27,0.58197162080349,0.85973817485596,0.868002835081586
"86",1948-02-01,-0.32,0.0724529360248943,0.685156956995271,0.84684551731273
"87",1948-03-01,-1.11,-0.609783946983734,0.401242167227845,0.765301787331931
"88",1948-04-01,-1.13,-0.627055766806737,0.0518956743257528,0.592846925632126
"89",1948-05-01,-1.78,-1.18838991105434,-0.308684035174094,0.351354169458439
"90",1948-06-01,0.01,0.357437963104448,-0.274151586924601,0.149694798571539
"91",1948-07-01,-0.1,0.26244295407793,-0.249684706724821,-0.014781032898601
"92",1948-08-01,-1.07,-0.575240307337728,-0.356136164233749,-0.165807708481415
"93",1948-09-01,-1.07,-0.575240307337728,-0.376824142142502,-0.273444464116447
"94",1948-10-01,-1.74,-1.15384627140834,-0.52000252497359,-0.362716207383622
"95",1948-11-01,-0.92,-0.445701658665203,-0.431488512319871,-0.383644192949782
"96",1948-12-01,-1.85,-1.24884128043485,-0.695904823886132,-0.463887328656948
"97",1949-01-01,-2.82,-2.08652454185051,-1.10436628156071,-0.627481457026197
"98",1949-02-01,-3.17,-2.38878138875307,-1.44359336712544,-0.836013068843519
"99",1949-03-01,-1.82,-1.22293355070035,-1.48974067006496,-1.02823678819189
"100",1949-04-01,-1.54,-0.981128073178304,-1.41504493616578,-1.1678133733924
"101",1949-05-01,-1.37,-0.834317604682776,-1.39366730609246,-1.29719050380172
"102",1949-06-01,-1.21,-0.69614304609875,-1.25672517807607,-1.35363172564361
"103",1949-07-01,-1.48,-0.929312613709294,-1.09472394868005,-1.32415986681953
"104",1949-08-01,-1.61,-1.04157944255882,-0.94171309751396,-1.22723853464994
"105",1949-09-01,-1.6,-1.03294353264731,-0.931342510203865,-1.13388873009018
"106",1949-10-01,-2.29,-1.62882131654093,-1.07880051991537,-1.09136285525164
"107",1949-11-01,-1.08,-0.583876217249229,-0.996613694194736,-1.03791231828827
"108",1949-12-01,-0.93,-0.454337568576705,-0.910372051620798,-0.986292125353297
"109",1950-01-01,-1.61,-1.04157944255882,-0.937102180283334,-0.963795747486225
"110",1950-02-01,-2.17,-1.52519039760291,-1.05493604111554,-0.986195097504953
"111",1950-03-01,-1.89,-1.28338492008086,-1.10708568184854,-1.01848031938646
"112",1950-04-01,-1.99,-1.36974401919588,-1.10791397959679,-1.03147846309137
"113",1950-05-01,-3.19,-2.40605320857607,-1.44830889435919,-1.12627238729679
"114",1950-06-01,-2.52,-1.82744724450546,-1.63923502198739,-1.26199271733445
"115",1950-07-01,-3.65,-2.80330506450515,-1.95893200357125,-1.44981086415612
"116",1950-08-01,-2.98,-2.22469910043454,-2.06459737803455,-1.62777471650688
"117",1950-09-01,-2.4,-1.72381632556744,-2.07422671366875,-1.78209494172026
"118",1950-10-01,-1.92,-1.30929264981537,-1.98289962188997,-1.8991246688496
"119",1950-11-01,-1.45,-0.903404883974789,-1.70031278187157,-1.90420454152352
"120",1950-12-01,-1.06,-0.566604397426226,-1.43824865562302,-1.83083532323011
"121",1951-01-01,-1.19,-0.678871226275747,-1.12430976165697,-1.6620540955855
"122",1951-02-01,-1.52,-0.963856253355301,-0.97011661873581,-1.46660428194613
"123",1951-03-01,-1.72,-1.13657445158533,-0.924601979379919,-1.28261326532909
"124",1951-04-01,-1.35,-0.817045784859773,-0.859414427069807,-1.11427275667791
"125",1951-05-01,-1.29,-0.765230325390763,-0.834068533251769,-0.989371925807158
"126",1951-06-01,-1.77,-1.17975400114284,-0.938775950370255,-0.929550969132297
"127",1951-07-01,-0.23,0.150176125228409,-0.728925337186147,-0.864456595982606
"128",1951-08-01,-1.76,-1.17111809123134,-0.800240870233643,-0.838831617946755
"129",1951-09-01,-0.78,-0.32479891990418,-0.659485654648815,-0.790179411817091
"130",1951-10-01,-0.09,0.271078863989432,-0.438488902973145,-0.705608223809708
"131",1951-11-01,-0.31,0.0810888459363959,-0.289179243893274,-0.600353867793091
"132",1951-12-01,-1.45,-0.903404883974789,-0.327299818209602,-0.503915846642636
"133",1952-01-01,-2.19,-1.54246221742591,-0.645356988334489,-0.510639081512343
"134",1952-02-01,-1.35,-0.817045784859773,-0.626215957433396,-0.50470823897288
"135",1952-03-01,-1.67,-1.09339490202782,-0.7609649234666,-0.543918641646617
"136",1952-04-01,-1.92,-1.30929264981537,-0.992688079688363,-0.653577318606019
"137",1952-05-01,-2.07,-1.43883129848789,-1.20674601629184,-0.814073847051362
"138",1952-06-01,-2.13,-1.4906467579569,-1.30179497851064,-0.973642068567459
"139",1952-07-01,-2.05,-1.42155947866489,-1.30187245682684,-1.08110348154856
"140",1952-08-01,-1.58,-1.01567171282431,-1.29186148467585,-1.17682359948335
"141",1952-09-01,-1.36,-0.825681694771275,-1.21095659302503,-1.22927628723261
"142",1952-10-01,-0.91,-0.437065748753702,-1.03070929834131,-1.2113869478277
"143",1952-11-01,-0.53,-0.10890117211664,-0.784347184491922,-1.11818411388692
"144",1952-12-01,-0.83,-0.367978469461688,-0.616697735873443,-0.988473909114444
"145",1953-01-01,-0.16,0.21062749460892,-0.34834678101551,-0.814245786639634
"146",1953-02-01,-0.46,-0.0484498027361285,-0.210353571021202,-0.630012418844316
"147",1953-03-01,-1.27,-0.74795850556776,-0.260699666719087,-0.486533260704532
"148",1953-04-01,-0.9,-0.4284298388422,-0.278223568066249,-0.382052117231025
"149",1953-05-01,-0.55,-0.126172991939643,-0.263440034533688,-0.312410763699358
"150",1953-06-01,-0.2,0.176083854962914,-0.155887134581469,-0.245107072267177
"151",1953-07-01,0.06,0.400617512661956,-0.0741007312576954,-0.196460224762565
"152",1953-08-01,-0.92,-0.445701658665203,-0.15839915618861,-0.186595352282025
"153",1953-09-01,-1.11,-0.609783946983734,-0.19377488958187,-0.180160463229115
"154",1953-10-01,-1.48,-0.929312613709294,-0.329549269024827,-0.202276893743409
"155",1953-11-01,-0.51,-0.0916293522936366,-0.299315221950086,-0.216961897955413
"156",1953-12-01,-0.18,0.193355674785917,-0.242874127335323,-0.22924851701874
"157",1954-01-01,-1.13,-0.627055766806737,-0.396613766325117,-0.282706509973773
"158",1954-02-01,-0.95,-0.471609388399708,-0.407774008418196,-0.323606774181624
"159",1954-03-01,-1.15,-0.64432758662974,-0.43738541593398,-0.362477849897173
"160",1954-04-01,-1.25,-0.730686685744757,-0.448137965852514,-0.38475811151865
"161",1954-05-01,-0.76,-0.307527100081177,-0.456206734794075,-0.409647950587004
"162",1954-06-01,0.49,0.771961638856526,-0.257933493164321,-0.394552810427603
"163",1954-07-01,-0.08,0.279714773900933,-0.100135306432427,-0.329936695351228
"164",1954-08-01,-0.32,0.0724529360248943,-0.0217069101149605,-0.25383575800475
"165",1954-09-01,-1.05,-0.557968487514724,-0.0721451430444264,-0.19409792680954
"166",1954-10-01,0.02,0.36607387301595,0.0952192892507905,-0.103178507430111
"167",1954-11-01,0.85,1.08285439567058,0.355444882951726,0.0355960348841725
"168",1954-12-01,0.49,0.771961638856526,0.40158096509948,0.147527867978699
"169",1955-01-01,-0.23,0.150176125228409,0.359604006106183,0.220781276025454
"170",1955-02-01,-1.01,-0.523424847868718,0.196757549292034,0.241721398044981
"171",1955-03-01,-1.24,-0.722050775833255,0.0784974212290755,0.240219692511235
"172",1955-04-01,-2.21,-1.55973403724891,-0.310522468433076,0.135631962814809
"173",1955-05-01,-1.89,-1.28338492008086,-0.674435357819159,-0.0651251131249319
"174",1955-06-01,-2.18,-1.53382630751441,-1.01960846494798,-0.324719637020587
"175",1955-07-01,-2.75,-2.02607317247,-1.36716009529483,-0.627256290734159
"176",1955-08-01,-2.66,-1.94834998326649,-1.58678682731289,-0.927703326386234
"177",1955-09-01,-2.48,-1.79290360485946,-1.7255302376307,-1.21166436188012
"178",1955-10-01,-3.35,-2.5442277671601,-1.92290374094103,-1.46513771330003
"179",1955-11-01,-2.63,-1.92244225353198,-1.99189398023087,-1.66614734353704
"180",1955-12-01,-2.2,-1.55109812733741,-1.94493827739976,-1.79719573769252
"181",1956-01-01,-2.26,-1.60291358680642,-1.86116730682369,-1.85766060681186
"182",1956-02-01,-2.28,-1.62018540662942,-1.7988287795106,-1.87402651357244
"183",1956-03-01,-2.93,-2.18151955087703,-1.88308481676144,-1.89210359259071
"184",1956-04-01,-2.55,-1.85335497423997,-1.80503440475188,-1.86970846194654
"185",1956-05-01,-1.62,-1.05021535247032,-1.62724056031947,-1.80343162038572
"186",1956-06-01,-1.98,-1.36110810928438,-1.57717812553848,-1.73853754389181
"187",1956-07-01,-1.48,-0.929312613709294,-1.4326235531516,-1.65828649604172
"188",1956-08-01,-1,-0.514788937957216,-1.21092214281766,-1.54488117136156
"189",1956-09-01,-0.28,0.106996575670901,-0.816611601226968,-1.3484094615632
"190",1956-10-01,-1.66,-1.08475899211632,-0.763080448638659,-1.17067688936176
"191",1956-11-01,-2.44,-1.75835996521345,-0.950450937855898,-1.07302764962779
"192",1956-12-01,-1.27,-0.74795850556776,-0.861647621843293,-0.972157069696453
"193",1957-01-01,-1.31,-0.782502145213766,-0.83698363623765,-0.89279087781908
"194",1957-02-01,-1.57,-1.00703580291281,-0.909154715887541,-0.861991163490713
"195",1957-03-01,-0.83,-0.367978469461688,-0.901518970535749,-0.875525157875254
"196",1957-04-01,-0.81,-0.350706649638685,-0.761340864082805,-0.862769845115897
"197",1957-05-01,-0.02,0.331530233369943,-0.414327862222818,-0.755331176800648
"198",1957-06-01,1.53,1.67009626965269,0.078129559017994,-0.561362699177048
"199",1957-07-01,0.59,0.858320737971542,0.342516003050874,-0.333652277823732
"200",1957-08-01,0.34,0.642422990184002,0.555706668525464,-0.0757407013223678
"201",1957-09-01,1.84,1.93780947690925,0.959038726772616,0.240743646215647
"202",1957-10-01,1.72,1.83417855797123,1.2926883099695,0.579815214712029
"203",1957-11-01,1.54,1.6787321795642,1.48123725815825,0.885015846031444
"204",1957-12-01,0.46,0.746053909122021,1.29977526439022,1.06320142525249
"205",1958-01-01,0.83,1.06558257584758,1.29608220842014,1.19209437137256
"206",1958-02-01,0.94,1.1605775848741,1.33699524594327,1.29270991003296
"207",1958-03-01,0.62,0.884228467706047,1.17318126752269,1.30287520633679
"208",1958-04-01,0.56,0.832413008237037,1.02710492306231,1.24374055720603
"209",1958-05-01,1.46,1.60964490027218,1.08342698228178,1.18291521022077
"210",1958-06-01,1.82,1.92053765708624,1.30328647135339,1.19657064556986
"211",1958-07-01,0.61,0.875592557794545,1.23564020671609,1.19427530255781
"212",1958-08-01,1.06,1.26420850381212,1.2501049939406,1.1909294788916
"213",1958-09-01,0.77,1.01376711637857,1.23776585241632,1.20313225746414
"214",1958-10-01,0.28,0.590607530714992,1.1398487227657,1.20833025603488
"215",1958-11-01,0.28,0.590607530714992,0.968574927991687,1.16921550519791
"216",1958-12-01,1.14,1.33329578310413,0.945404346875861,1.105683703912
"217",1959-01-01,1.04,1.24693668398912,1.01907220100134,1.07265610766958
"218",1959-02-01,0.35,0.651058900095503,0.91176473031948,1.01814479134336
"219",1959-03-01,-0.14,0.227899314431923,0.751729859679296,0.936282727308092
"220",1959-04-01,-0.16,0.21062749460892,0.650995139642385,0.851902368120263
"221",1959-05-01,-0.13,0.236535224343425,0.567076566896423,0.777031940217408
"222",1959-06-01,0.23,0.547427981157484,0.479566636083677,0.693639756141319
"223",1959-07-01,-0.42,-0.0139061630901219,0.28804729588056,0.569482600825106
"224",1959-08-01,-0.31,0.0810888459363959,0.203005502225196,0.451720861144884
"225",1959-09-01,-0.53,-0.10890117211664,0.131827725445693,0.349047098018077
"226",1959-10-01,0.96,1.1778494046971,0.352525258652359,0.317103811397202
"227",1959-11-01,1.38,1.54055762098017,0.6257432911594,0.357821538593221
"228",1959-12-01,1.02,1.22966486416611,0.766490242490695,0.43414803596949
"229",1960-01-01,0.24,0.556063891068985,0.804608290943739,0.531170257857172
"230",1960-02-01,0.61,0.875592557794545,0.898413385194369,0.647284723768827
"231",1960-03-01,0.23,0.547427981157484,0.930926245026003,0.76513607965049
"232",1960-04-01,0.21,0.53015616133448,0.816465335002761,0.821021906335325
"233",1960-05-01,0.35,0.651058900095503,0.701735143529287,0.81612447330812
"234",1960-06-01,1.2,1.38511124257314,0.794289492911991,0.816715386101023
"235",1960-07-01,-0.42,-0.0139061630901219,0.643310132801774,0.780086710070934
"236",1960-08-01,-0.31,0.0810888459363959,0.494732662647961,0.70462953627006
"237",1960-09-01,-0.96,-0.48024529831121,0.27495620980909,0.585819864453941
"238",1960-10-01,-0.34,0.055181116201891,0.199151116647398,0.476100112141728
"239",1960-11-01,-0.34,0.055181116201891,0.118737528687807,0.373308105741407
"240",1960-12-01,0,0.348802053192946,0.0320396381745545,0.252992836395925
"241",1961-01-01,0.89,1.11739803531659,0.275032735495861,0.215680073266214
"242",1961-02-01,0.92,1.1433057650511,0.486649791388624,0.245009890327334
"243",1961-03-01,0.64,0.90150028752905,0.681923229220497,0.336934560477646
"244",1961-04-01,0.28,0.590607530714992,0.729903394383102,0.437707014516152
"245",1961-05-01,-0.54,-0.117537082028141,0.618259449903615,0.511810338194412
"246",1961-06-01,-0.7,-0.255711640612167,0.456232352794192,0.551747589872411
"247",1961-07-01,-1.23,-0.713414865921754,0.128397189026459,0.489300906185255
"248",1961-08-01,-0.87,-0.402522109107695,-0.0989026325984385,0.360590535114226
"249",1961-09-01,-1.34,-0.808409874948271,-0.36284418577103,0.167004329638579
"250",1961-10-01,-1.78,-1.18838991105434,-0.64703339503378,-0.0723602051974324
"251",1961-11-01,-1.43,-0.886133064151786,-0.756703447434069,-0.297136131098891
"252",1961-12-01,-1.73,-1.14521036149683,-0.896025946058449,-0.509856101103917
"253",1962-01-01,-1,-0.514788937957216,-0.832134482613698,-0.649453990683462
"254",1962-02-01,-0.87,-0.402522109107695,-0.78424772858211,-0.738570603870535
"255",1962-03-01,-1.06,-0.566604397426226,-0.734216483299832,-0.778387499643766
"256",1962-04-01,-0.95,-0.471609388399708,-0.627629302431632,-0.759692476325537
"257",1962-05-01,-1.3,-0.773866235302265,-0.631445945273041,-0.732018636284451
"258",1962-06-01,-1.71,-1.12793854167383,-0.684321763119531,-0.703768278541059
"259",1962-07-01,-1.83,-1.23156946061185,-0.822477359704294,-0.715747524449411
"260",1962-08-01,-0.66,-0.221168000966161,-0.736476709997332,-0.71281109780928
"261",1962-09-01,-1.47,-0.920676703797792,-0.795286893874278,-0.728606512395996
"262",1962-10-01,-1.76,-1.17111809123134,-0.912708396312675,-0.779889277895246
"263",1962-11-01,-0.38,0.0206374765558845,-0.722906787090626,-0.783423085732059
"264",1962-12-01,-0.23,0.150176125228409,-0.487841530316968,-0.729413419747046
"265",1963-01-01,0.12,0.452432972130966,-0.20132068488755,-0.603547439950812
"266",1963-02-01,0.15,0.478340701865471,-0.0499391751687939,-0.467618741862867
"267",1963-03-01,-0.28,0.106996575670901,0.0787192889975147,-0.313057593393789
"268",1963-04-01,-0.27,0.115632485582402,0.222241257595193,-0.131137169205424
"269",1963-05-01,-1.26,-0.739322595656258,0.0342345411702434,-0.0306836098199185
"270",1963-06-01,-0.6,-0.169352541497151,-0.0229163034150549,0.0206625846785631
"271",1963-07-01,-1.11,-0.609783946983734,-0.203050912484327,-0.0040839414820119
"272",1963-08-01,-1.01,-0.523424847868718,-0.347744118879883,-0.0744436955192532
"273",1963-09-01,1.08,1.28148032363512,-0.0391705640890564,-0.0832569038455607
"274",1963-10-01,0.34,0.642422990184002,0.0934312630999379,-0.0776262320344206
"275",1963-11-01,-0.5,-0.0829934423821349,0.144686826594957,-0.0409297243165799
"276",1963-12-01,0.45,0.737417999210519,0.308500209894634,0.0336514985978899
"277",1964-01-01,0.34,0.642422990184002,0.480889522366113,0.157295137253267
"278",1964-02-01,0.21,0.53015616133448,0.600282392577445,0.309162717353552
"279",1964-03-01,-0.71,-0.264347550523669,0.337524107460607,0.353120908845115
"280",1964-04-01,-1.27,-0.74795850556776,0.0668838475886201,0.318555042872129
"281",1964-05-01,-2.39,-1.71518041565594,-0.306537477050687,0.20073058877104
"282",1964-06-01,-0.86,-0.393886199196193,-0.438723106097557,0.0489605505606734
"283",1964-07-01,-1.08,-0.583876217249229,-0.587860543966794,-0.137276377575315
"284",1964-08-01,-1.6,-1.03294353264731,-0.807129029962867,-0.364440118951049
"285",1964-09-01,-1.35,-0.817045784859773,-0.867985936016163,-0.550894092527021
"286",1964-10-01,-0.64,-0.203896181143158,-0.735453294876242,-0.658254372611719
"287",1964-11-01,-0.68,-0.238439820789164,-0.520548436686718,-0.666036249493757
"288",1964-12-01,-0.62,-0.186624361320154,-0.46112458830179,-0.645763891202477
"289",1965-01-01,-0.95,-0.471609388399708,-0.450169335574809,-0.60912009160009
"290",1965-02-01,-0.61,-0.177988451408653,-0.327402531198588,-0.525855787606188
"291",1965-03-01,-0.17,0.201991584697419,-0.158958424452671,-0.408813494785033
"292",1965-04-01,-0.01,0.340166143281445,-0.0450602372876493,-0.293954378029259
"293",1965-05-01,-0.66,-0.221168000966161,-0.0624799547000551,-0.21877870842354
"294",1965-06-01,-0.76,-0.307527100081177,-0.102632624696456,-0.167039245306632
"295",1965-07-01,-0.74,-0.290255280258174,-0.103473195493886,-0.122294331515924
"296",1965-08-01,0.32,0.625151170360998,0.0644623418813549,-0.0589315147859076
"297",1965-09-01,0.83,1.06558257584758,0.269414006969588,0.0239783502569931
"298",1965-10-01,0.3,0.607879350537995,0.335924222219276,0.0998183358587262
"299",1965-11-01,0.47,0.754689819033523,0.487999272997901,0.202530041076705
"300",1965-12-01,0.25,0.564699800980487,0.590914396666896,0.320627031898753
"301",1966-01-01,-0.67,-0.229803910877663,0.506069705774917,0.407091040255748
"302",1966-02-01,-0.43,-0.0225420730016236,0.377126650792981,0.437552817454388
"303",1966-03-01,-1,-0.514788937957216,0.108143043476103,0.384039414156343
"304",1966-04-01,-0.37,0.0292733864673862,0.0367529516143042,0.31339362166241
"305",1966-05-01,-0.76,-0.307527100081177,-0.116479524240682,0.200556669230345
"306",1966-06-01,0.1,0.435161152307962,-0.0697140452095443,0.0990096555686887
"307",1966-07-01,0.01,0.357437963104448,0.0411469459528647,0.0420119305923169
"308",1966-08-01,-0.29,0.0983606657593992,0.060651622672336,0.00949376704883173
"309",1966-09-01,-0.35,0.0465452062903894,0.119764403064054,0.0230414573370696
"310",1966-10-01,-0.6,-0.169352541497151,0.0662067695432928,0.031015853999593
"311",1966-11-01,-0.71,-0.264347550523669,0.0340510681417804,0.047616776910441
"312",1966-12-01,-0.21,0.167447945051412,0.019846791956383,0.054235828470431
"313",1967-01-01,-0.24,0.141540215316907,0.0100825754207442,0.0459658345730949
"314",1967-02-01,-0.25,0.132904305405406,0.0275073735663873,0.0403251772435779
"315",1967-03-01,-0.8,-0.342070739727184,-0.0550641761973921,0.0109273552864707
"316",1967-04-01,-1.13,-0.627055766806737,-0.167622193123404,-0.0340658978945934
"317",1967-05-01,-1.54,-0.981128073178304,-0.334709355331098,-0.107109673570294
"318",1967-06-01,-1.2,-0.687507136187249,-0.466460525346305,-0.199549327255702
"319",1967-07-01,-1.21,-0.69614304609875,-0.582925964532274,-0.306233083022529
"320",1967-08-01,-1.55,-0.989763983089806,-0.750343649899315,-0.440087711862277
"321",1967-09-01,-0.6,-0.169352541497151,-0.666911106770739,-0.531516615705531
"322",1967-10-01,-0.06,0.296986593723936,-0.459992546859503,-0.555257556376851
"323",1967-11-01,0.36,0.659694810007005,-0.158000699668045,-0.491915816854817
"324",1967-12-01,-0.68,-0.238439820789164,-0.118298749730632,-0.412842782707711
"325",1968-01-01,-0.65,-0.212532091054659,-0.0765697361356049,-0.320728599704505
"326",1968-02-01,-0.19,0.184719764874415,0.0795269159522566,-0.186397809790796
"327",1968-03-01,0.08,0.417889332484959,0.180435484594226,-0.0541580887020379
"328",1968-04-01,-0.69,-0.247075730700666,0.0742274927079342,0.0178646126221176
"329",1968-05-01,-0.79,-0.333434829815682,-0.0784363567497966,0.0158872017590925
"330",1968-06-01,0.14,0.469704791953969,0.0589840508204328,0.039860185837417
"331",1968-07-01,0.44,0.728782089299018,0.235021262743136,0.0952041037064987
"332",1968-08-01,-0.01,0.340166143281445,0.263554311009765,0.133831194015835
"333",1968-09-01,0.26,0.573335710891988,0.314889221688441,0.168548461818251
"334",1968-10-01,-0.18,0.193355674785917,0.349124743133915,0.218337630309969
"335",1968-11-01,0.03,0.374709782927451,0.428480284933342,0.29651116846591
"336",1968-12-01,-0.29,0.0983606657593992,0.351715800158572,0.334314441833401
"337",1969-01-01,-0.71,-0.264347550523669,0.175890319311604,0.310291820614642
"338",1969-02-01,-1.22,-0.704778956010252,-0.0352412489677361,0.239474543287628
"339",1969-03-01,-1.21,-0.69614304609875,-0.245235961421352,0.12570671299299
"340",1969-04-01,-1.07,-0.575240307337728,-0.364856493301817,-0.00566523176573825
"341",1969-05-01,-1.06,-0.566604397426226,-0.489323253292167,-0.158467104608045
"342",1969-06-01,0.84,1.07421848575908,-0.210925698673055,-0.225353427367806
"343",1969-07-01,-0.37,0.0292733864673862,-0.152572666696017,-0.253144723629164
"344",1969-08-01,-0.92,-0.445701658665203,-0.156539364459394,-0.255760593739892
"345",1969-09-01,-1.07,-0.575240307337728,-0.190139227381514,-0.242489665498442
"346",1969-10-01,0.95,1.1692134947856,0.149471371550107,-0.143338328858471
"347",1969-11-01,0.58,0.84968482806004,0.380479851812403,0.00898080156920309
"348",1969-12-01,1.13,1.32465987319263,0.512173806242992,0.142993819425429
"349",1970-01-01,1.06,1.26420850381212,0.729247350250069,0.303481325536525
"350",1970-02-01,1.01,1.22102895425461,0.964252021011692,0.498301542939547
"351",1970-03-01,1.2,1.38511124257314,1.22295970018411,0.730849460913486
"352",1970-04-01,0.31,0.616515260449497,1.09631424638373,0.873691250910469
"353",1970-05-01,-0.89,-0.419793928930698,0.79213516184478,0.909518067535103
"354",1970-06-01,-0.12,0.245171134254927,0.614588249797004,0.888116160311553
"355",1970-07-01,-0.92,-0.445701658665203,0.311928147093153,0.779405158448419
"356",1970-08-01,-1.79,-1.19702582096584,-0.118308345256894,0.562334370697978
"357",1970-09-01,-1.68,-1.10203081193933,-0.496840901013732,0.25834781851145
"358",1970-10-01,-1.2,-0.687507136187249,-0.659218097832807,-0.0334985647147629
"359",1970-11-01,-0.92,-0.445701658665203,-0.638233337618169,-0.255392685773025
"360",1970-12-01,-0.91,-0.437065748753702,-0.689803421076122,-0.444712290333315
"361",1971-01-01,-1.34,-0.808409874948271,-0.742173265995295,-0.591650847652221
"362",1971-02-01,-1.45,-0.903404883974789,-0.728401949534145,-0.672850291109018
"363",1971-03-01,-1.55,-0.989763983089806,-0.74479721823188,-0.707619216892863
"364",1971-04-01,-1.7,-1.11930263176233,-0.832812601856179,-0.740211978076765
"365",1971-05-01,-1.75,-1.16248218131984,-0.946881037192724,-0.796421344773756
"366",1971-06-01,-1.86,-1.25747719034636,-1.07022700986034,-0.867928679028662
"367",1971-07-01,-2.25,-1.59427767689492,-1.21336211340783,-0.957176936924245
"368",1971-08-01,-0.32,0.0724529360248943,-0.965225731571181,-0.983932239181266
"369",1971-09-01,-0.17,0.201991584697419,-0.706282577281967,-0.948820241578637
"370",1971-10-01,-0.35,0.0465452062903894,-0.496566182125439,-0.86227539849055
"371",1971-11-01,-1.28,-0.756594415479262,-0.481680134956091,-0.769621855540269
"372",1971-12-01,-1.77,-1.17975400114284,-0.550589699423855,-0.689109275608108
"373",1972-01-01,-2.12,-1.4820108480454,-0.642164138250726,-0.62220495226035
"374",1972-02-01,-1.95,-1.33520037954987,-0.871593130326976,-0.639880505029305
"375",1972-03-01,-1.53,-0.972492163266802,-1.01002185935863,-0.713553900068151
"376",1972-04-01,-1.7,-1.11930263176233,-1.14827698582092,-0.832208944708746
"377",1972-05-01,-2.16,-1.5165544876914,-1.27130377594591,-0.966256288703273
"378",1972-06-01,-1.84,-1.24020537052335,-1.27440409854351,-1.07878114412057
"379",1972-07-01,-1.48,-0.929312613709294,-1.17635490287371,-1.14753340134289
"380",1972-08-01,-0.11,0.253807044166428,-0.845418835463039,-1.11130244976551
"381",1972-09-01,-0.2,0.176083854962914,-0.607385854262764,-1.01160488435263
"382",1972-10-01,-0.22,0.158812035139911,-0.384027434661773,-0.859269391622465
"383",1972-11-01,-0.05,0.305622503635438,-0.110344857763242,-0.650419993836096
"384",1972-12-01,-0.37,0.0292733864673862,0.0425422776583328,-0.431102496472282
"385",1973-01-01,-0.15,0.219263404520422,0.186239971647988,-0.215239837183832
"386",1973-02-01,-0.55,-0.126172991939643,0.110337672675032,-0.0756236567674431
"387",1973-03-01,-0.88,-0.411158019019197,-0.0103941465087875,-0.00371972320211889
"388",1973-04-01,-1.35,-0.817045784859773,-0.204936285397458,-0.00645491176201267
"389",1973-05-01,-1.59,-1.02430762273581,-0.439340556017359,-0.0896657236183662
"390",1973-06-01,-1.44,-0.894768974063288,-0.589912173539419,-0.213514047955796
"391",1973-07-01,-1.4,-0.860225334417281,-0.737178648310344,-0.37159072518245
"392",1973-08-01,-1.56,-0.998399893001307,-0.861210402473759,-0.531613264189335
"393",1973-09-01,-1.05,-0.557968487514724,-0.84328103619617,-0.656395710132022
"394",1973-10-01,-1.36,-0.825681694771275,-0.842265862043808,-0.746028483620225
"395",1973-11-01,-1.42,-0.877497154240284,-0.830329381998772,-0.797659961831009
"396",1973-12-01,-0.89,-0.419793928930698,-0.733439388730274,-0.806083415916419
"397",1974-01-01,-0.86,-0.393886199196193,-0.645281057418622,-0.778257885799109
"398",1974-02-01,-1.38,-0.842953514594278,-0.650509503695892,-0.741239790954856
"399",1974-03-01,-1.21,-0.69614304609875,-0.67049042161887,-0.714757087822228
"400",1974-04-01,-0.62,-0.186624361320154,-0.547975877687397,-0.664506191296574
"401",1974-05-01,-0.72,-0.272983460435171,-0.452106943231407,-0.600103299044494
"402",1974-06-01,-0.37,0.0292733864673862,-0.350254464633631,-0.530937967800181
"403",1974-07-01,0.02,0.36607387301595,-0.18883440010855,-0.443661169483062
"404",1974-08-01,-0.27,0.115632485582402,-0.0506088932184533,-0.334865214615275
"405",1974-09-01,0.71,0.961951656909562,0.241510798157389,-0.17202410382852
"406",1974-10-01,0.19,0.512884341511477,0.347355032572151,-0.0174823811358819
"407",1974-11-01,0.61,0.875592557794545,0.530284142155774,0.149668005683837
"408",1974-12-01,0.27,0.58197162080349,0.595839418516198,0.301504268895326
"409",1975-01-01,-0.65,-0.212532091054659,0.443364056384008,0.385562448744126
"410",1975-02-01,-0.93,-0.454337568576705,0.28168295197238,0.40990718574962
"411",1975-03-01,-1.07,-0.575240307337728,0.0212100914532038,0.343507044750744
"412",1975-04-01,-1.79,-1.19702582096584,-0.298187140191511,0.202919585477324
"413",1975-05-01,-2.08,-1.44746720839939,-0.676736473636284,-0.0247254008349222
"414",1975-06-01,-1.61,-1.04157944255882,-0.893283424304927,-0.282221763700763
"415",1975-07-01,-0.84,-0.37661437937319,-0.854440450810033,-0.486411776959657
"416",1975-08-01,-1.56,-0.998399893001307,-0.929717464889481,-0.667536330465086
"417",1975-09-01,-1.6,-1.03294353264731,-0.990705300820763,-0.812955311709527
"418",1975-10-01,-1.59,-1.02430762273581,-0.975721539458165,-0.904382214430761
"419",1975-11-01,-1.73,-1.14521036149683,-0.961946186187358,-0.941607421420897
"420",1975-12-01,-1.49,-0.937948523620796,-0.948069918210594,-0.948253932213282
"421",1976-01-01,-1.08,-0.583876217249229,-0.929903588678933,-0.954359444053697
"422",1976-02-01,-1.01,-0.523424847868718,-0.833246450449218,-0.930430216989524
"423",1976-03-01,-1.31,-0.782502145213766,-0.800510947292168,-0.895510088155345
"424",1976-04-01,-1.38,-0.842953514594278,-0.78558620426513,-0.862764575678822
"425",1976-05-01,-1.23,-0.713414865921754,-0.730786880042214,-0.823144352487319
"426",1976-06-01,-1.26,-0.739322595656258,-0.710223819970117,-0.784876276655976
"427",1976-07-01,0.28,0.590607530714992,-0.43930379701054,-0.69351586355061
"428",1976-08-01,0.97,1.1864853146086,-0.0735954970003855,-0.542355297169338
"429",1976-09-01,0.58,0.84968482806004,0.20577171865004,-0.350177303887074
"430",1976-10-01,1.12,1.31602396328113,0.562673122904065,-0.102967343894432
"431",1976-11-01,1.33,1.49737807142266,0.90563733308439,0.186175707935029
"432",1976-12-01,1.2,1.38511124257314,1.18871866367649,0.502785915186277
"433",1977-01-01,1.24,1.41965488221915,1.30394960009001,0.780217179780771
"434",1977-02-01,1.51,1.65282444982969,1.39325230142095,1.00712828867312
"435",1977-03-01,0.62,0.884228467706047,1.34134623970696,1.16687685680127
"436",1977-04-01,-0.25,0.132904305405406,1.08012102626499,1.21341033668566
"437",1977-05-01,-0.47,-0.0570857126476301,0.786472421126211,1.1536684417232
"438",1977-06-01,0.03,0.374709782927451,0.631337746827787,1.03553752910169
"439",1977-07-01,-0.06,0.296986593723936,0.472337812187503,0.883121783627107
"440",1977-08-01,-0.09,0.271078863989432,0.299249561920479,0.699347908819812
"441",1977-09-01,-0.64,-0.203896181143158,0.125530575021392,0.503946990671507
"442",1977-10-01,-0.84,-0.37661437937319,0.0146882227475145,0.33431897936733
"443",1977-11-01,-0.45,-0.0398138928246268,0.0104831842911303,0.214411367672916
"444",1977-12-01,-0.06,0.296986593723936,0.0338045506055196,0.12972273248941
"445",1978-01-01,0.58,0.84968482806004,0.184318368188087,0.104700700321922
"446",1978-02-01,0.78,1.02240302629007,0.358960238217165,0.139496994796683
"447",1978-03-01,1.13,1.32465987319263,0.630389154860152,0.247944408162562
"448",1978-04-01,1.03,1.23830077407761,0.872320296936526,0.409612400834707
"449",1978-05-01,0.77,1.01376711637857,1.0023872545705,0.582429034150168
"450",1978-06-01,0.33,0.6337870802725,0.998314935152088,0.733034758987851
"451",1978-07-01,-1.62,-1.05021535247032,0.566474838927549,0.756380534817317
"452",1978-08-01,-0.91,-0.437065748753702,0.29658350948752,0.698953613606441
"453",1978-09-01,-0.78,-0.32479891990418,0.0490001149204043,0.563653267647523
"454",1978-10-01,0.07,0.409253422573458,-0.000870532249713619,0.406506168012576
"455",1978-11-01,-0.01,0.340166143281445,-0.0356558434232676,0.245106682058041
"456",1978-12-01,-0.51,-0.0916293522936366,-0.120382754969086,0.0835227709452206
"457",1979-01-01,-0.38,0.0206374765558845,0.0109477544745993,0.0154571609311707
"458",1979-02-01,-1.29,-0.765230325390763,-0.111046428483145,-0.0427119422704992
"459",1979-03-01,-0.68,-0.238439820789164,-0.115605201345428,-0.0685409628041379
"460",1979-04-01,-0.12,0.245171134254927,-0.0936826748132808,-0.0813670629385155
"461",1979-05-01,0.57,0.841048918148539,0.0632114956034753,-0.0547732483661862
"462",1979-06-01,0.22,0.538792071245982,0.184118970983273,0.00463903916391338
"463",1979-07-01,0.3,0.607879350537995,0.294607647668019,0.0673704016888784
"464",1979-08-01,0.05,0.391981602750454,0.431733706487184,0.166768827888998
"465",1979-09-01,0.88,1.10876212540509,0.652843062128703,0.304025112933953
"466",1979-10-01,1.1,1.29875214345812,0.838549239296301,0.464242321570197
"467",1979-11-01,0.58,0.84968482806004,0.840722635532108,0.590178464507537
"468",1979-12-01,0.06,0.400617512661956,0.777016244260911,0.675055438836939
"469",1980-01-01,0.06,0.400617512661956,0.712730932265711,0.724398783971604
"470",1980-02-01,0.58,0.84968482806004,0.777478241398435,0.767693308703371
"471",1980-03-01,0.62,0.884228467706047,0.764888710179656,0.779531031259989
"472",1980-04-01,0.78,1.02240302629007,0.763498175813132,0.769634619291759
"473",1980-05-01,0.64,0.90150028752905,0.78432408866894,0.765134006379742
"474",1980-06-01,-0.72,-0.272983460435171,0.594226287255014,0.726402608067493
"475",1980-07-01,-0.21,0.167447945051412,0.521861611361145,0.683130927655299
"476",1980-08-01,0.08,0.417889332484959,0.463387312713378,0.624672199173393
"477",1980-09-01,-0.13,0.236535224343425,0.368079909221695,0.553172615667728
"478",1980-10-01,0.99,1.20375713443161,0.480343204419087,0.514430830718492
"479",1980-11-01,0.71,0.961951656909562,0.540520873886685,0.49099732441387
"480",1980-12-01,0.3,0.607879350537995,0.643336056041828,0.51318751762713
"481",1981-01-01,1.18,1.36783942275014,0.853614467416049,0.586910530709498
"482",1981-02-01,1.24,1.41965488221915,1.02500783318458,0.696459169796921
"483",1981-03-01,1.22,1.40238306239614,1.19275956669251,0.840197666597709
"484",1981-04-01,1.07,1.27284441372362,1.2090612142352,0.959772905926485
"485",1981-05-01,1.29,1.46283443177666,1.29133604320752,1.07774979147796
"486",1981-06-01,1.82,1.92053765708624,1.50327342740669,1.21806198147031
"487",1981-07-01,0.82,1.05694666593608,1.42041133757876,1.30201821047877
"488",1981-08-01,-0.05,0.305622503635438,1.17600764693649,1.30464168211807
"489",1981-09-01,0.43,0.720146179387516,1.05143923630764,1.26114049587174
"490",1981-10-01,-0.09,0.271078863989432,0.856443925212698,1.17809334081509
"491",1981-11-01,0.54,0.815141188414034,0.781868544517635,1.07891639630466
"492",1981-12-01,0.59,0.858320737971542,0.675351028491573,0.944591613659984
"493",1982-01-01,0.11,0.443797062219464,0.58336390652187,0.813991217624804
"494",1982-02-01,-0.19,0.184719764874415,0.525858379014477,0.711587635932733
"495",1982-03-01,-0.37,0.0292733864673862,0.396606471392676,0.60610157670367
"496",1982-04-01,-0.7,-0.255711640612167,0.267720208981386,0.505053845499486
"497",1982-05-01,-1.21,-0.69614304609875,-0.00223805855623806,0.364200484836691
"498",1982-06-01,-0.99,-0.506153028045714,-0.20598628467068,0.205611366554059
"499",1982-07-01,0.12,0.452432972130966,-0.132767871640387,0.090454878740662
"500",1982-08-01,-0.08,0.279714773900933,-0.0769861521334652,0.00617203257643347
"501",1982-09-01,0.51,0.789233458679529,0.10172539883804,-0.0150563435914155
"502",1982-10-01,0.15,0.478340701865471,0.22297540130109,0.00647869434194676
"503",1982-11-01,-0.6,-0.169352541497151,0.236186423888168,0.0578245933494284
"504",1982-12-01,0.16,0.486976611776972,0.371472661839175,0.155076681549381
"505",1983-01-01,0.4,0.694238449653011,0.433516924913554,0.247223295642929
"506",1983-02-01,0.97,1.1864853146086,0.615476427080921,0.363131928476018
"507",1983-03-01,1.73,1.84281446788273,0.863977908170378,0.500594227922666
"508",1983-04-01,1.26,1.43692670204215,1.03092748715946,0.646527805249464
"509",1983-05-01,1.01,1.22102895425461,1.20294996652249,0.812627113817279
"510",1983-06-01,1.9,1.98962493637825,1.45288537992184,1.00067113180835
"511",1983-07-01,2.47,2.48187180133385,1.76057585084795,1.22865109177221
"512",1983-08-01,1.18,1.36783942275014,1.73715458251083,1.40715168546315
"513",1983-09-01,0.47,0.754689819033523,1.51000828893085,1.48845815905174
"514",1983-10-01,0.68,0.936043927175057,1.3921414351691,1.51690807310656
"515",1983-11-01,1.19,1.37647533266164,1.40719029060523,1.52675198280402
"516",1983-12-01,1.72,1.83417855797123,1.43765906674468,1.51523521592068
"517",1984-01-01,1.42,1.57510126062618,1.35504790590949,1.45361242632622
"518",1984-02-01,1.23,1.41101897230765,1.36595481088498,1.40371171162137
"519",1984-03-01,1.56,1.6960039993872,1.50433192514441,1.41417289366943
"520",1984-04-01,1,1.21239304434311,1.50191084775061,1.43576558832323
"521",1984-05-01,0.87,1.10012621549359,1.42766218511791,1.43709392214357
"522",1984-06-01,-0.13,0.236535224343425,1.12267360649207,1.36814542157435
"523",1984-07-01,-0.35,0.0465452062903894,0.838085623429857,1.25358407942434
"524",1984-08-01,0.01,0.357437963104448,0.670330415235548,1.11344210455824
"525",1984-09-01,0.18,0.504248431599975,0.522978836009431,0.941533211101071
"526",1984-10-01,0.43,0.720146179387516,0.491513578189667,0.782215334469687
"527",1984-11-01,0.54,0.815141188414034,0.496773842966381,0.649849703163875
"528",1984-12-01,0.48,0.763325728945024,0.583324353793894,0.584095926775257
"529",1985-01-01,0.87,1.10012621549359,0.754626378973413,0.594069514019469
"530",1985-02-01,0.48,0.763325728945024,0.799476085546324,0.630926944223821
"531",1985-03-01,-0.34,0.055181116201891,0.669376167270068,0.651014516850014
"532",1985-04-01,-0.52,-0.100265262205138,0.495754705053415,0.634386753956565
"533",1985-05-01,-0.87,-0.402522109107695,0.264911964899228,0.568686904750006
"534",1985-06-01,0.04,0.383345692838953,0.236707607030676,0.494435715984389
"535",1985-07-01,0.52,0.797869368591031,0.265382847410831,0.415996312782567
"536",1985-08-01,0.19,0.512884341511477,0.265270330237816,0.341051132697814
"537",1985-09-01,0.13,0.461068882042467,0.330975054054684,0.303343869064161
"538",1985-10-01,0.14,0.469704791953969,0.408087103629568,0.305457068375553
"539",1985-11-01,-0.65,-0.212532091054659,0.359481790916933,0.321691931900646
"540",1985-12-01,0.33,0.6337870802725,0.416976099769618,0.351760433273584
"541",1986-01-01,1.04,1.24693668398912,0.55786746317841,0.406289164535123
"542",1986-02-01,1.47,1.61828081018368,0.795569533044248,0.507010313243804
"543",1986-03-01,1.68,1.79963491832522,1.05057972181602,0.644516582581498
"544",1986-04-01,1.21,1.39374715248464,1.18849638870539,0.788966938742919
"545",1986-05-01,0.85,1.08285439567058,1.31778150097055,0.951120645901763
"546",1986-06-01,0.62,0.884228467706047,1.29716803582551,1.08486806137337
"547",1986-07-01,1.05,1.25557259390062,1.29354265921632,1.18791522402074
"548",1986-08-01,-0.19,0.184719764874415,1.01489214955281,1.1928268862628
"549",1986-09-01,-0.03,0.322894323458441,0.778109962613637,1.1171440792423
"550",1986-10-01,1,1.21239304434311,0.806599118666942,1.0413604885695
"551",1986-11-01,1.68,1.79963491832522,0.994652673882844,1.00124790056568
"552",1986-12-01,1.71,1.82554264805972,1.18858543938088,1.01024445931176
"553",1987-01-01,1.47,1.61828081018368,1.27558943762656,1.03784726339594
"554",1987-02-01,1.46,1.60964490027218,1.46687186363011,1.1345314791075
"555",1987-03-01,1.35,1.51464989124567,1.60139811486951,1.2749008702093
"556",1987-04-01,1.38,1.54055762098017,1.63026902653526,1.40328183706752
"557",1987-05-01,0.82,1.05694666593608,1.48668392011541,1.46592489425446
"558",1987-06-01,0.05,0.391981602750454,1.21028300769857,1.44008988670182
"559",1987-07-01,1.38,1.54055762098017,1.23807205651741,1.41382655634331
"560",1987-08-01,1.74,1.85145037779423,1.3320045967999,1.39008766265024
"561",1987-09-01,1.44,1.59237308044918,1.36942913595647,1.36270707492818
"562",1987-10-01,0.68,0.936043927175057,1.25591818649488,1.31032360292569
"563",1987-11-01,0.93,1.1519416749626,1.25459911718372,1.27904273743513
"564",1987-12-01,0.94,1.1605775848741,1.32738583230637,1.29707400736136
"565",1988-01-01,0.23,0.547427981157484,1.13331364786566,1.2675304488908
"566",1988-02-01,0.47,0.754689819033523,0.97254088154218,1.19578824374292
"567",1988-03-01,0.49,0.771961638856526,0.861522782111575,1.10393115300961
"568",1988-04-01,0.34,0.642422990184002,0.805490852066542,1.02214650110869
"569",1988-05-01,0.37,0.668330719918506,0.737909737927965,0.934772591993311
"570",1988-06-01,0.21,0.53015616133448,0.646622405951352,0.829125483989351
"571",1988-07-01,-0.15,0.219263404520422,0.563880440466877,0.738062119931154
"572",1988-08-01,-0.88,-0.411158019019197,0.329280175160719,0.622896711257772
"573",1988-09-01,-0.98,-0.497517118134213,0.0998793877350573,0.482258229967433
"574",1988-10-01,-0.36,0.0379092963788878,0.0275331801347039,0.347595547347575
"575",1988-11-01,-0.06,0.296986593723936,0.0174289911921603,0.232979701769056
"576",1988-12-01,-0.14,0.227899314431923,0.00802248962901636,0.138933024611311
"577",1989-01-01,-1.24,-0.722050775833255,-0.174900922303896,0.0242198186271847
"578",1989-02-01,-1.45,-0.903404883974789,-0.309319845346236,-0.0819964608889529
"579",1989-03-01,-1.24,-0.722050775833255,-0.378806982626467,-0.166384401715955
"580",1989-04-01,-0.32,0.0724529360248943,-0.325398817005673,-0.222136193090791
"581",1989-05-01,-0.09,0.271078863989432,-0.262854087459457,-0.257076258715327
"582",1989-06-01,0.11,0.443797062219464,-0.161481114318265,-0.264941996254638
"583",1989-07-01,0.56,0.832413008237037,0.116957033653869,-0.1912259668968
"584",1989-08-01,-0.44,-0.0311779829131252,0.195927938645766,-0.093418637146664
"585",1989-09-01,-0.57,-0.143444811762646,0.220652134384151,0.00639606625285338
"586",1989-10-01,-0.51,-0.0916293522936366,0.168268720386728,0.0778083847917153
"587",1989-11-01,-0.76,-0.307527100081177,0.052758812158632,0.109115871135177
"588",1989-12-01,-0.1,0.26244295407793,0.0563530488671387,0.126852247756911
"589",1990-01-01,-0.42,-0.0139061630901219,-0.0428544011654337,0.0907020637507356
"590",1990-02-01,-1.28,-0.756594415479262,-0.200835339153395,0.015312243803218
"591",1990-03-01,-1.24,-0.722050775833255,-0.320599542427067,-0.0801389983725649
"592",1990-04-01,-0.15,0.219263404520422,-0.22748898278414,-0.139248534297162
"593",1990-05-01,-0.32,0.0724529360248943,-0.153302052090834,-0.163195738338437
"594",1990-06-01,-0.25,0.132904305405406,-0.135807754495861,-0.181043637930404
"595",1990-07-01,-0.31,0.0810888459363959,-0.101649848956365,-0.178733041869524
"596",1990-08-01,-0.43,-0.0225420730016236,-0.0127580813938688,-0.139918446146966
"597",1990-09-01,-0.26,0.124268395493904,0.0940101158415483,-0.0690206465893422
"598",1990-10-01,-1.16,-0.652963496541242,-0.0832538837356299,-0.0549753157927086
"599",1990-11-01,-1.88,-1.27474901016936,-0.361522611956405,-0.111617295893401
"600",1990-12-01,-2.22,-1.56836994716041,-0.679365141521237,-0.233345242526172
"601",1991-01-01,-1.8,-1.20566173087735,-0.876901830483164,-0.388705220821599
"602",1991-02-01,-1.09,-0.592512127160731,-0.906821095219618,-0.54311308616257
"603",1991-03-01,-1.11,-0.609783946983734,-0.953987450047334,-0.701740981347075
"604",1991-04-01,-1.63,-1.05885126238182,-1.00951899472039,-0.836003701122388
"605",1991-05-01,-1.65,-1.07612308220482,-0.995218722750374,-0.922359080790505
"606",1991-06-01,-2.25,-1.59427767689492,-1.0640943890651,-0.979769734586659
"607",1991-07-01,-1.57,-1.00703580291281,-1.03619370221127,-1.00331594235888
"608",1991-08-01,-0.58,-0.152080721674148,-0.89076261897131,-0.989172233085776
"609",1991-09-01,0.37,0.668330719918506,-0.578802816652337,-0.902869640791403
"610",1991-10-01,0.41,0.702874359564513,-0.245930368757671,-0.747351501842865
"611",1991-11-01,0.56,0.832413008237037,0.0803789946946309,-0.538945994978873
"612",1991-12-01,-0.21,0.167447945051412,0.280731558899829,-0.302574709161832
"613",1992-01-01,0.08,0.417889332484959,0.449864699993412,-0.0583398728091674
"614",1992-02-01,0.17,0.495612521688474,0.524985311839508,0.159735272594897
"615",1992-03-01,0.12,0.452432972130966,0.493593873278177,0.312741913719371
"616",1992-04-01,0.55,0.823777098325536,0.543235706834994,0.423657845784043
"617",1992-05-01,1.26,1.43692670204215,0.707283802250902,0.522922362981389
"618",1992-06-01,1.22,1.40238306239614,0.918033101492618,0.63571479798334
"619",1992-07-01,1.5,1.64418853991819,1.13122327170794,0.764314949662433
"620",1992-08-01,0.85,1.08285439567058,1.18977913909488,0.883666817249487
"621",1992-09-01,0.45,0.737417999210519,1.17016607833553,0.98874486381788
"622",1992-10-01,1.28,1.45419852186515,1.26993013428288,1.09862117619306
"623",1992-11-01,1.31,1.48010625159966,1.29800677529409,1.18465063777954
"624",1992-12-01,0.33,0.6337870802725,1.14123237166663,1.20400285494599
"625",1993-01-01,-0.28,0.106996575670901,0.860103187777659,1.13644033016728
"626",1993-02-01,0.02,0.36607387301595,0.727545926178138,1.04089143398309
"627",1993-03-01,0.24,0.556063891068985,0.689120531740175,0.950238452795178
"628",1993-04-01,1,1.21239304434311,0.720503168278703,0.865407001914091
"629",1993-05-01,1.79,1.89462992735174,0.894239477152998,0.824660486318198
"630",1993-06-01,2.05,2.11916358505078,1.19062782064575,0.870382316366623
"631",1993-07-01,1.48,1.62691672009519,1.40409213814475,0.988228930364693
"632",1993-08-01,1.96,2.04144039584726,1.65725745801936,1.16343032752595
"633",1993-09-01,1.15,1.34193169301563,1.70706887711106,1.33407617120191
"634",1993-10-01,1.31,1.48010625159966,1.71091148596485,1.4831177671241
"635",1993-11-01,1.13,1.32465987319263,1.60630896499121,1.57376975783128
"636",1993-12-01,0.67,0.927408017263555,1.4021009983817,1.57764676408432
"637",1994-01-01,0.85,1.08285439567058,1.30781090789282,1.53720897151364
"638",1994-02-01,0.33,0.6337870802725,1.08050113498606,1.42394959555076
"639",1994-03-01,0.27,0.58197162080349,0.943540829171422,1.28858339961959
"640",1994-04-01,0.49,0.771961638856526,0.847907870752879,1.14655073421647
"641",1994-05-01,0.55,0.823777098325536,0.790797234836459,1.01888791640091
"642",1994-06-01,0.1,0.435161152307962,0.698122214021186,0.90706475772338
"643",1994-07-01,-0.91,-0.437065748753702,0.407936575242627,0.75424632663826
"644",1994-08-01,-0.88,-0.411158019019197,0.203628830559816,0.597851164318541
"645",1994-09-01,-1.51,-0.955220343443799,-0.0917262777404646,0.409065928045781
"646",1994-10-01,-1.06,-0.566604397426226,-0.289344889150536,0.208477960313644
"647",1994-11-01,-1.93,-1.31792855972687,-0.635302354390794,-0.0395824122208175
"648",1994-12-01,-2.22,-1.56836994716041,-0.955538825943957,-0.320049817888729
"649",1995-01-01,-0.86,-0.393886199196193,-0.888346394136024,-0.52329175523872
"650",1995-02-01,0.02,0.36607387301595,-0.664496811769838,-0.632883189049786
"651",1995-03-01,0.46,0.746053909122021,-0.325690756771027,-0.62468095459667
"652",1995-04-01,0.49,0.771961638856526,-0.0598112555613173,-0.537636017674829
"653",1995-05-01,0.89,1.11739803531659,0.334006542586736,-0.336718109742357
"654",1995-06-01,1.03,1.23830077407761,0.738525965573865,-0.0341729713817492
"655",1995-07-01,1,1.21239304434311,0.965522848128653,0.277517474485707
"656",1995-08-01,-0.11,0.253807044166428,0.874915660401189,0.511434332557037
"657",1995-09-01,1.22,1.40238306239614,1.00466477512633,0.710235396751048
"658",1995-10-01,0.64,0.90150028752905,1.00726181614245,0.858735546260711
"659",1995-11-01,0.05,0.391981602750454,0.860353725247268,0.915780608427239
"660",1995-12-01,0.44,0.728782089299018,0.79062418613203,0.907557151086744
"661",1996-01-01,1.01,1.22102895425461,0.839474516162318,0.886366704610375
"662",1996-02-01,1.01,1.22102895425461,0.986569676971016,0.909606611546577
"663",1996-03-01,0.85,1.08285439567058,0.962530012843434,0.910864881889343
"664",1996-04-01,1.37,1.53192171106867,1.09379234978946,0.940482647679058
"665",1996-05-01,2.13,2.18825086434279,1.40926006185294,1.05168342345389
"666",1996-06-01,1.1,1.29875214345812,1.45873632855904,1.16913553399818
"667",1996-07-01,0.57,0.841048918148539,1.34938614223169,1.24436661825152
"668",1996-08-01,-0.66,-0.221168000966161,1.01891225663626,1.22297389316996
"669",1996-09-01,0.07,0.409253422573458,0.87813443640592,1.17541245118943
"670",1996-10-01,0.4,0.694238449653011,0.767019145464814,1.09475488218544
"671",1996-11-01,0.38,0.676966629830008,0.593713972877782,0.950834676892526
"672",1996-12-01,-0.03,0.322894323458441,0.458078831274158,0.787931865415408
"673",1997-01-01,0.44,0.728782089299018,0.476094221600456,0.65891649251869
"674",1997-02-01,0.29,0.599243440626493,0.578514736748898,0.602343667888866
"675",1997-03-01,0.39,0.68560253974151,0.620206325786627,0.5763121302357
"676",1997-04-01,0.73,0.979223476732565,0.690605641657301,0.580609147171881
"677",1997-05-01,1.59,1.7219117291217,0.917244201157113,0.652678510754749
"678",1997-06-01,2.55,2.55095908062586,1.33936654967363,0.824109601449851
"679",1997-07-01,1.49,1.63555263000669,1.47065833658722,1.00342598752903
"680",1997-08-01,2.27,2.30915360310381,1.74973873954879,1.2135161053145
"681",1997-09-01,1.8,1.90326583726324,1.89849174128949,1.42806081528934
"682",1997-10-01,1.78,1.88599401744024,1.99532348373244,1.63225233763038
"683",1997-11-01,1.48,1.62691672009519,1.94402344893376,1.77791058063544
"684",1997-12-01,0.99,1.20375713443161,1.71619106038115,1.8118656913434
"685",1998-01-01,1.05,1.25557259390062,1.62387932468296,1.80748155927503
"686",1998-02-01,1.52,1.66146035974119,1.55804696595331,1.7589547612649
"687",1998-03-01,1.29,1.46283443177666,1.49985124362684,1.6873742778622
"688",1998-04-01,0.03,0.374709782927451,1.21222699530408,1.5502081770655
"689",1998-05-01,-0.83,-0.367978469461688,0.822141781142231,1.34843244529171
"690",1998-06-01,-0.78,-0.32479891990418,0.529663994650233,1.12928780118444
"691",1998-07-01,-1.16,-0.652963496541242,0.191937233449438,0.870403467774438
"692",1998-08-01,-0.87,-0.402522109107695,-0.0989572324494429,0.582696898873514
"693",1998-09-01,-1.7,-1.11930263176233,-0.491841759344019,0.247603909151256
"694",1998-10-01,-2.23,-1.57700585707192,-0.823513014571675,-0.0916115707927571
"695",1998-11-01,-0.97,-0.488881208222711,-0.799300075902667,-0.345616715036222
"696",1998-12-01,-1.09,-0.592512127160731,-0.805375083646963,-0.541061593966132
"697",1999-01-01,-0.78,-0.32479891990418,-0.716436438956283,-0.658672409205941
"698",1999-02-01,-1.06,-0.566604397426226,-0.717474143543679,-0.732093857914158
"699",1999-03-01,-1.18,-0.670235316364245,-0.663586636898221,-0.743237526211929
"700",1999-04-01,-1.85,-1.24884128043485,-0.692431145228004,-0.723439136726967
"701",1999-05-01,-2.32,-1.65472904627543,-0.924654854817957,-0.759119509947972
"702",1999-06-01,-2.34,-1.67200086609843,-1.12429920107125,-0.834024577745433
"703",1999-07-01,-1.87,-1.26611310025786,-1.24240782835482,-0.936150801294274
"704",1999-08-01,-1.84,-1.24020537052335,-1.31574581024596,-1.04328747919057
"705",1999-09-01,-2.24,-1.58564176698342,-1.44479324923869,-1.17249662784238
"706",1999-10-01,-2.54,-1.84471906432847,-1.55366042265857,-1.308025924979
"707",1999-11-01,-2.18,-1.53382630751441,-1.53838915389084,-1.39999207416293
"708",1999-12-01,-1.92,-1.30929264981537,-1.47374948521994,-1.44599020101028
"709",2000-01-01,-2.2,-1.55109812733741,-1.51313348293834,-1.48269829171346
"710",2000-02-01,-1.28,-0.756594415479262,-1.3765232438533,-1.47743406184733
"711",2000-03-01,-0.66,-0.221168000966161,-1.10142109578938,-1.39881784940232
"712",2000-04-01,-0.63,-0.195260271231656,-0.822601508750715,-1.25590998670409
"713",2000-05-01,-0.81,-0.350706649638685,-0.642247839978143,-1.0910732620393
"714",2000-06-01,-0.64,-0.203896181143158,-0.473974915230031,-0.914431964672331
"715",2000-07-01,-1.51,-0.955220343443799,-0.462337566407666,-0.750509491767609
"716",2000-08-01,-1.68,-1.10203081193933,-0.570610387365861,-0.642936061181218
"717",2000-09-01,-1.45,-0.903404883974789,-0.681461134979739,-0.601828898289296
"718",2000-10-01,-1.61,-1.04157944255882,-0.813042926367485,-0.624202868176277
"719",2000-11-01,-1.04,-0.549332577603223,-0.805126935354303,-0.661953046606749
"720",2000-12-01,0,0.348802053192946,-0.617480280612422,-0.672561529908136
"721",2001-01-01,0.48,0.763325728945024,-0.278184164237279,-0.608769864121443
"722",2001-02-01,-0.01,0.340166143281445,-0.05334557073071,-0.490938610297244
"723",2001-03-01,-0.41,-0.00527025317862032,0.0493560578219764,-0.352573853143329
"724",2001-04-01,-1.18,-0.670235316364245,0.0104067052557029,-0.223378962334607
"725",2001-05-01,-1.12,-0.618419856895236,-0.0660126433372151,-0.125762906988898
"726",2001-06-01,-1.22,-0.704778956010252,-0.250869684308954,-0.0997463155898823
"727",2001-07-01,-2.21,-1.55973403724891,-0.647609740079898,-0.200130756815201
"728",2001-08-01,-1.68,-1.10203081193933,-0.855168775273907,-0.359822306567687
"729",2001-09-01,-1.98,-1.36110810928438,-1.05814129948774,-0.557390644655479
"730",2001-10-01,-1.91,-1.30065673990386,-1.15330393606405,-0.749484376244881
"731",2001-11-01,-1.25,-0.730686685744757,-1.11835724192448,-0.904265219799032
"732",2001-12-01,-1.12,-0.618419856895236,-1.05363250946788,-1.00770983936907
"733",2002-01-01,-0.42,-0.0139061630901219,-0.770959548006484,-0.994671238500022
"734",2002-02-01,-1.51,-0.955220343443799,-0.775626680800334,-0.961656232150851
"735",2002-03-01,-1.27,-0.74795850556776,-0.706076413133525,-0.895514346887278
"736",2002-04-01,-1.23,-0.713414865921754,-0.64323815336938,-0.812468119877394
"737",2002-05-01,-1.3,-0.773866235302265,-0.662247742081417,-0.746409280619266
"738",2002-06-01,-1.18,-0.670235316364245,-0.668755605276531,-0.696049293217874
"739",2002-07-01,-0.71,-0.264347550523669,-0.651643467841993,-0.678177092340551
"740",2002-08-01,0.11,0.443797062219464,-0.378239408273067,-0.601752374600042
"741",2002-09-01,-0.21,0.167447945051412,-0.21845087431463,-0.50631105856396
"742",2002-10-01,-0.2,0.176083854962914,-0.0783776415034679,-0.397699379186349
"743",2002-11-01,1.08,1.28148032363512,0.295150747608997,-0.217088145620022
"744",2002-12-01,1.57,1.7046399092987,0.708357051443784,0.0344937092334276
"745",2003-01-01,1.45,1.60100899036068,1.00915855653187,0.322338125958472
"746",2003-02-01,1.23,1.41101897230765,1.15851712365441,0.581679720871806
"747",2003-03-01,1.01,1.22102895425461,1.27966270148118,0.82053499055383
"748",2003-04-01,0.36,0.659694810007005,1.26384520517631,1.01479591842961
"749",2003-05-01,0.21,0.53015616133448,1.10174806015327,1.11203415318709
"750",2003-06-01,-0.42,-0.0139061630901219,0.792088028049895,1.08584455904052
"751",2003-07-01,0.37,0.668330719918506,0.676902298475132,1.0047591249186
"752",2003-08-01,0.63,0.892864377617548,0.644074505047391,0.90886107120373
"753",2003-09-01,-0.17,0.201991584697419,0.484630829059674,0.775624306624481
"754",2003-10-01,0.74,0.987859386644066,0.575949900973053,0.678984548723789
"755",2003-11-01,-0.23,0.150176125228409,0.487470872934242,0.591287226648254
"756",2003-12-01,-0.6,-0.169352541497151,0.397889677313299,0.527192971517772
"757",2004-01-01,-0.55,-0.126172991939643,0.253754399305631,0.451059093025126
"758",2004-02-01,-0.21,0.167447945051412,0.165710358890101,0.367537322444986
"759",2004-03-01,-0.15,0.219263404520422,0.173477993043343,0.312443820326084
"760",2004-04-01,0,0.348802053192946,0.123738783765678,0.242616430783476
"761",2004-05-01,0.61,0.875592557794545,0.285277625412405,0.225379455338771
"762",2004-06-01,-0.11,0.253807044166428,0.327613754306288,0.229097445000704
"763",2004-07-01,0.04,0.383345692838953,0.389074589534333,0.261425399367633
"764",2004-08-01,0.24,0.556063891068985,0.449813525609711,0.313156328504864
"765",2004-09-01,0.02,0.36607387301595,0.456350984534298,0.3596985799328
"766",2004-10-01,-0.72,-0.272983460435171,0.308168542322679,0.373963911925741
"767",2004-11-01,-1.22,-0.704778956010252,0.0245974891763171,0.306884719847891
"768",2004-12-01,-0.64,-0.203896181143158,-0.0502586934995824,0.226420209167424
"769",2005-01-01,-0.15,0.219263404520422,-0.0379698255757745,0.150872977605144
"770",2005-02-01,-0.01,0.340166143281445,-0.0191613335342735,0.0812197965014116
"771",2005-03-01,0.7,0.95331574699806,0.150878392380281,0.0556928956229635
"772",2005-04-01,0.28,0.590607530714992,0.292870561368771,0.0801379336155324
"773",2005-05-01,1.36,1.52328580115717,0.669980845377694,0.214952348877619
"774",2005-06-01,0.85,1.08285439567058,0.85524880614272,0.383897739722559
"775",2005-07-01,0.11,0.443797062219464,0.834541219646004,0.528412994027222
"776",2005-08-01,-0.42,-0.0139061630901219,0.70246949812511,0.626399608477902
"777",2005-09-01,-0.99,-0.506153028045714,0.409968961441948,0.630285127644445
"778",2005-10-01,-2,-1.37837992910738,-0.00150858525298047,0.528376371510592
"779",2005-11-01,-1.89,-1.28338492008086,-0.447521128186078,0.298939240816186
"780",2005-12-01,-0.1,0.26244295407793,-0.457691140095372,0.0730031523698075
"781",2006-01-01,0.54,0.815141188414034,-0.275886508999632,-0.0857431664215011
"782",2006-02-01,0.38,0.676966629830008,-0.09498729148597,-0.172985647861733
"783",2006-03-01,-0.74,-0.290255280258174,-0.0929124970087501,-0.218792237877952
"784",2006-04-01,-0.54,-0.117537082028141,0.0410289035705675,-0.185586857519064
"785",2006-05-01,-0.37,0.0292733864673862,0.182480236537483,-0.0767472610792254
"786",2006-06-01,0.21,0.53015616133448,0.249893680740696,0.0361154047123684
"787",2006-07-01,0.39,0.68560253974151,0.283612262410905,0.124232669090459
"788",2006-08-01,-0.85,-0.385250289284692,0.093954984155012,0.141538784985808
"789",2006-09-01,-1.54,-0.981128073178304,-0.100568594302725,0.113724588478387
"790",2006-10-01,-0.46,-0.0484498027361285,-0.0873089639664279,0.0775426825268029
"791",2006-11-01,-0.81,-0.350706649638685,-0.1577008055243,0.0145867087099049
"792",2006-12-01,-0.42,-0.0139061630901219,-0.200668377078629,-0.0580300457161862
"793",2007-01-01,-0.69,-0.247075730700666,-0.306545387678851,-0.14942284576893
"794",2007-02-01,-0.71,-0.264347550523669,-0.288771156477921,-0.206331366875101
"795",2007-03-01,-1.1,-0.601148037072232,-0.281697913417696,-0.234223615897476
"796",2007-04-01,-0.46,-0.0484498027361285,-0.256027338586323,-0.254909146392726
"797",2007-05-01,-0.29,0.0983606657593992,-0.168361606697056,-0.24658454076287
"798",2007-06-01,-0.07,0.288350683812435,-0.0851726606976357,-0.216242067680274
"799",2007-07-01,0.43,0.720146179387516,0.10859414579655,-0.135360533356112
"800",2007-08-01,0.09,0.426525242396461,0.219058255947874,-0.0408745954649443
"801",2007-09-01,-0.97,-0.488881208222711,0.152284796236161,0.027573264551593
"802",2007-10-01,-2.33,-1.66336495618693,-0.223867206183475,0.00318899881951442
"803",2007-11-01,-1.46,-0.912040793886291,-0.409683782686908,-0.0688728409493563
"804",2007-12-01,-0.87,-0.402522109107695,-0.483678056876347,-0.157957878374933
"805",2008-01-01,-1.5,-0.946584433532297,-0.715187543851933,-0.308947133982848
"806",2008-02-01,-1.46,-0.912040793886291,-0.88184054447182,-0.491821544396697
"807",2008-03-01,-1.26,-0.739322595656258,-0.8933012338625,-0.649365645757289
"808",2008-04-01,-1.79,-1.19702582096584,-0.876468647478618,-0.745128622040783
"809",2008-05-01,-1.62,-1.05021535247032,-0.910602255465074,-0.817706921567043
"810",2008-06-01,-1.85,-1.24884128043485,-1.03972719080409,-0.902521424553824
"811",2008-07-01,-1.96,-1.34383628946137,-1.1163820064215,-0.969654807087864
"812",2008-08-01,-1.85,-1.24884128043485,-1.16766719333597,-1.02263672979335
"813",2008-09-01,-1.87,-1.26611310025786,-1.23559115035917,-1.0833782467172
"814",2008-10-01,-1.9,-1.29202082999236,-1.25213476267751,-1.14277218917413
"815",2008-11-01,-1.59,-1.02430762273581,-1.22395795228187,-1.18566944328571
"816",2008-12-01,-1.31,-0.782502145213766,-1.12457786552983,-1.18808770137098
"817",2009-01-01,-1.81,-1.21429764078885,-1.12057899441067,-1.18102501137316
"818",2009-02-01,-1.78,-1.18838991105434,-1.12160221583212,-1.16942141921166
"819",2009-03-01,-2.06,-1.43019538857639,-1.17314466426576,-1.16305321370267
"820",2009-04-01,-2.23,-1.57700585707192,-1.24847937845092,-1.17205878205972
"821",2009-05-01,-1.32,-0.791138055125268,-1.17300892520397,-1.16662266118563
"822",2009-06-01,-0.73,-0.281619370346672,-1.02031502200102,-1.13916569181226
"823",2009-07-01,-0.71,-0.264347550523669,-0.833847226721572,-1.07441467445966
"824",2009-08-01,-0.49,-0.0743575324706333,-0.628553920992554,-0.971477655253477
"825",2009-09-01,0.33,0.6337870802725,-0.264712412031356,-0.794488542356652
"826",2009-10-01,-0.13,0.236535224343425,-0.0127242664200089,-0.573993043530152
"827",2009-11-01,-0.94,-0.462973478488206,-0.0274240241809608,-0.389345126396335
"828",2009-12-01,-0.51,-0.0916293522936366,-0.0139692448861791,-0.238828315804543
"829",2010-01-01,0.05,0.391981602750454,0.10209634972343,-0.0998095149193517
"830",2010-02-01,0.25,0.564699800980487,0.222748167086164,0.028177619843635
"831",2010-03-01,-0.16,0.21062749460892,0.175511215668873,0.0920494385075675
"832",2010-04-01,-0.04,0.31425841354694,0.199205031645998,0.126811781713313
"833",2010-05-01,-0.18,0.193355674785917,0.269933810383586,0.174830003191203
"834",2010-06-01,-0.79,-0.333434829815682,0.177136965726762,0.19583803310886
"835",2010-07-01,-1.99,-1.36974401919588,-0.184582909923987,0.122848395900241
"836",2010-08-01,-2.21,-1.55973403724891,-0.568017223672136,-0.039579066897547
"837",2010-09-01,-2.45,-1.76699587512495,-0.915459869416045,-0.255152701348905
"838",2010-10-01,-1.6,-1.03294353264731,-1.07440307815945,-0.483902915092069
"839",2010-11-01,-1.57,-1.00703580291281,-1.19658532275694,-0.721726993970471
"840",2010-12-01,-2.04,-1.41292356875338,-1.33740388484911,-0.953873628299283
"841",2011-01-01,-1.8,-1.20566173087735,-1.30501919845588,-1.11395182395494
"842",2011-02-01,-1.46,-0.912040793886291,-1.19119452094552,-1.18993262371823
"843",2011-03-01,-1.28,-0.756594415479262,-1.0340516615015,-1.18575633687653
"844",2011-04-01,-1.02,-0.532060757780219,-0.924517860287663,-1.14076050632277
"845",2011-05-01,-0.66,-0.221168000966161,-0.761988976995783,-1.05199641520495
"846",2011-06-01,-1.08,-0.583876217249229,-0.652314979283714,-0.933522092130778
"847",2011-07-01,-2.3,-1.63745722645243,-0.807495702664553,-0.865490403788577
"848",2011-08-01,-2.37,-1.69790859583294,-0.991353813590588,-0.857515626375008
"849",2011-09-01,-2.5,-1.81017542468246,-1.19652514814903,-0.912868142532033
"850",2011-10-01,-1.92,-1.30929264981537,-1.29320932222429,-0.994957011628094
"851",2011-11-01,-2.95,-2.19879137070003,-1.60773864179492,-1.15458718876161
"852",2011-12-01,-2.4,-1.72381632556744,-1.7439956077919,-1.33804919134127
"853",2012-01-01,-1.85,-1.24884128043485,-1.64690642182408,-1.46307426443828
"854",2012-02-01,-1.35,-0.817045784859773,-1.45917697656846,-1.51321564700492
"855",2012-03-01,-1.66,-1.08475899211632,-1.33932031683521,-1.50955269829034
"856",2012-04-01,-1.01,-0.523424847868718,-1.16394350599081,-1.45729788629351
"857",2012-05-01,-2.12,-1.4820108480454,-1.12121843352284,-1.36748551965881
"858",2012-06-01,-1.63,-1.05885126238182,-1.04229993748898,-1.25546799670508
"859",2012-07-01,-2.4,-1.72381632556744,-1.16900023850977,-1.1940507424395
"860",2012-08-01,-2.6,-1.89653452379748,-1.36685486064846,-1.2030991149173
"861",2012-09-01,-2.99,-2.23333501034604,-1.58760825044258,-1.27280054228387
"862",2012-10-01,-1.22,-0.704778956010252,-1.50940574619078,-1.33644276767965
"863",2012-11-01,-0.66,-0.221168000966161,-1.22969074184288,-1.33627057481015
"864",2012-12-01,-1.31,-0.782502145213766,-1.15024222986566,-1.32734971737932
"865",2013-01-01,-1.1,-0.601148037072232,-0.967885006018249,-1.26561341288233
"866",2013-02-01,-1.42,-0.877497154240284,-0.847643029705495,-1.1628929732699
"867",2013-03-01,-1.48,-0.929312613709294,-0.715089225791906,-1.01926639223354
"868",2013-04-01,-0.72,-0.272983460435171,-0.619633953865348,-0.878849640147196
"869",2013-05-01,-0.4,0.00336565673288127,-0.526949759978087,-0.763871881740071
"870",2013-06-01,-1.19,-0.678871226275747,-0.532449093334943,-0.671260683605722
"871",2013-07-01,-1.34,-0.808409874948271,-0.585320411185253,-0.620152357414728
"872",2013-08-01,-1.56,-0.998399893001307,-0.643997845096566,-0.600532138369212
"873",2013-09-01,-1,-0.514788937957216,-0.584781919969229,-0.584689175338095
"874",2013-10-01,-1.65,-1.07612308220482,-0.726230429667341,-0.611922501211454
"875",2013-11-01,-1.09,-0.592512127160731,-0.775712122932145,-0.6570426064705
"876",2013-12-01,-1.04,-0.549332577603223,-0.736614199362975,-0.68795750972124
"877",2014-01-01,-0.57,-0.143444811762646,-0.598772685460853,-0.679480957792091
"878",2014-02-01,-0.42,-0.0139061630901219,-0.427148102598171,-0.627911307492163
"879",2014-03-01,0.3,0.607879350537995,-0.19217704391569,-0.537673807286176
"880",2014-04-01,0.36,0.659694810007005,0.0897071858372675,-0.380193972392932
"881",2014-05-01,1.27,1.44556261195365,0.459903526571401,-0.153774362054714
"882",2014-06-01,-0.28,0.106996575670901,0.49226176483242,0.0509209347095563
"883",2014-07-01,0.25,0.564699800980487,0.577354606767759,0.236830139441706
"884",2014-08-01,0.34,0.642422990184002,0.656210906555308,0.401334570260507
"885",2014-09-01,0.76,1.00513120646707,0.738049732150951,0.539432221019297
"886",2014-10-01,1.43,1.58373717053768,0.931866792697392,0.674145150532588
"887",2014-11-01,1.35,1.51464989124567,1.00424737210026,0.769724580480401
"888",2014-12-01,1.86,1.95508129673225,1.30962455899962,0.918007577988941
"889",2015-01-01,1.51,1.65282444982969,1.46532914275333,1.07482527376239
"890",2015-02-01,1.52,1.66146035974119,1.5973578059321,1.23481562364446
"891",2015-03-01,1.33,1.49737807142266,1.63983408953908,1.37693950388503
"892",2015-04-01,0.9,1.12603394522809,1.5336804455033,1.45941514587641
"893",2015-05-01,0.32,0.625151170360998,1.33739911713814,1.48227182723477
"894",2015-06-01,0.82,1.05694666593608,1.20893675641156,1.44119495065043
"895",2015-07-01,1.41,1.56646535071468,1.23877685460505,1.39429536212757
"896",2015-08-01,0.98,1.19512122452011,1.183031066316,1.3257812021338
"897",2015-09-01,0.97,1.1864853146086,1.14980585590949,1.25318974866385
"898",2015-10-01,0.84,1.07421848575908,1.13581595012889,1.1970862455064
"899",2015-11-01,0.17,0.495612521688474,1.05050831354386,1.14976409157312
"900",2015-12-01,0.28,0.590607530714992,0.949085142318396,1.09940644622646
"901",2016-01-01,0.75,0.996495296555568,0.892818173538331,1.03905001987206
"902",2016-02-01,1.29,1.46283443177666,0.985297199746845,1.01168169230735
"903",2016-03-01,1.56,1.6960039993872,1.1187687232263,1.02010549003856
"904",2016-04-01,1.74,1.85145037779423,1.28399731818998,1.06535909315246
"905",2016-05-01,1.6,1.73054763903321,1.46718044969216,1.15483624939127
"906",2016-06-01,0.86,1.09149030558209,1.47979191949728,1.24831220561557
"907",2016-07-01,0.57,0.841048918148539,1.39249728587744,1.31845632952176
"908",2016-08-01,-0.63,-0.195260271231656,1.03662964386874,1.29290099645132
"909",2016-09-01,-0.8,-0.342070739727184,0.662618986615758,1.17333280243986
"910",2016-10-01,-0.43,-0.0225420730016236,0.383699525177326,0.988300239878498
"911",2016-11-01,0.96,1.1778494046971,0.412448744158856,0.810206006500632
"912",2016-12-01,0.61,0.875592557794545,0.440378431390493,0.65672415523072
"913",2017-01-01,-0.05,0.305622503635438,0.367560561509324,0.513858558524698
"914",2017-02-01,-0.01,0.340166143281445,0.422391341250707,0.437258606103275
"915",2017-03-01,0.1,0.435161152307962,0.508115213036522,0.428242423210599
"916",2017-04-01,0.56,0.832413008237037,0.636467391645302,0.478554281318813
"917",2017-05-01,0.45,0.737417999210519,0.599636688803745,0.512177442750976
"918",2017-06-01,0.35,0.651058900095503,0.580923595085661,0.535021362244345
"919",2017-07-01,-0.43,-0.0225420730016236,0.478930166933897,0.540995908293931
"920",2017-08-01,-0.62,-0.186624361320154,0.348124029681326,0.511652536633504
"921",2017-09-01,-0.18,0.193355674785917,0.30473147466589,0.466600506357435
"922",2017-10-01,-0.68,-0.238439820789164,0.128541150864898,0.374116602024225
"923",2017-11-01,-0.59,-0.16071663158565,-0.000710976913698205,0.267504715314006
"924",2017-12-01,-0.02,0.331530233369943,0.00150096163203615,0.175317447972473
"925",2018-01-01,0.39,0.68560253974151,0.15412865666797,0.13788646436236
"926",2018-02-01,-0.08,0.279714773900933,0.218542473807065,0.13286788389102
"927",2018-03-01,-0.71,-0.264347550523669,0.116086207746474,0.110565531773022
"928",2018-04-01,-0.81,-0.350706649638685,0.0525448112714645,0.0959433832178283
"929",2018-05-01,-0.45,-0.0398138928246268,0.0555712142861667,0.097639575462741
"930",2018-06-01,-0.65,-0.212532091054659,-0.0330780147367236,0.0794693055170919
"931",2018-07-01,-0.01,0.340166143281445,-0.0297350612361612,0.0474524455836193
"932",2018-08-01,-0.24,0.141540215316907,-0.0259749540618973,0.0126600291988672
"933",2018-09-01,-0.35,0.0465452062903894,0.0157187457174422,0.00215036471494443
"934",2018-10-01,-0.57,-0.143444811762646,0.0205278793015516,0.000719269019430972
"935",2018-11-01,-0.69,-0.247075730700666,-0.0316725591434888,-0.0123144087011928
"936",2018-12-01,-0.21,0.167447945051412,0.0315164631384112,-0.000467013365072008
"937",2019-01-01,-0.34,0.055181116201891,0.00337847825721232,0.00353670537123246
"938",2019-02-01,-0.72,-0.272983460435171,-0.0722398632378743,-0.00991137488733528
"939",2019-03-01,-0.39,0.0120015666443829,-0.066777250560659,-0.0250793936351162
"940",2019-04-01,0.1,0.435161152307962,0.0511744956171247,-0.0133656101079539
"941",2019-05-01,0.26,0.573335710891988,0.197605050534404,0.0346843593215596
"942",2019-06-01,-0.05,0.305622503635438,0.224522232253041,0.0765789383943873
"943",2019-07-01,0.54,0.815141188414034,0.372142607593891,0.149195236746914
"944",2019-08-01,0.01,0.357437963104448,0.439387688252402,0.237026197666384
"945",2019-09-01,0.13,0.461068882042467,0.490352505023374,0.325493841993205
"946",2019-10-01,-0.9,-0.4284298388422,0.294981970612779,0.348520162918933
"947",2019-11-01,-0.49,-0.0743575324706333,0.183866344603574,0.328694974257037
"948",2019-12-01,0,0.348802053192946,0.206809909124552,0.313276824834863
"949",2020-01-01,-1.41,-0.868861244328783,-0.0947849171367263,0.217427764751927
"950",2020-02-01,-1.48,-0.929312613709294,-0.326914609618369,0.0739086177345231
"951",2020-03-01,-1.75,-1.16248218131984,-0.594899320469184,-0.117363699785359
"952",2020-04-01,-1.32,-0.791138055125268,-0.655875853613123,-0.279881027584922
"953",2020-05-01,-0.53,-0.10890117211664,-0.599361649463037,-0.400056171261499
"954",2020-06-01,-0.76,-0.307527100081177,-0.638097738328627,-0.517925899057098
"955",2020-07-01,-0.92,-0.445701658665203,-0.570946038357999,-0.575466257783042
"956",2020-08-01,-1.33,-0.79977396503677,-0.582135181159175,-0.60397488021847
"957",2020-09-01,-1.04,-0.549332577603223,-0.512191979298885,-0.584802906671696
"958",2020-10-01,-0.62,-0.186624361320154,-0.410630686933274,-0.538935280990124
"959",2020-11-01,-1.59,-1.02430762273581,-0.577886081983068,-0.540953888596023
"960",2020-12-01,-0.99,-0.506153028045714,-0.591441886158335,-0.541495730498605
"961",2021-01-01,-0.61,-0.177988451408653,-0.516503674639885,-0.532834640762425
"962",2021-02-01,-1.1,-0.601148037072232,-0.504465352840334,-0.521275666580342
"963",2021-03-01,-1.68,-1.10203081193933,-0.629766338583086,-0.545893979414605
"964",2021-04-01,-1.85,-1.24884128043485,-0.813024051301207,-0.61890532612969
"965",2021-05-01,-2.01,-1.38701583901888,-0.915363184175085,-0.688088671230937
"966",2021-06-01,-1.81,-1.21429764078885,-1.02523126622728,-0.772375966674803
"967",2021-07-01,-1.96,-1.34383628946137,-1.18720639565185,-0.890976081927701
"968",2021-08-01,-0.94,-0.462973478488206,-1.09239134111996,-0.977369102220981
"969",2021-09-01,-1.96,-1.34383628946137,-1.14655995505842,-1.05209789499068
"970",2021-10-01,-3.11,-2.33696592928406,-1.39635549801176,-1.15343628282181
"971",2021-11-01,-2.75,-2.02607317247,-1.53554183582827,-1.26300134242045
"972",2021-12-01,-2.71,-1.99152953282399,-1.67018596473444,-1.3779206131696
"973",2022-01-01,-2.4,-1.72381632556744,-1.7171868980031,-1.47291898310496
"974",2022-02-01,-1.91,-1.30065673990386,-1.76131927324973,-1.577382514865
"975",2022-03-01,-1.67,-1.09339490202782,-1.66111971932972,-1.64236632454135
"976",2022-04-01,-2.1,-1.46473902822239,-1.54497376814365,-1.64775500553336
"977",2022-05-01,-2.25,-1.59427767689492,-1.50342270157716,-1.62844642802601
"978",2022-06-01,-1.34,-0.808409874948271,-1.29829543638048,-1.55165219310873
"979",2022-07-01,-2.62,-1.91380634362048,-1.38655922459179,-1.49751261034542
"980",2022-08-01,-2.38,-1.70654450574444,-1.46611927512843,-1.46181091005421
"981",2022-09-01,-2.29,-1.62882131654093,-1.54213916153075,-1.45790185705696
"982",2022-10-01,-1.8,-1.20566173087735,-1.47678466994853,-1.45260877484163
"983",2022-11-01,-2.41,-1.73245223547895,-1.52019158244527,-1.46194852568148
"984",2022-12-01,-2.21,-1.55973403724891,-1.60590301749835,-1.51119262694527
"985",2023-01-01,-1.25,-0.730686685744757,-1.38071043648084,-1.49603423206086
"986",2023-02-01,-1.65,-1.07612308220482,-1.27860550507733,-1.45152664763602
"987",2023-03-01,-2.45,-1.76699587512495,-1.34699509994849,-1.41892508848409
"988",2023-04-01,-3.07,-2.30242228963805,-1.57101459091175,-1.44587633514458
"989",2023-05-01,-2.41,-1.73245223547895,-1.5887049096695,-1.46897766744533
"990",2023-06-01,-2.53,-1.83608315441696,-1.64599570840366,-1.49285256617745
"991",2023-07-01,-2.52,-1.82744724450546,-1.785388926995,-1.56904883638802
"992",2023-08-01,-2.46,-1.77563178503645,-1.86072532559142,-1.66474333950384
"993",2023-09-01,-2.94,-2.19015546078853,-1.94319253267629,-1.76023486604894
