"time","pdo","pdo_z","pdo_int","pdo_int_z"
1941-01-01,2.67,2.66951842303517,2.66951842303517,0.176974195430033
1941-02-01,2.86,2.83665915578859,5.22780691177721,0.380614077920539
1941-03-01,2.43,2.45839328692558,7.84664077957508,0.589073375395136
1941-04-01,2.31,2.35283071887079,9.97809070068503,0.758736888083127
1941-05-01,2.07,2.1417055827612,11.9151676403606,0.912928302423802
1941-06-01,2.83,2.81026851377489,13.5604079047735,1.04388950386298
1941-07-01,3.01,2.96861236585708,15.8056594225161,1.22261162892698
1941-08-01,3.22,3.15334685995297,18.1157026457684,1.40649117675796
1941-09-01,2.04,2.1153149407475,20.5142285621477,1.59741395107028
1941-10-01,1.14,1.32359568033655,21.7747839794723,1.69775422081953
1941-11-01,1.51,1.64908026517216,22.1910969939975,1.73089275610601
1941-12-01,2.21,2.26486191215846,22.9155482177531,1.78855910715473
1942-01-01,2.48,2.50237769028175,24.2255956208386,1.89283894126854
1942-02-01,1.96,2.04493989537764,25.7185734935854,2.01168004926125
1942-03-01,1.11,1.29720503832285,26.6919061600636,2.08915737470677
1942-04-01,0.97,1.17404870892559,26.8769484417172,2.10388674891829
1942-05-01,0.53,0.786985959391349,26.9311242989045,2.1081991496659
1942-06-01,0.77,0.998111095500936,26.5959800791749,2.08152165421398
1942-07-01,0.58,0.830970362747513,26.4859253380435,2.07276129170985
1942-08-01,0.6,0.848564124089978,26.2133154783725,2.0510615342222
1942-09-01,0.37,0.646235868651624,25.969658124197,2.03166639751631
1942-10-01,0.23,0.523079539254365,25.5338249043404,1.99697405297909
1942-11-01,-0.13,0.206391835089984,24.9929950725806,1.95392397325916
1942-12-01,-0.93,-0.497358618608641,24.1580121129797,1.88745929090494
1943-01-01,-1.62,-1.1043433849237,22.6540696563303,1.76774540152447
1943-02-01,-0.7,-0.295030363170286,20.6058067023928,1.60470357528596
1943-03-01,0.32,0.60225146529546,19.4522010599561,1.5128765125837
1943-04-01,1.28,1.44675200973381,19.2439441477534,1.49629925270256
1943-05-01,0.58,0.830970362747513,19.8888651513308,1.54763499453234
1943-06-01,-0.14,0.197594954418751,19.8911327994396,1.54781549942709
1943-07-01,-0.22,0.127219909048888,19.2599305538817,1.49757177137265
1943-08-01,-1.88,-1.33306228237576,18.5846533565188,1.44381967510805
1943-09-01,-1.61,-1.09554650425247,16.4772305176215,1.2760687192798
1943-10-01,-1.48,-0.981187055526445,14.6951327418014,1.13421365357803
1943-11-01,-0.18,0.16240743173382,13.1016484886999,1.00737223304238
1943-12-01,1.98,2.06253365672011,12.7181539000713,0.976846045981086
1944-01-01,1.58,1.71065842987079,14.2507644776217,1.09884191911639
1944-02-01,0.25,0.54067330059683,15.3676410542583,1.18774534647556
1944-03-01,-0.53,-0.145483391759329,15.2679959775943,1.17981359374638
1944-04-01,-0.87,-0.444577334581244,14.4863460867686,1.11759422614302
1944-05-01,-1.76,-1.22749971432096,13.438170998572,1.03415944045363
1944-06-01,-2.1,-1.52659365714288,11.6507474926439,0.891880446387973
1944-07-01,-1.49,-0.989983936197678,9.63870602330749,0.731721852005541
1944-08-01,-1,-0.55893678330727,8.24710933613866,0.620950691092183
1944-09-01,-1.94,-1.38584356640315,7.34454299715895,0.549106368601371
1944-10-01,-1.5,-0.998780816868911,5.65267680587417,0.414433741218247
1944-11-01,-0.81,-0.391796050553847,4.4183677887605,0.316182686144472
1944-12-01,-0.48,-0.101498988403165,3.84247308034164,0.270341440614345
1945-01-01,-0.09,0.241579357774915,3.58087104692424,0.249517906607595
1945-02-01,-0.34,0.0216573409940947,3.67324744441064,0.256871072136741
1945-03-01,-0.06,0.267969999788613,3.54185280855429,0.24641205302165
1945-04-01,-0.37,-0.00473330101960366,3.66224560798648,0.255995325446539
1945-05-01,-0.38,-0.0135301816908365,3.50491873996744,0.243472099447211
1945-06-01,0.16,0.461501374555735,3.34535027744462,0.2307704424213
1945-07-01,0.31,0.593454584624227,3.66746205710683,0.25641055503873
1945-08-01,-0.61,-0.215858437129191,4.10810572268494,0.291485811278747
1945-09-01,-0.57,-0.18067091444426,3.72107621377721,0.260678244399109
1945-10-01,-0.42,-0.0487177043757677,3.38536045709224,0.233955254579006
1945-11-01,-1.34,-0.858030726129186,3.19558606700429,0.218849204316387
1945-12-01,-1.99,-1.42982796975932,2.20440592141659,0.139951218705057
1946-01-01,-1.1,-0.646905590019599,0.682727704931584,0.0188255620181756
1946-02-01,0.67,0.910142288788608,0.00737512720650291,-0.0349325345267614
1946-03-01,0.73,0.962923572816005,0.917210119028173,0.0374903730677687
1946-04-01,0.67,0.910142288788608,1.84191660355134,0.111097052171852
1946-05-01,-0.45,-0.0751083463894661,2.67531236719197,0.17743539365394
1946-06-01,-0.63,-0.233452198471657,2.48873267216951,0.16258364126687
1946-07-01,-0.07,0.259173119117381,2.15158327902412,0.135746533917952
1946-08-01,-0.17,0.171204312405052,2.32110709484883,0.149240637528941
1946-09-01,-0.15,0.188798073747518,2.39559861163518,0.15517016572393
1946-10-01,-1.23,-0.761265038745625,2.48458007656457,0.162253094463903
1946-11-01,-1.82,-1.28028099834836,1.61979086796209,0.0934158333051892
1946-12-01,-1.66,-1.13953090760864,0.272018583448639,-0.0138669031219429
1947-01-01,-0.15,0.188798073747518,-0.878846431803689,-0.105475811773077
1947-02-01,0.22,0.514282658583132,-0.653429756731018,-0.0875326339707289
1947-03-01,0.31,0.593454584624227,-0.111920858284093,-0.0444285005109728
1947-04-01,0.1,0.408720090528338,0.486197095435304,0.00318171637694798
1947-05-01,-0.36,0.00406357965162915,0.874658973653838,0.0341032999202337
1947-06-01,0.67,0.910142288788608,0.842278429403224,0.031525807094389
1947-07-01,0.78,1.00690797617217,1.71732578363336,0.101179617121371
1947-08-01,0.61,0.857361004761211,2.65267851882081,0.175633738272659
1947-09-01,0.4,0.672626510665322,3.39951125196449,0.235081658507888
1947-10-01,1.39,1.54351769711737,3.93049146046462,0.277347707759011
1947-11-01,0.61,0.857361004761211,5.31023868006263,0.387175650503537
1947-12-01,0.43,0.699017152679021,5.94633973982124,0.437809324395812
1948-01-01,0.27,0.558267061939296,6.39759273667437,0.473729083897934
1948-02-01,-0.32,0.0392511023365604,6.68929343458557,0.496948472995934
1948-03-01,-1.11,-0.655702470690831,6.44982397714773,0.477886693064819
1948-04-01,-1.13,-0.673296232033297,5.52537884074241,0.404300817283051
1948-05-01,-1.78,-1.24509347566343,4.62185849034485,0.332380555439081
1948-06-01,0.01,0.329548164487243,3.18418757758372,0.217941884029254
1948-07-01,-0.1,0.232782477103682,3.38106125967164,0.233613038264706
1948-08-01,-1.07,-0.6205149480059,3.472966184289,0.240928674531584
1948-09-01,-1.07,-0.6205149480059,2.70774431193773,0.180016977961584
1948-10-01,-1.74,-1.2099059529785,1.97440668426776,0.121643268748668
1948-11-01,-0.92,-0.488561737937408,0.682233786111435,0.018786246057158
1948-12-01,-1.85,-1.30667164036206,0.165245640419384,-0.0223660343447608
1949-01-01,-2.82,-2.15996906547164,-1.14831123496015,-0.126925222616141
1949-02-01,-3.17,-2.46785988896479,-3.26043399897512,-0.295050292701972
1949-03-01,-1.82,-1.28028099834836,-5.59244247131594,-0.48067827538029
1949-04-01,-1.54,-1.03396833955384,-6.63970503335947,-0.564040423945527
1949-05-01,-1.37,-0.884421368142884,-7.39701899652334,-0.624322650577028
1949-06-01,-1.21,-0.743671277403159,-7.97323123981108,-0.670189171897462
1949-07-01,-1.48,-0.981187055526445,-8.38468454888878,-0.702940874404677
1949-08-01,-1.61,-1.09554650425247,-9.01650974821153,-0.753234189607722
1949-09-01,-1.6,-1.08674962358124,-9.73636834628852,-0.810534967439178
1949-10-01,-2.29,-1.6937343898963,-10.4174359554411,-0.864747980751102
1949-11-01,-1.08,-0.629311828677133,-11.6771105138607,-0.965018134090603
1949-12-01,-0.93,-0.497358618608641,-11.8198760711269,-0.9763822790779
1950-01-01,-1.61,-1.09554650425247,-11.8247398534386,-0.976769436375745
1950-02-01,-2.17,-1.58817182184151,-12.4275888637978,-1.02475624559187
1950-03-01,-1.89,-1.34185916304699,-13.4979444829811,-1.10995660257769
1950-04-01,-1.99,-1.42982796975932,-14.2773892925705,-1.17200044561224
1950-05-01,-3.19,-2.48545365030725,-15.1123260418061,-1.23846144961924
1950-06-01,-2.52,-1.89606264533466,-16.9680994403714,-1.38618109831245
1950-07-01,-3.65,-2.89011016118396,-18.1571579423573,-1.48083021028097
1950-08-01,-2.98,-2.30071915621137,-20.290719855943,-1.6506618376681
1950-09-01,-2.4,-1.79050007727986,-21.7459923514901,-1.76650159588497
1950-10-01,-1.92,-1.36824980506069,-22.6304094141245,-1.83690123513599
1950-11-01,-1.45,-0.954796413512747,-23.0557254935967,-1.87075641481028
1950-12-01,-1.06,-0.611718067334667,-23.0498666782096,-1.87029005283343
1951-01-01,-1.19,-0.726077516060694,-22.7011736339522,-1.84253407032
1951-02-01,-1.52,-1.01637457821138,-22.4813689152649,-1.8250376045065
1951-03-01,-1.72,-1.19231219163603,-22.5610197886735,-1.83137781772818
1951-04-01,-1.35,-0.866827606800419,-22.8132894891148,-1.85145849759672
1951-05-01,-1.29,-0.814046322773022,-22.7295633672021,-1.84479389440489
1951-06-01,-1.77,-1.2362965949922,-22.5965445496751,-1.83420559035339
1951-07-01,-0.23,0.118423028377656,-22.8913184550975,-1.85766960691198
1951-08-01,-1.76,-1.22749971432096,-21.8190904910908,-1.77232021119128
1951-09-01,-0.78,-0.365405408540149,-22.1374614349496,-1.79766255310507
1951-10-01,-0.09,0.241579357774915,-21.5804726170335,-1.7533262173368
1951-11-01,-0.31,0.0480479830077932,-20.4397069002155,-1.66252121330997
1951-12-01,-1.45,-0.954796413512747,-19.5400044630321,-1.59090485753512
1952-01-01,-2.19,-1.60576558318397,-19.6806340239185,-1.6020989771114
1952-02-01,-1.35,-0.866827606800419,-20.4663731894392,-1.66464385117035
1952-03-01,-1.67,-1.14832778827987,-20.4804352466797,-1.66576319157962
1952-04-01,-1.92,-1.36824980506069,-20.7754115663479,-1.68924332032157
1952-05-01,-2.07,-1.50020301512918,-21.2780192228107,-1.72925091311313
1952-06-01,-2.13,-1.55298429915658,-21.8916381036561,-1.77809500452002
1952-07-01,-2.05,-1.48260925378671,-22.5324708151604,-1.82910531811095
1952-08-01,-1.58,-1.06915586223877,-23.0762271183154,-1.87238834508982
1952-09-01,-1.36,-0.875624487471652,-23.1838735172911,-1.88095700344653
1952-10-01,-0.91,-0.479764857266175,-23.0935032748756,-1.87376352795418
1952-11-01,-0.53,-0.145483391759329,-22.6110388290219,-1.8353593356624
1952-12-01,-0.83,-0.409389811896313,-21.8143956029053,-1.77194649787373
1953-01-01,-0.16,0.180001193076285,-21.3148522646806,-1.7321828249562
1953-02-01,-0.46,-0.0839052270606989,-20.2467322272426,-1.64716042038111
1953-03-01,-1.27,-0.796452561430556,-19.4870236115016,-1.58668757929328
1953-04-01,-0.9,-0.470967976594942,-19.4715168557862,-1.58545324081832
1953-05-01,-0.55,-0.163077153101794,-19.1311716300567,-1.55836174504732
1953-06-01,-0.2,0.144813670391354,-18.4971166319062,-1.50789093775405
1953-07-01,0.06,0.373532567843407,-17.5815897685187,-1.4350149569186
1953-08-01,-0.92,-0.488561737937408,-16.4754909603204,-1.34696944042755
1953-09-01,-1.11,-0.655702470690831,-16.2775739082444,-1.33121523389261
1953-10-01,-1.48,-0.981187055526445,-16.2550441327584,-1.32942186271781
1953-11-01,-0.51,-0.127889630416863,-16.5589376827532,-1.35361180340781
1953-12-01,-0.18,0.16240743173382,-15.9968715763887,-1.3088713152433
1954-01-01,-1.13,-0.673296232033297,-15.167927828972,-1.24288735445936
1954-02-01,-0.95,-0.514952379951106,-15.2092270681315,-1.24617477581406
1954-03-01,-1.15,-0.690889993375762,-15.0904616535771,-1.23672104330101
1954-04-01,-1.25,-0.778858800088091,-15.1525824113872,-1.24166585850708
1954-05-01,-0.76,-0.347811647197683,-15.3000836110008,-1.25340696084511
1954-06-01,0.49,0.751798436706418,-15.0103917744068,-1.23034747720124
1954-07-01,-0.08,0.250376238446148,-13.6331603471001,-1.12071979163991
1954-08-01,-0.32,0.0392511023365604,-12.8147357608581,-1.0555731565739
1954-09-01,-1.05,-0.602921186663435,-12.2415373351525,-1.00994653527294
1954-10-01,0.02,0.338345045158476,-12.3343944661845,-1.01733796721464
1954-11-01,0.85,1.0684861408708,-11.4821163182684,-0.949496587067473
1954-12-01,0.49,0.751798436706418,-9.9352086641364,-0.826362665972437
1955-01-01,-0.23,0.118423028377656,-8.76944319975763,-0.73356768087898
1955-02-01,-1.01,-0.567733663978503,-8.28562670472341,-0.695055865409652
1955-03-01,-1.24,-0.770061919416858,-8.50812592267177,-0.712766813489442
1955-04-01,-2.21,-1.62335934452644,-8.92368259531064,-0.745845143926654
1955-05-01,-1.89,-1.34185916304699,-10.1752218316991,-0.84546772525474
1955-06-01,-2.18,-1.59696870251274,-11.0931134184253,-0.918531938177755
1955-07-01,-2.75,-2.09839090077301,-12.227869061837,-1.00885854008238
1955-08-01,-2.66,-2.01921897473192,-13.8167654183668,-1.13533476383791
1955-09-01,-2.48,-1.86087512264973,-15.2602858340001,-1.25023905594796
1955-10-01,-3.35,-2.62620374104698,-16.4853157135665,-1.34775149124213
1955-11-01,-2.63,-1.99282833271822,-18.4246312998816,-1.50212110195925
1955-12-01,-2.2,-1.61456246385521,-19.6497666617714,-1.59964193365125
1956-01-01,-2.26,-1.6673437478826,-20.4455888480528,-1.66298941663093
1956-02-01,-2.28,-1.68493750922507,-21.2610330605998,-1.72789881381244
1956-03-01,-2.93,-2.2567347528552,-22.0600941922999,-1.79150411699783
1956-04-01,-2.55,-1.92245328734836,-23.3976583538093,-1.89797428635985
1956-05-01,-1.62,-1.1043433849237,-24.3452092097489,-1.9733993784894
1956-06-01,-1.98,-1.42103108908809,-24.4351688775998,-1.98056017222734
1956-07-01,-1.48,-0.981187055526445,-24.8380679301212,-2.01263095551548
1956-08-01,-1,-0.55893678330727,-24.7843354885593,-2.00835385067224
1956-09-01,-0.28,0.0744386250214916,-24.3105916265099,-1.97064381725621
1956-10-01,-1.66,-1.13953090760864,-23.2232116837172,-1.8840883233206
1956-11-01,-2.44,-1.82568759996479,-23.3951087711709,-1.89777133946346
1956-12-01,-1.27,-0.796452561430556,-24.2460001723369,-1.96550233450492
1957-01-01,-1.31,-0.831640084115487,-24.0322027265868,-1.94848404789615
1957-02-01,-1.57,-1.06035898156754,-23.8625010304278,-1.9349757850023
1957-03-01,-0.83,-0.409389811896313,-23.9285891357275,-1.94023640125276
1957-04-01,-0.81,-0.391796050553847,-23.3409544003019,-1.89346064902778
1957-05-01,-0.02,0.303157522473544,-22.7602106841765,-1.84723342225906
1957-06-01,1.53,1.66667402651463,-21.5087110498622,-1.74761399325793
1957-07-01,0.59,0.839767243418746,-18.9458407296033,-1.54360939676594
1957-08-01,0.34,0.619845226637926,-17.3166634557845,-1.41392681012387
1957-09-01,1.84,1.93937732732285,-15.9752905851555,-1.30715346733909
1957-10-01,1.72,1.83381475926805,-13.3702761501179,-1.09979419735387
1957-11-01,1.54,1.67547090718586,-10.9793665512616,-0.909477682270016
1957-12-01,0.46,0.725407794692719,-8.84642203777314,-0.739695199959301
1958-01-01,0.83,1.05089237952833,-7.75241332483987,-0.65261205561272
1958-02-01,0.94,1.14765806691189,-6.37850372344321,-0.543248787548074
1958-03-01,0.62,0.866157885432444,-4.96507466805452,-0.430739769110693
1958-04-01,0.56,0.813376601405047,-3.89203867145313,-0.345326053957936
1958-05-01,1.46,1.605095861816,-2.91649379207087,-0.267672636262537
1958-06-01,1.82,1.92178356598038,-1.18987735558525,-0.1302338877479
1958-07-01,0.61,0.857361004761211,0.781484433544513,0.0266866022012444
1958-08-01,1.06,1.25322063496669,1.60628358690804,0.0923406531061157
1958-09-01,0.77,0.998111095500936,2.79257573908689,0.186769563501557
1958-10-01,0.28,0.567063942610529,3.67432951212587,0.256957204777116
1958-11-01,0.28,0.567063942610529,4.08829639173116,0.289908987615037
1958-12-01,1.14,1.32359568033655,4.48501465135289,0.321487779501378
1959-01-01,1.04,1.23562687362422,5.6217347212164,0.411970749842783
1959-02-01,0.35,0.628642107309158,6.62312264812327,0.491681275321088
1959-03-01,-0.14,0.197594954418751,6.97580131176063,0.519754513322223
1959-04-01,-0.16,0.180001193076285,6.88273787818935,0.512346659688822
1959-05-01,-0.13,0.206391835089984,6.77595832634108,0.503847002403703
1959-06-01,0.23,0.523079539254365,6.70001856450019,0.497802193835128
1959-07-01,-0.42,-0.0487177043757677,6.94393066356704,0.517217608246194
1959-08-01,-0.31,0.0480479830077932,6.60588251487598,0.490308959914109
1959-09-01,-0.53,-0.145483391759329,6.37868539309728,0.47222405847129
1959-10-01,0.96,1.16525182825436,5.96742344329223,0.439487588171063
1959-11-01,1.38,1.53472081644614,6.88403262807608,0.512449721839923
1959-12-01,1.02,1.21803311228176,8.13191875168571,0.61178151522119
1960-01-01,0.24,0.531876419925597,9.01112191598056,0.681766127922286
1960-02-01,0.61,0.857361004761211,9.1675349227403,0.694216610522942
1960-03-01,0.23,0.523079539254365,9.64291530572067,0.732056911081076
1960-04-01,0.21,0.505485777911899,9.76420670723667,0.741711712273561
1960-05-01,0.35,0.628642107309158,9.86285053901371,0.74956376586325
1960-06-01,1.2,1.37637696436395,10.0805405405306,0.766891900091796
1960-07-01,-0.42,-0.0487177043757677,11.0368949823725,0.843017758067926
1960-08-01,-0.31,0.0480479830077932,10.5283066537312,0.802534103493268
1960-09-01,-0.96,-0.523749260622339,10.1376751928335,0.771439821067985
1960-10-01,-0.34,0.0216573409940947,9.19152279917644,0.696126046601065
1960-11-01,-0.34,0.0216573409940947,8.83020002353818,0.667364736883294
1960-12-01,0,0.32075128381601,8.48393236355152,0.63980181507043
1961-01-01,0.89,1.10367366355573,8.45118646555288,0.637195240069279
1961-02-01,0.92,1.13006430556943,9.20272735971058,0.697017930139833
1961-03-01,0.64,0.88375164677491,9.94934469195873,0.756448704453777
1961-04-01,0.28,0.567063942610529,10.418540309902,0.793796697427789
1961-05-01,-0.54,-0.154280272430561,10.5514984062666,0.804380168071932
1961-06-01,-0.7,-0.295030363170286,9.9575723669083,0.757103627761791
1961-07-01,-1.23,-0.761265038745625,9.24764315511684,0.700593229539705
1961-08-01,-0.87,-0.444577334581244,8.10105965157468,0.6093251294195
1961-09-01,-1.34,-0.858030726129186,7.31893816484449,0.547068222760254
1961-10-01,-1.78,-1.24509347566343,6.15595168184678,0.454494444713763
1961-11-01,-1.43,-0.937202652170281,4.65436021943974,0.334967694584157
1961-12-01,-1.73,-1.20110907230727,3.52322589145947,0.244929349556016
1962-01-01,-1,-0.55893678330727,2.17531574034139,0.137635638940754
1962-02-01,-0.87,-0.444577334581244,1.52574080118656,0.0859294436229179
1962-03-01,-1.06,-0.611718067334667,1.01759093322255,0.0454806905385302
1962-04-01,-0.95,-0.514952379951106,0.363473243670273,-0.00658710792187138
1962-05-01,-1.3,-0.822843203444255,-0.166623854767094,-0.0487828615709933
1962-06-01,-1.71,-1.1835153109648,-0.982524397596053,-0.113728582664132
1962-07-01,-1.83,-1.28907787901959,-2.12510119199435,-0.204677748550446
1962-08-01,-0.66,-0.259842840485355,-3.32563318801418,-0.300240151176815
1962-09-01,-1.47,-0.972390174855212,-3.44690797899894,-0.309893630170242
1962-10-01,-1.76,-1.22749971432096,-4.27567698806253,-0.375863681773167
1962-11-01,-0.38,-0.0135301816908365,-5.32502349454756,-0.459391712412709
1962-12-01,-0.23,0.118423028377656,-5.11667769729891,-0.44280737727779
1963-01-01,0.12,0.426313851870804,-4.78505976486714,-0.416410574458512
1963-02-01,0.15,0.452704493884502,-4.15936842279354,-0.366605514577307
1963-03-01,-0.28,0.0744386250214916,-3.53335691129264,-0.316774969194823
1963-04-01,-0.27,0.0832355056927244,-3.31169508163395,-0.299130677261773
1963-05-01,-1.26,-0.787655680759323,-3.09047228087315,-0.28152133204938
1963-06-01,-0.6,-0.207061556457958,-3.74935828326276,-0.333968688433036
1963-07-01,-1.11,-0.655702470690831,-3.8001965779181,-0.338015419048129
1963-08-01,-1.01,-0.567733663978503,-4.29755752452901,-0.377605373491857
1963-09-01,1.08,1.27081439630915,-4.68622629165214,-0.408543425401555
1963-10-01,0.34,0.619845226637926,-3.22015246652415,-0.291843880848519
1963-11-01,-0.5,-0.11909274974563,-2.46613422044771,-0.231823993450205
1963-12-01,0.45,0.716610914021486,-2.48247137767469,-0.23312443192404
1964-01-01,0.34,0.619845226637926,-1.66242415625009,-0.167848635022149
1964-02-01,0.21,0.505485777911899,-0.973311256435078,-0.112995216199933
1964-03-01,-0.71,-0.303827243841519,-0.427270842838384,-0.069530373923848
1964-04-01,-1.27,-0.796452561430556,-0.713295134894971,-0.0922979208522532
1964-05-01,-2.39,-1.78170319660863,-1.4800270657049,-0.153329818145677
1964-06-01,-0.86,-0.435780453910011,-3.20006246790916,-0.290244716025946
1964-07-01,-1.08,-0.629311828677133,-3.50250698565629,-0.314319313681744
1964-08-01,-1.6,-1.08674962358124,-3.98588102326441,-0.352795909519409
1964-09-01,-1.35,-0.866827606800419,-4.9065522708763,-0.426081383577991
1964-10-01,-0.64,-0.242249079142889,-5.56894019972354,-0.478807493470276
1964-11-01,-0.68,-0.277436601827821,-5.57915010387795,-0.479620202315034
1964-12-01,-0.62,-0.224655317800424,-5.62412211804419,-0.48319997673081
1965-01-01,-0.95,-0.514952379951106,-5.61443901425944,-0.482429201219938
1965-02-01,-0.61,-0.215858437129191,-5.89545643528307,-0.50479820098164
1965-03-01,-0.17,0.171204312405052,-5.86567085427547,-0.502427267350429
1965-04-01,-0.01,0.311954403144777,-5.45006358960894,-0.469344909785466
1965-05-01,-0.66,-0.259842840485355,-4.91102320356379,-0.426437270027509
1965-06-01,-0.76,-0.347811647197683,-4.96624007723398,-0.430832535735491
1965-07-01,-0.74,-0.330217885855217,-5.10712505454692,-0.442046986471182
1965-08-01,0.32,0.60225146529546,-5.22454606312935,-0.451393704206444
1965-09-01,0.83,1.05089237952833,-4.40460517853683,-0.386126371721325
1965-10-01,0.3,0.584657703952994,-3.17018758323613,-0.28786667381882
1965-11-01,0.47,0.734204675363952,-2.45343872998163,-0.230813431819627
1965-12-01,0.25,0.54067330059683,-1.61700744086845,-0.164233462368978
1966-01-01,-0.67,-0.268639721156588,-1.00895883023543,-0.115832764729632
1966-02-01,-0.43,-0.0575145850470005,-1.23555860013221,-0.133870116934913
1966-03-01,-1,-0.55893678330727,-1.24159157684037,-0.134350342161006
1966-04-01,-0.37,-0.00473330101960366,-1.74879537777929,-0.174723788266268
1966-05-01,-0.76,-0.347811647197683,-1.68066220472476,-0.169300384527563
1966-06-01,0.1,0.408720090528338,-1.95844626005891,-0.191412008230251
1966-07-01,0.01,0.329548164487243,-1.46812424202812,-0.152382352828332
1966-08-01,-0.29,0.0656417443502588,-1.07740423412303,-0.121281022057148
1966-09-01,-0.35,0.012860460322862,-0.966870646684316,-0.112482543364722
1966-10-01,-0.6,-0.207061556457958,-0.913723909416274,-0.108252060610473
1966-11-01,-0.71,-0.303827243841519,-1.08271363631522,-0.121703650718172
1966-12-01,-0.21,0.136016789720121,-1.34142781197694,-0.142297311113481
1967-01-01,-0.24,0.109626147706423,-1.14951819675778,-0.127021296831274
1967-02-01,-0.25,0.10082926703519,-0.991995457519782,-0.114482479473822
1967-03-01,-0.8,-0.382999169882614,-0.849833046421267,-0.103166344949485
1967-04-01,-1.13,-0.673296232033297,-1.19742250603633,-0.130834482074143
1967-05-01,-1.54,-1.03396833955384,-1.82082613365145,-0.180457439778229
1967-06-01,-1.2,-0.734874396731926,-2.77892671763648,-0.256722290750034
1967-07-01,-1.21,-0.743671277403159,-3.39801250113355,-0.306001547861838
1967-08-01,-1.55,-1.04276522022507,-4.00009992432281,-0.353927734703871
1967-09-01,-0.6,-0.207061556457958,-4.87619431436777,-0.423664888830329
1967-10-01,-0.06,0.267969999788613,-4.88008110772707,-0.423974277762201
1967-11-01,0.36,0.637438987980391,-4.4087743951165,-0.386458241554651
1967-12-01,-0.68,-0.277436601827821,-3.58763647400625,-0.321095624907139
1968-01-01,-0.65,-0.251045959814122,-3.71558822275048,-0.331280590048245
1968-02-01,-0.19,0.153610551062587,-3.81181800661667,-0.338940485312142
1968-03-01,0.08,0.391126329185873,-3.49938170527838,-0.314070541218549
1968-04-01,-0.69,-0.286233482499053,-2.96244780503925,-0.27133057782856
1968-05-01,-0.79,-0.374202289211381,-3.12524596232833,-0.284289318707827
1968-06-01,0.14,0.443907613213269,-3.36922966977603,-0.303710433149333
1968-07-01,0.44,0.707814033350254,-2.78493748698876,-0.257200748269569
1968-08-01,-0.01,0.311954403144777,-1.96108439168064,-0.191622003629835
1968-09-01,0.26,0.549470181268063,-1.56741813888251,-0.160286151628363
1968-10-01,-0.18,0.16240743173382,-0.952638868494338,-0.111349693159989
1968-11-01,0.03,0.347141925829709,-0.750538150573254,-0.0952624666295151
1968-12-01,-0.29,0.0656417443502588,-0.372123801802994,-0.0651406668968395
1969-01-01,-0.71,-0.303827243841519,-0.290976899044277,-0.0586813696694267
1969-02-01,-1.22,-0.752468158074392,-0.582680105425618,-0.0819009584417661
1969-03-01,-1.21,-0.743671277403159,-1.31086992577394,-0.139864901952856
1969-04-01,-1.07,-0.6205149480059,-1.99992162293652,-0.194713449041096
1969-05-01,-1.06,-0.611718067334667,-2.53710650332007,-0.237473390462234
1969-06-01,0.84,1.05968926019957,-3.04311179968306,-0.277751435547604
1969-07-01,-0.37,-0.00473330101960366,-1.8566262144967,-0.183307127875784
1969-08-01,-0.92,-0.488561737937408,-1.78400008991228,-0.177526084986682
1969-09-01,-1.07,-0.6205149480059,-2.19822849077001,-0.210498684928441
1969-10-01,0.95,1.15645494758313,-2.72715058499382,-0.252600908187606
1969-11-01,0.58,0.830970362747513,-1.45706436303596,-0.151501985947023
1969-12-01,1.13,1.31479879966532,-0.565382985161945,-0.0805241068656366
1970-01-01,1.06,1.25322063496669,0.77297343888512,0.0260091266311735
1970-02-01,1.01,1.20923623161052,1.99398684723159,0.123201850629737
1970-03-01,1.2,1.37637696436395,3.1201402935408,0.21284371724559
1970-04-01,0.31,0.593454584624227,4.36651141234055,0.312054916173645
1970-05-01,-0.89,-0.462171095923709,4.77802802145059,0.344811657366373
1970-06-01,-0.12,0.215188715761216,4.1167724246331,0.292175681156233
1970-07-01,-0.92,-0.488561737937408,4.16042895603461,0.295650743082856
1970-08-01,-1.79,-1.25389035633466,3.49851601159576,0.242962441971533
1970-09-01,-1.68,-1.1571246689511,2.09885415477794,0.131549293179633
1970-10-01,-1.2,-0.734874396731926,0.854277229377756,0.0324809121294909
1970-11-01,-0.92,-0.488561737937408,0.0838079480884227,-0.0288484784356262
1970-12-01,-0.91,-0.479764857266175,-0.408245787686003,-0.0680159786503457
1971-01-01,-1.34,-0.858030726129186,-0.871000403798594,-0.104851267579564
1971-02-01,-1.45,-0.954796413512747,-1.69273944643617,-0.170261733528563
1971-03-01,-1.55,-1.04276522022507,-2.57700504968075,-0.240649316605117
1971-04-01,-1.7,-1.17471843029357,-3.51239505950246,-0.315106404819022
1971-05-01,-1.75,-1.21870283364973,-4.54076369565009,-0.396964596005662
1971-06-01,-1.86,-1.31546852103329,-5.57026804198106,-0.478913189775629
1971-07-01,-2.25,-1.65854686721137,-6.65364206126515,-0.565149812013944
1971-08-01,-0.32,0.0392511023365604,-8.03495384259047,-0.67510229394461
1971-09-01,-0.17,0.171204312405052,-7.66091299681264,-0.645328625253203
1971-10-01,-0.35,0.012860460322862,-7.17050397620706,-0.606292044442291
1971-11-01,-1.28,-0.805249442101789,-6.85887251687557,-0.581486165809809
1971-12-01,-1.77,-1.2362965949922,-7.37833560410754,-0.622835451673223
1972-01-01,-2.12,-1.54418741848534,-8.30720154892859,-0.69677322401015
1972-02-01,-1.95,-1.39464044707439,-9.50525556954191,-0.792138379679103
1972-03-01,-1.53,-1.02517145888261,-10.5038437012187,-0.871626041327094
1972-04-01,-1.7,-1.17471843029357,-11.0913550058839,-0.918391968457809
1972-05-01,-2.16,-1.57937494117028,-11.8039336442656,-0.975113261159499
1972-06-01,-1.84,-1.29787475969083,-12.8914780169248,-1.06168184372011
1972-07-01,-1.48,-0.981187055526445,-13.6522078592438,-1.12223597449097
1972-08-01,-0.11,0.223985596432449,-14.0645529206351,-1.15505866052375
1972-09-01,-0.2,0.144813670391354,-13.2545442858428,-1.0905819355839
1972-10-01,-0.22,0.127219909048888,-12.5574579368747,-1.03509382983888
1972-11-01,-0.05,0.276766880459846,-11.9070106137894,-0.983318192719666
1972-12-01,-0.37,-0.00473330101960366,-11.1341182910883,-0.921795927945668
1973-01-01,-0.15,0.188798073747518,-10.6749299966459,-0.885244518386988
1973-02-01,-0.55,-0.163077153101794,-10.0413431730381,-0.83481097780906
1973-03-01,-0.88,-0.453374215252477,-9.78603102726333,-0.814488119150714
1973-04-01,-1.35,-0.866827606800419,-9.83165394971317,-0.818119705896088
1973-05-01,-1.59,-1.07795274291001,-10.2888293086089,-0.854510885691786
1973-06-01,-1.44,-0.945999532841514,-10.9380808303268,-0.906191336966631
1973-07-01,-1.4,-0.910812010156583,-11.4283269952381,-0.94521495445671
1973-08-01,-1.56,-1.05156210089631,-11.8629587139264,-0.979811659445153
1973-09-01,-1.05,-0.602921186663435,-12.4202308684091,-1.02417054881728
1973-10-01,-1.36,-0.875624487471652,-12.5056424355555,-1.03096931352797
1973-11-01,-1.42,-0.928405771499048,-12.8601984882123,-1.05919199178222
1973-12-01,-0.89,-0.462171095923709,-13.2527626560359,-1.09044011776855
1974-01-01,-0.86,-0.435780453910011,-13.1627353079581,-1.0832739366814
1974-02-01,-1.38,-0.893218248814117,-13.0500684573698,-1.07430565014322
1974-03-01,-1.21,-0.743671277403159,-13.3995338537935,-1.10212311192495
1974-04-01,-0.62,-0.224655317800424,-13.584891220622,-1.11687756693102
1974-05-01,-0.72,-0.312624124512752,-13.2435094042298,-1.08970355849514
1974-06-01,-0.37,-0.00473330101960366,-13.0043206368997,-1.07066412150963
1974-07-01,0.02,0.338345045158476,-12.4672072447151,-1.02790987055245
1974-08-01,-0.27,0.0832355056927244,-11.6093952310268,-0.95962799443287
1974-09-01,0.71,0.945329811473539,-11.0424349240413,-0.914497927671681
1974-10-01,0.19,0.487892016569433,-9.6370036573994,-0.802625533589896
1974-11-01,0.61,0.857361004761211,-8.74756982177166,-0.73182655897567
1974-12-01,0.27,0.558267061939296,-7.5257267411033,-0.634567793021761
1975-01-01,-0.65,-0.251045959814122,-6.65388773161803,-0.565169367385441
1975-02-01,-0.93,-0.497358618608641,-6.6276883692814,-0.563083896926954
1975-03-01,-1.07,-0.6205149480059,-6.84889330583665,-0.580691820147756
1975-04-01,-1.79,-1.25389035633466,-7.18403769943269,-0.60736932943945
1975-05-01,-2.08,-1.50899989580041,-8.13859315162433,-0.683351987755893
1975-06-01,-1.61,-1.09554650425247,-9.30848499944039,-0.776475433162556
1975-07-01,-0.84,-0.418186692567545,-10.0161779620495,-0.832807825845894
1975-08-01,-1.56,-1.05156210089631,-10.0170239061983,-0.832875163039418
1975-09-01,-1.6,-1.08674962358124,-10.651210011003,-0.883356406428449
1975-10-01,-1.59,-1.07795274291001,-11.2941592174592,-0.934535193115821
1975-11-01,-1.73,-1.20110907230727,-11.901521992975,-0.982881298247997
1975-12-01,-1.49,-0.989983936197678,-12.606734315575,-1.03901623187143
1976-01-01,-1.08,-0.629311828677133,-13.0714376552904,-1.07600663928991
1976-02-01,-1.01,-0.567733663978503,-13.1561062483304,-1.08274626322723
1976-03-01,-1.31,-0.831640084115487,-13.1756688186285,-1.08430344473129
1976-04-01,-1.38,-0.893218248814117,-13.4583227019678,-1.10680270696931
1976-05-01,-1.23,-0.761265038745625,-13.7907775048666,-1.13326612471662
1976-06-01,-1.26,-0.787655680759323,-13.9774268142428,-1.14812341840947
1976-07-01,0.28,0.567063942610529,-14.1826897110753,-1.16446235452813
1976-08-01,0.97,1.17404870892559,-13.0246803638366,-1.07228475671915
1976-09-01,0.58,0.830970362747513,-11.3079366397512,-0.935631876569981
1976-10-01,1.12,1.30600191899408,-10.0058022503474,-0.831981918712638
1976-11-01,1.33,1.49073641308997,-8.28289190425549,-0.694838175165424
1976-12-01,1.2,1.37637696436395,-6.44703499515487,-0.548703879958372
1977-01-01,1.24,1.41156448704888,-4.80203157265947,-0.417761531146818
1977-02-01,1.51,1.64908026517216,-3.19038243674978,-0.289474185096196
1977-03-01,0.62,0.866157885432444,-1.40836957004638,-0.147625878164053
1977-04-01,-0.25,0.10082926703519,-0.483529619195336,-0.074008575134073
1977-05-01,-0.47,-0.0927021077319317,-0.362553284693674,-0.0643788532905586
1977-06-01,0.03,0.347141925829709,-0.440149005563369,-0.0705554762747166
1977-07-01,-0.06,0.267969999788613,-0.0746675378351868,-0.0414631344734909
1977-08-01,-0.09,0.241579357774915,0.196413609363226,-0.0198850625696376
1977-09-01,-0.64,-0.242249079142889,0.429809066748006,-0.00130677332477401
1977-10-01,-0.84,-0.418186692567545,0.169651276490617,-0.0220153455089278
1977-11-01,-0.45,-0.0751083463894661,-0.255604219264038,-0.0558657027164928
1977-12-01,-0.06,0.267969999788613,-0.320062389850836,-0.0609965760881284
1978-01-01,0.58,0.830970362747513,-0.0387564571517709,-0.0386046107836651
1978-02-01,0.78,1.00690797617217,0.793828757977066,0.0276692109992481
1978-03-01,1.13,1.31479879966532,1.76766053590019,0.105186265738958
1978-04-01,1.03,1.22682999295299,3.00880681323633,0.20398156704391
1978-05-01,0.77,0.998111095500936,4.11026985563781,0.29165807636228
1978-06-01,0.33,0.611048345966693,4.93711970715384,0.357475362935309
1978-07-01,-1.62,-1.1043433849237,5.34245473198912,0.389740049732743
1978-08-01,-0.91,-0.479764857266175,4.01550906656587,0.284115113152214
1978-09-01,-0.78,-0.365405408540149,3.36843133152612,0.232607695397888
1978-10-01,0.07,0.38232944851464,2.86267461750571,0.192349437478531
1978-11-01,-0.01,0.311954403144777,3.12572595695761,0.213288336312922
1978-12-01,-0.51,-0.127889630416863,3.30744177856249,0.227752924150112
1979-01-01,-0.38,-0.0135301816908365,3.04174207403886,0.206603215333043
1979-02-01,-1.29,-0.814046322773022,2.90147263926307,0.195437761811889
1979-03-01,-0.68,-0.277436601827821,1.96653162318742,0.121016413521018
1979-04-01,-0.12,0.215188715761216,1.60715620372679,0.0924101134454058
1979-05-01,0.57,0.82217348207628,1.75538007766606,0.104208740693313
1979-06-01,0.22,0.514282658583132,2.50441272317292,0.163831774054798
1979-07-01,0.3,0.584657703952994,2.91434485162384,0.196462390513491
1979-08-01,0.05,0.364735687172174,3.37757152009251,0.233335254832171
1979-09-01,0.88,1.0948767828845,3.60157506059416,0.251165947057052
1979-10-01,1.1,1.28840815765162,4.54638621595391,0.326372958893228
1979-11-01,0.58,0.830970362747513,5.64536161460744,0.413851451653756
1979-12-01,0.06,0.373532567843407,6.24110857674631,0.461272937501777
1980-01-01,0.06,0.373532567843407,6.35459495389196,0.470306458391978
1980-02-01,0.58,0.830970362747513,6.46335273198987,0.478963582578421
1980-03-01,0.62,0.866157885432444,7.02501673090447,0.523672062971247
1980-04-01,0.78,1.00690797617217,7.59846558588256,0.569318618453923
1980-05-01,0.64,0.88375164677491,8.28877082930962,0.624266947883021
1980-06-01,-0.72,-0.312624124512752,8.8271570248633,0.66712251404748
1980-07-01,-0.21,0.136016789720121,8.14673469098124,0.612960864677049
1980-08-01,0.08,0.391126329185873,7.94330420191048,0.596767788301317
1980-09-01,-0.13,0.206391835089984,8.00345952268342,0.601556154627979
1980-10-01,0.99,1.19164247026806,7.87637387766159,0.591440131383392
1980-11-01,0.71,0.945329811473539,8.73983410302708,0.660171605414733
1980-12-01,0.3,0.584657703952994,9.32100416020783,0.706432768951252
1981-01-01,1.18,1.35878320302148,9.51728669081883,0.722056867501692
1981-02-01,1.24,1.41156448704888,10.4795162817229,0.798650387615968
1981-03-01,1.22,1.39397072570641,11.4544342570333,0.876253903718141
1981-04-01,1.07,1.26201751563792,12.3711368886966,0.949223475762948
1981-05-01,1.29,1.45554889040504,13.1176903673055,1.00864916732424
1981-06-01,1.82,1.92178356598038,14.0266688257395,1.08100389482134
1981-07-01,0.82,1.0420954988571,15.3640078573141,1.1874561438301
1981-08-01,-0.05,0.276766880459846,15.7659363621164,1.21944967147474
1981-09-01,0.43,0.699017152679021,15.3857892274881,1.18918994190731
1981-10-01,-0.09,0.241579357774915,15.4437318290218,1.19380217567978
1981-11-01,0.54,0.795782840062582,15.0418223605875,1.16181016333092
1981-12-01,0.59,0.839767243418746,15.2108626022922,1.17526577441951
1982-01-01,0.11,0.417516971199571,15.4168439039488,1.19166189559551
1982-02-01,-0.19,0.153610551062587,15.1919923791505,1.17376370378124
1982-03-01,-0.37,-0.00473330101960366,14.7126032477485,1.13560430666261
1982-04-01,-0.7,-0.295030363170286,14.094844811406,1.08643070644595
1982-05-01,-1.21,-0.743671277403159,13.2125292477605,1.01619834661202
1982-06-01,-0.99,-0.550139902636038,11.9183359183673,0.913180497500245
1982-07-01,0.12,0.426313851870804,10.8715986857993,0.829860165185652
1982-08-01,-0.08,0.250376238446148,10.8449292590951,0.827737277581683
1982-09-01,0.51,0.769392198048883,10.643433445079,0.811698201430129
1982-10-01,0.15,0.452704493884502,10.9693492495829,0.837641114601588
1982-11-01,-0.6,-0.207061556457958,10.9649975247348,0.837294717101619
1982-12-01,0.16,0.461501374555735,10.3010610714129,0.784445344589248
1983-01-01,0.4,0.672626510665322,10.3333515679931,0.787015669616347
1983-02-01,0.97,1.17404870892559,10.5754217633254,0.806284468404617
1983-03-01,1.73,1.84261163993929,11.3088278987791,0.8646636308403
1983-04-01,1.26,1.42915824839134,12.6802383762692,0.973827968525948
1983-05-01,1.01,1.20923623161052,13.5810533589827,1.04553288297665
1983-06-01,1.9,1.99215861135024,14.2244123673023,1.09674428991138
1983-07-01,2.47,2.49358080961051,15.6238871300149,1.20814254600382
1983-08-01,1.18,1.35878320302148,17.4664726425415,1.354812438356
1983-09-01,0.47,0.734204675363952,18.0974861521237,1.40504114301801
1983-10-01,0.68,0.918939169459841,18.0776289044825,1.40346050518376
1983-11-01,1.19,1.36758008369271,18.2433335362556,1.41665060156691
1983-12-01,1.72,1.83381475926805,18.8507747226043,1.46500294820502
1984-01-01,1.42,1.56990833913107,19.8991405350972,1.54845291555725
1984-02-01,1.23,1.40276760637765,20.6399180185992,1.60741883763985
1984-03-01,1.56,1.69306466852833,21.1826890408686,1.65062343621447
1984-04-01,1,1.20043935093929,21.9931416660274,1.71513550280811
1984-05-01,0.87,1.08607990221326,22.2772001142155,1.73774656847331
1984-06-01,-0.13,0.206391835089984,22.4350633450031,1.75031248897392
1984-07-01,-0.35,0.012860460322862,21.7066608740513,1.69233161846492
1984-08-01,0.01,0.329548164487243,20.8150771312887,1.62136151114293
1984-09-01,0.18,0.479095135898201,20.2773304153056,1.57855684758198
1984-10-01,0.43,0.699017152679021,19.9115367838994,1.54943965753749
1984-11-01,0.54,0.795782840062582,19.7809065705826,1.53904148649204
1984-12-01,0.48,0.743001556035185,19.7524849702043,1.53677912578225
1985-01-01,0.87,1.08607990221326,19.6724663191476,1.53040963744271
1985-02-01,0.48,0.743001556035185,19.9388601247297,1.55161459673626
1985-03-01,-0.34,0.0216573409940947,19.8510758422345,1.54462696377364
1985-04-01,-0.52,-0.136686511088096,19.0456050231355,1.48051144917367
1985-05-01,-0.87,-0.444577334581244,18.1153516360834,1.40646323637074
1985-06-01,0.04,0.355938806500941,16.915967983332,1.31099224192186
1985-07-01,0.52,0.778189078720116,16.5670747905275,1.28322032757478
1985-08-01,0.19,0.487892016569433,16.6549690863089,1.2902167176001
1985-09-01,0.13,0.435110732542037,16.4489040576155,1.27381393174807
1985-10-01,0.14,0.443907613213269,16.1986437877569,1.25389320264722
1985-11-01,-0.65,-0.251045959814122,15.9676079098136,1.23550273603547
1985-12-01,0.33,0.611048345966693,15.0512449537573,1.16256020218475
1986-01-01,1.04,1.23562687362422,15.0351580933174,1.16127968734679
1986-02-01,1.47,1.61389274248723,15.6443200463867,1.20976900709576
1986-03-01,1.68,1.79862723658312,16.6063661202745,1.28634791924702
1986-04-01,1.21,1.38517384503518,17.7130614351795,1.37444091769962
1986-05-01,0.85,1.0684861408708,18.3601910537489,1.42595246538531
1986-06-01,0.62,0.866157885432444,18.6636692340468,1.45010934262815
1986-07-01,1.05,1.24442375429545,18.7521742347273,1.45715434479178
1986-08-01,-0.19,0.153610551062587,19.2152573959091,1.49401578592377
1986-09-01,-0.03,0.294360641802312,18.5682322221422,1.4425125520492
1986-10-01,1,1.20043935093929,18.0889165213552,1.40435900001094
1986-11-01,1.68,1.79862723658312,18.5356510172381,1.43991908662602
1986-12-01,1.71,1.82501787859682,19.5619594614363,1.52161328643782
1987-01-01,1.47,1.61389274248723,20.5718956958066,1.60200425758713
1987-02-01,1.46,1.605095861816,21.3286261176352,1.66224003430125
1987-03-01,1.35,1.50833017443244,22.0450292245497,1.71926575487573
1987-04-01,1.38,1.53472081644614,22.6348165146259,1.76621285055085
1987-05-01,0.82,1.0420954988571,23.226419976296,1.81330451356916
1987-06-01,0.05,0.364735687172174,23.3007479761408,1.819221025808
1987-07-01,1.38,1.53472081644614,22.6946191643071,1.77097314424222
1987-08-01,1.74,1.85140852061052,23.2837308489071,1.81786646169006
1987-09-01,1.44,1.58750210047353,24.1649839174798,1.88801424686686
1987-10-01,0.68,0.918939169459841,24.7456116880583,1.93423224436466
1987-11-01,0.93,1.13886118624066,24.6334837038491,1.92530685161527
1987-12-01,0.94,1.14765806691189,24.7459497357627,1.93425915297763
1988-01-01,0.23,0.523079539254365,24.8625265636845,1.9435386738931
1988-02-01,0.47,0.734204675363952,24.3496674961187,1.90271506830175
1988-03-01,0.49,0.751798436706418,24.0693026924777,1.88039801691401
1988-04-01,0.34,0.619845226637926,23.8182135169975,1.8604113068872
1988-05-01,0.37,0.646235868651624,23.4456331804272,1.83075389479653
1988-06-01,0.21,0.505485777911899,23.114967666561,1.80443290453929
1988-07-01,-0.15,0.188798073747518,22.6573297916996,1.76800490845124
1988-08-01,-0.88,-0.453374215252477,21.9020724574596,1.70788638957758
1988-09-01,-0.98,-0.541343021964805,20.536111889813,1.59915586496853
1988-10-01,-0.36,0.00406357965162915,19.139097539106,1.48795345778598
1988-11-01,-0.06,0.267969999788613,18.3456987212948,1.42479887504906
1988-12-01,-0.14,0.197594954418751,17.8492646076962,1.38528269655614
1989-01-01,-1.24,-0.770061919416858,17.3031402034609,1.34181116862132
1989-02-01,-1.45,-0.954796413512747,15.8121141088999,1.22312542226283
1989-03-01,-1.24,-0.770061919416858,14.1984796075163,1.0946800410283
1989-04-01,-0.32,0.0392511023365604,12.8368143711196,0.986291424986185
1989-05-01,-0.09,0.241579357774915,12.3411982079928,0.946840355388809
1989-06-01,0.11,0.417516971199571,12.068560973768,0.925138418885404
1989-07-01,0.56,0.813376601405047,11.9832212377273,0.918345371934058
1989-08-01,-0.44,-0.0663114657182333,12.297296954227,0.943345813550625
1989-09-01,-0.57,-0.18067091444426,11.718598115416,0.89728135911108
1989-10-01,-0.51,-0.127889630416863,11.0496522794961,0.844033239511312
1989-11-01,-0.76,-0.347811647197683,10.4613604707669,0.797205184220859
1989-12-01,-0.1,0.232782477103682,9.6776588039539,0.734822495153653
1990-01-01,-0.42,-0.0487177043757677,9.5072054975595,0.721254404050159
1990-02-01,-1.28,-0.805249442101789,9.06235423078542,0.685844222559575
1990-03-01,-1.24,-0.770061919416858,7.87950669573424,0.591689503847438
1990-04-01,-0.15,0.188798073747518,6.78113199732846,0.504258826854523
1990-05-01,-0.32,0.0392511023365604,6.68738290452062,0.496796394714054
1990-06-01,-0.25,0.10082926703519,6.44799305250216,0.477740951378017
1990-07-01,-0.31,0.0480479830077932,6.28015594234976,0.464381109616861
1990-08-01,-0.43,-0.0575145850470005,6.06653076109298,0.447376535269761
1990-09-01,-0.26,0.0920323863639572,5.75624406100044,0.42267769953514
1990-10-01,-1.16,-0.699686874046995,5.60843294482271,0.410911927824217
1990-11-01,-1.88,-1.33306228237576,4.67506136474144,0.336615506711369
1990-12-01,-2.22,-1.63215622519767,3.14720485883478,0.214998057899655
1991-01-01,-1.8,-1.26268723700589,1.38391509785233,0.0746401110522514
1991-02-01,-1.09,-0.638108709348366,0.0635647317692545,-0.0304598393945665
1991-03-01,-1.11,-0.655702470690831,-0.577192508069497,-0.0814641454374184
1991-04-01,-1.63,-1.11314026559494,-1.2088452909241,-0.131743736281593
1991-05-01,-1.65,-1.1307340269374,-2.27161700273053,-0.216340413888079
1991-06-01,-2.25,-1.65854686721137,-3.30770032122083,-0.298812694147404
1991-07-01,-1.57,-1.06035898156754,-4.82842634171467,-0.419862555989175
1991-08-01,-0.58,-0.189467795115493,-5.68760089237743,-0.488252890115187
1991-09-01,0.37,0.646235868651624,-5.64008531697719,-0.484470648107082
1991-10-01,0.41,0.681423391336555,-4.75884589345152,-0.414323949076665
1991-11-01,0.56,0.813376601405047,-3.87913725655449,-0.344299100732965
1991-12-01,-0.21,0.136016789720121,-2.90412993612633,-0.266688472755272
1992-01-01,0.08,0.391126329185873,-2.64710773240095,-0.246229493404658
1992-02-01,0.17,0.470298255226968,-2.14568524769837,-0.206316240340247
1992-03-01,0.12,0.426313851870804,-1.58598344048397,-0.161763950497865
1992-04-01,0.55,0.804579720733814,-1.09358694525967,-0.12256916661502
1992-05-01,1.26,1.42915824839134,-0.243441101806701,-0.05489751800213
1992-06-01,1.22,1.39397072570641,1.19586052582659,0.0596709583872387
1992-07-01,1.5,1.64028338450093,2.54000372962356,0.166664819820834
1992-08-01,0.85,1.0684861408708,4.07445362539018,0.288807102771546
1992-09-01,0.45,0.716610914021486,4.97317086520305,0.360345036789956
1992-10-01,1.28,1.44675200973381,5.48256632650774,0.400892939162097
1992-11-01,1.31,1.47314265174751,6.70087807263706,0.497870610722732
1992-12-01,0.33,0.611048345966693,7.89481747135803,0.592908242298002
1993-01-01,-0.28,0.0744386250214916,8.17691508935147,0.615363225788657
1993-02-01,0.02,0.338345045158476,7.91064891898331,0.594168426264062
1993-03-01,0.24,0.531876419925597,7.91938359251749,0.594863706682951
1993-04-01,1,1.20043935093929,8.12128569608819,0.610935123501912
1993-05-01,1.79,1.89539292396668,8.9833381430238,0.67955453830487
1993-06-01,2.05,2.12411182141873,10.5044253110312,0.800633147505487
1993-07-01,1.48,1.62268962315847,12.1908527444903,0.934872849513154
1993-08-01,1.96,2.04493989537764,13.3055901699616,1.02360600034024
1993-09-01,1.15,1.33239256100778,14.7961304749242,1.14225307782414
1993-10-01,1.31,1.47314265174751,15.5120175994768,1.19923772617865
1993-11-01,1.13,1.31479879966532,16.3388261845795,1.26505172794326
1993-12-01,0.67,0.910142288788608,16.9728405598873,1.31551930165637
1994-01-01,0.85,1.0684861408708,17.1757811586806,1.33167338274327
1994-02-01,0.33,0.611048345966693,17.528609751273,1.35975855509619
1994-03-01,0.27,0.558267061939296,17.4092993576034,1.35026144222025
1994-04-01,0.49,0.751798436706418,17.2421789463092,1.33695864972149
1994-05-01,0.55,0.804579720733814,17.2755532602527,1.33961524666103
1994-06-01,0.1,0.408720090528338,17.3603182618093,1.34636254472075
1994-07-01,-0.91,-0.479764857266175,17.0456917580956,1.32131826041638
1994-08-01,-0.88,-0.453374215252477,15.8556897442421,1.22659404485938
1994-09-01,-1.51,-1.00757769754014,14.7416617896462,1.13791736794692
1994-10-01,-1.06,-0.611718067334667,13.1198481842042,1.00882092964956
1994-11-01,-1.93,-1.37704668573192,11.961469775861,0.916613954559536
1994-12-01,-2.22,-1.63215622519767,10.0860285161349,0.76732874320471
1995-01-01,-0.86,-0.435780453910011,8.0336211027649,0.60395701780293
1995-02-01,0.02,0.338345045158476,7.26310643623968,0.542624014570929
1995-03-01,0.46,0.725407794692719,7.29882204655484,0.545466978810365
1995-04-01,0.49,0.751798436706418,7.72011225597444,0.579001699041543
1995-05-01,0.89,1.10367366355573,8.15023934868192,0.613239835592752
1995-06-01,1.03,1.22682999295299,8.91431970604257,0.674060667516495
1995-07-01,1,1.20043935093929,9.76971971124379,0.742150547648507
1995-08-01,-0.11,0.223985596432449,10.5630874075479,0.805302653112024
1995-09-01,1.22,1.39397072570641,10.3469443619992,0.788097656650376
1995-10-01,0.64,0.88375164677491,11.3097924059557,0.86474040565634
1995-11-01,0.05,0.364735687172174,11.7223027024824,0.897576244413579
1995-12-01,0.44,0.707814033350254,11.5986091103845,0.887730228739234
1996-01-01,1.01,1.20923623161052,11.8231477641354,0.905603516003601
1996-02-01,1.01,1.20923623161052,12.5397528389069,0.962645313228876
1996-03-01,0.85,1.0684861408708,13.2264993688963,1.0173103689031
1996-04-01,1.37,1.5259239357749,13.7438813693965,1.05849400016603
1996-05-01,2.13,2.1944868667886,14.6971435814465,1.13437371650715
1996-06-01,1.1,1.28840815765162,16.2792494656748,1.26030941835218
1996-07-01,0.57,0.82217348207628,16.8893555622567,1.30887389196859
1996-08-01,-0.66,-0.259842840485355,17.0078058959056,1.31830254402694
1996-09-01,0.07,0.38232944851464,16.0393044764242,1.24120978606669
1996-10-01,0.4,0.672626510665322,15.7533295717545,1.21844617037657
1996-11-01,0.38,0.655032749322857,15.7695673502634,1.21973869829983
1996-12-01,-0.03,0.294360641802312,15.7675347933252,1.21957690667318
1997-01-01,0.44,0.707814033350254,15.404914818739,1.19071233985892
1997-02-01,0.29,0.575860823281761,15.4708574013085,1.1959613724933
1997-03-01,0.39,0.66382962999409,15.4020991662024,1.19048821378627
1997-04-01,0.73,0.962923572816005,15.4241746642714,1.19224542445757
1997-05-01,1.59,1.71945531054203,15.7444242927427,1.21773730975374
1997-06-01,2.55,2.56395585498038,16.8078619244205,1.30238699461291
1997-07-01,1.49,1.6314865038297,18.6714901992167,1.45073189181881
1997-08-01,2.27,2.31764319618586,19.5249979447457,1.51867114799305
1997-09-01,1.8,1.90418980463792,21.0290995599005,1.63839770639793
1997-10-01,1.78,1.88659604329545,22.0570768828759,1.72022474903789
1997-11-01,1.48,1.62268962315847,23.0246280560515,1.79724186734808
1997-12-01,0.99,1.19164247026806,23.6879581768745,1.85004297576538
1998-01-01,1.05,1.24442375429545,23.8926023897728,1.86633266461414
1998-02-01,1.52,1.6578771458434,24.1415010444943,1.88614500908686
1998-03-01,1.29,1.45554889040504,24.7934823134838,1.93804274837126
1998-04-01,0.03,0.347141925829709,25.215969440827,1.97167274332473
1998-05-01,-0.83,-0.409389811896313,24.5124459732889,1.91567224264265
1998-06-01,-0.78,-0.365405408540149,23.0817042458389,1.80178513470532
1998-07-01,-1.16,-0.699686874046995,21.7545611603888,1.69614448348149
1998-08-01,-0.87,-0.444577334581244,20.1484342379923,1.56829670588292
1998-09-01,-1.7,-1.17471843029357,18.8643388101614,1.46608265020437
1998-10-01,-2.23,-1.64095310586891,16.9036062627777,1.31000824839175
1998-11-01,-0.97,-0.532546141293572,14.5583362292931,1.12332464483063
1998-12-01,-1.09,-0.638108709348366,13.4191927451123,1.03264877059704
1999-01-01,-0.78,-0.365405408540149,12.2219510047176,0.937348272471207
1999-02-01,-1.06,-0.611718067334667,11.3472976376476,0.867725823840462
1999-03-01,-1.18,-0.717280635389461,10.2627755020776,0.78139781149248
1999-04-01,-1.85,-1.30667164036206,9.11787922076822,0.690264014340346
1999-05-01,-2.32,-1.72012503191,7.43129594620748,0.556011907373753
1999-06-01,-2.34,-1.73771879325247,5.4015335832055,0.394442729032721
1999-07-01,-1.87,-1.32426540170452,3.43875089065281,0.238205135569456
1999-08-01,-1.84,-1.29787475969083,1.97120420183775,0.121388350998542
1999-09-01,-2.24,-1.64974998654014,0.591195933737019,0.0115396287810782
1999-10-01,-2.54,-1.91365640667712,-1.08318721670883,-0.121741347739493
1999-11-01,-2.18,-1.59696870251274,-2.95171082268975,-0.270475913534999
1999-12-01,-1.92,-1.36824980506069,-4.42569157425709,-0.387804849799742
2000-01-01,-2.2,-1.61456246385521,-5.60953756372373,-0.48203904552971
2000-02-01,-1.28,-0.805249442101789,-6.99036929575711,-0.591953315514448
2000-03-01,-0.66,-0.259842840485355,-7.50435335053569,-0.632866470140168
2000-04-01,-0.63,-0.233452198471657,-7.45151480141539,-0.628660519176789
2000-05-01,-0.81,-0.391796050553847,-7.37448721649474,-0.622529119840555
2000-06-01,-0.64,-0.242249079142889,-7.45901296636131,-0.629257373454639
2000-07-01,-1.51,-1.00757769754014,-7.39046983857248,-0.623801337300049
2000-08-01,-1.68,-1.1571246689511,-8.09011129283877,-0.679492829545449
2000-09-01,-1.45,-0.954796413512747,-8.91014799125492,-0.744767788815379
2000-10-01,-1.61,-1.09554650425247,-9.49368823846538,-0.791217619588315
2000-11-01,-1.04,-0.594124305992202,-10.1936643994485,-0.846935754503913
2000-12-01,0,0.32075128381601,-10.363052688797,-0.860419070201104
2001-01-01,0.48,0.743001556035185,-9.61050754294776,-0.800516441649275
2001-02-01,-0.01,0.311954403144777,-8.46706817262308,-0.70949861467917
2001-03-01,-0.41,-0.0399208237045349,-7.80231926228568,-0.656584570550643
2001-04-01,-1.18,-0.717280635389461,-7.51714345006164,-0.633884562656305
2001-05-01,-1.12,-0.664499351362064,-7.92120977503187,-0.666048260885572
2001-06-01,-1.22,-0.752468158074392,-8.25565871910094,-0.692670412362628
2001-07-01,-2.21,-1.62335934452644,-8.66414109721279,-0.725185628627016
2001-08-01,-1.68,-1.1571246689511,-9.9264945626887,-0.825669023092586
2001-09-01,-1.98,-1.42103108908809,-10.6700152915278,-0.884853307631386
2001-10-01,-1.91,-1.35945292438946,-11.6464624101355,-0.962578543611028
2001-11-01,-1.25,-0.778858800088091,-12.520646067436,-1.03216360332231
2001-12-01,-1.12,-0.664499351362064,-12.7778112813809,-1.05263396629304
2002-01-01,-0.42,-0.0487177043757677,-12.9099018293521,-1.06314838004478
2002-02-01,-1.51,-1.00757769754014,-12.4207069575049,-1.02420844553141
2002-03-01,-1.27,-0.796452561430556,-12.9107551984823,-1.06321630826717
2002-04-01,-1.23,-0.761265038745625,-13.1692596266428,-1.08379327275164
2002-05-01,-1.3,-0.822843203444255,-13.3818055142783,-1.10071193527637
2002-06-01,-1.18,-0.717280635389461,-13.647073487961,-1.12182727829845
2002-07-01,-0.71,-0.303827243841519,-13.795726061352,-1.13366003004263
2002-08-01,0.11,0.417516971199571,-13.5247313859706,-1.11208884129942
2002-09-01,-0.21,0.136016789720121,-12.5436839403556,-1.0339974190764
2002-10-01,-0.2,0.144813670391354,-11.8850136531206,-0.981567233629069
2002-11-01,1.08,1.27081439630915,-11.2449910805159,-0.930621407132159
2002-12-01,1.57,1.70186154919956,-9.50563538918525,-0.792168613340348
2003-01-01,1.45,1.59629898114477,-7.40770569876964,-0.62517331257204
2003-02-01,1.23,1.40276760637765,-5.50275231350947,-0.473538934654395
2003-03-01,1.01,1.20923623161052,-3.8707033607356,-0.343627762234178
2003-04-01,0.36,0.637438987980391,-2.50018782242776,-0.234534661748996
2003-05-01,0.21,0.505485777911899,-1.75857434184621,-0.175502194260053
2003-06-01,-0.42,-0.0487177043757677,-1.17981463302406,-0.129432894564796
2003-07-01,0.37,0.646235868651624,-1.17937339435715,-0.129397771946423
2003-08-01,0.63,0.874954766103677,-0.483996967607316,-0.0740457760893665
2003-09-01,-0.17,0.171204312405052,0.411124338813333,-0.00279407853594469
2003-10-01,0.74,0.971720453487238,0.565198470434496,0.00947022949508133
2003-11-01,-0.23,0.118423028377656,1.51336898765363,0.0849446466912475
2003-12-01,-0.6,-0.207061556457958,1.56873497487905,0.0893517818451486
2004-01-01,-0.55,-0.163077153101794,1.29630946113447,0.0676666983017981
2004-02-01,-0.21,0.136016789720121,1.07921941381874,0.050386320455525
2004-03-01,-0.15,0.188798073747518,1.17026872796308,0.057633850089023
2004-04-01,0,0.32075128381601,1.31030560471213,0.0687807919804504
2004-05-01,0.61,0.857361004761211,1.57646082166514,0.0899667596080482
2004-06-01,-0.11,0.223985596432449,2.36813595885697,0.152984137287636
2004-07-01,0.04,0.355938806500941,2.49344922367038,0.162959078985338
2004-08-01,0.24,0.531876419925597,2.74549431251839,0.183021879760616
2004-09-01,0.02,0.338345045158476,3.16297513608905,0.216253372701341
2004-10-01,-0.72,-0.312624124512752,3.36952955057715,0.232695113685343
2004-11-01,-1.22,-0.752468158074392,2.91650836145702,0.196634605996668
2004-12-01,-0.64,-0.242249079142889,2.04251902165525,0.12706501396731
2005-01-01,-0.15,0.188798073747518,1.71516498327672,0.101007617312652
2005-02-01,-0.01,0.311954403144777,1.83249784938771,0.110347318903095
2005-03-01,0.7,0.936532930802306,2.06809817547467,0.129101115799029
2005-04-01,0.28,0.567063942610529,2.91846034896553,0.19678998429298
2005-05-01,1.36,1.51712705510367,3.36392177703583,0.232248734651074
2005-06-01,0.85,1.0684861408708,4.74088542476301,0.341855104945434
2005-07-01,0.11,0.417516971199571,5.61183467293535,0.411182705539932
2005-08-01,-0.42,-0.0487177043757677,5.79552519942928,0.425804479977981
2005-09-01,-0.99,-0.550139902636038,5.50532727841063,0.402704711990405
2005-10-01,-2,-1.43862485043055,4.72579873917415,0.340654204072055
2005-11-01,-1.89,-1.34185916304699,3.09026560794467,0.210465690884994
2005-12-01,-0.1,0.232782477103682,1.61964537789999,0.0934042522894907
2006-01-01,0.54,0.795782840062582,1.7849426309245,0.106561921305336
2006-02-01,0.38,0.655032749322857,2.50635286136523,0.163986209144991
2006-03-01,-0.74,-0.330217885855217,3.05695424146454,0.20781410456646
2006-04-01,-0.54,-0.154280272430561,2.59936326221496,0.171389841371296
2006-05-01,-0.37,-0.00473330101960366,2.33677618719211,0.150487898007014
2006-06-01,0.21,0.505485777911899,2.23467721170617,0.142360814817666
2006-07-01,0.39,0.66382962999409,2.64705143913031,0.175185822468018
2006-08-01,-0.85,-0.426983573238778,3.20058725916064,0.219247299444248
2006-09-01,-1.54,-1.03396833955384,2.64024588345683,0.174644099920413
2006-10-01,-0.46,-0.0839052270606989,1.49626729875896,0.0835833514611647
2006-11-01,-0.81,-0.391796050553847,1.35001760091664,0.0719418687222391
2006-12-01,-0.42,-0.0487177043757677,0.901970816991262,0.0362773239180382
2007-01-01,-0.69,-0.286233482499053,0.815670995240858,0.0294078540996264
2007-02-01,-0.71,-0.303827243841519,0.495451221273436,0.00391834522335151
2007-03-01,-1.1,-0.646905590019599,0.170980176545524,-0.0219095650028537
2007-04-01,-0.46,-0.0839052270606989,-0.483049587496805,-0.0739703645885811
2007-05-01,-0.29,0.0656417443502588,-0.546827748411804,-0.0790471091587672
2007-06-01,-0.07,0.259173119117381,-0.458401514544386,-0.0720083768371074
2007-07-01,0.43,0.699017152679021,-0.18012833232099,-0.0498578186113242
2007-08-01,0.09,0.399923209857105,0.526394167538072,0.00638140518276171
2007-09-01,-0.97,-0.532546141293572,0.904384287081091,0.036469436249251
2007-10-01,-2.33,-1.72892191258123,0.33415546715914,-0.00892080429344271
2007-11-01,-1.46,-0.963593294183979,-1.40868958988706,-0.14765135175823
2007-12-01,-0.87,-0.444577334581244,-2.31358748449241,-0.219681266185101
2008-01-01,-1.5,-0.998780816868911,-2.66176534055314,-0.247396239694155
2008-02-01,-1.46,-0.963593294183979,-3.54963926823233,-0.318071045563246
2008-03-01,-1.26,-0.787655680759323,-4.36533092623997,-0.383000139414909
2008-04-01,-1.79,-1.25389035633466,-4.97109781840596,-0.431219212158335
2008-05-01,-1.62,-1.1043433849237,-6.01785909897371,-0.514541458694824
2008-06-01,-1.85,-1.30667164036206,-6.87145835477351,-0.582487999090872
2008-07-01,-1.96,-1.40343732774562,-7.89181923035334,-0.663708772164497
2008-08-01,-1.85,-1.30667164036206,-8.96643075683423,-0.749247899568818
2008-09-01,-1.87,-1.32426540170452,-9.89950111566153,-0.823520343455862
2008-10-01,-1.9,-1.35065604371822,-10.8112873042135,-0.896098566400722
2008-11-01,-1.59,-1.07795274291001,-11.7114730435895,-0.967753393052541
2008-12-01,-1.31,-0.831640084115487,-12.3014477430166,-1.01471540652069
2009-01-01,-1.81,-1.27148411767713,-12.6205275045064,-1.04011417035081
2009-02-01,-1.78,-1.24509347566343,-13.3661563094958,-1.09946625784906
2009-03-01,-2.06,-1.49140613445795,-14.0543266055969,-1.15424464537188
2009-04-01,-2.23,-1.64095310586891,-14.9601357981549,-1.2263470991581
2009-05-01,-1.32,-0.84043696478672,-15.9777499124341,-1.30734922990465
2009-06-01,-0.73,-0.321421005183985,-16.152447297536,-1.32125514987033
2009-07-01,-0.71,-0.303827243841519,-15.8008496653227,-1.29326796202074
2009-08-01,-0.49,-0.110295869074397,-15.4463081731091,-1.26504644277844
2009-09-01,0.33,0.611048345966693,-14.9130078683039,-1.22259571375371
2009-10-01,-0.13,0.206391835089984,-13.6805841944913,-1.12449473209424
2009-11-01,-0.94,-0.506155499279874,-12.9041680179641,-1.06269196839206
2009-12-01,-0.51,-0.127889630416863,-12.8726498498288,-1.06018312074504
2010-01-01,0.05,0.364735687172174,-12.4641790698362,-1.02766882769148
2010-02-01,0.25,0.54067330059683,-11.5801025880875,-0.957296298694779
2010-03-01,-0.16,0.180001193076285,-10.556925012987,-0.875851316208525
2010-04-01,-0.04,0.285563761131079,-9.9370519443696,-0.826509391164587
2010-05-01,-0.18,0.16240743173382,-9.23744435222312,-0.770820594345496
2010-06-01,-0.79,-0.374202289211381,-8.69014340581334,-0.72725541359896
2010-07-01,-1.99,-1.42982796975932,-8.70225638644916,-0.728219607420003
2010-08-01,-2.21,-1.62335934452644,-9.76949034010643,-0.813171479685007
2010-09-01,-2.45,-1.83448448063603,-10.9857875871284,-0.909988797023161
2010-10-01,-1.6,-1.08674962358124,-12.3625309183008,-1.01957763010953
2010-11-01,-1.57,-1.06035898156754,-12.9341750869528,-1.06508053247685
2010-12-01,-2.04,-1.47381237311548,-13.455610106564,-1.10658678424921
2011-01-01,-1.8,-1.26268723700589,-14.3687720585726,-1.1792745180291
2011-02-01,-1.46,-0.963593294183979,-15.0327604598047,-1.23212802559753
2011-03-01,-1.28,-0.805249442101789,-15.3699887348301,-1.25897141194777
2011-04-01,-1.02,-0.576530544649736,-15.5348219796473,-1.27209214588876
2011-05-01,-0.66,-0.259842840485355,-15.4640682751451,-1.26646014772515
2011-06-01,-1.08,-0.629311828677133,-15.0795749374994,-1.23585446019573
2011-07-01,-2.3,-1.70253127056754,-15.0805711437807,-1.23593375826198
2011-08-01,-2.37,-1.76410943526616,-16.1547452833574,-1.32143806964841
2011-09-01,-2.5,-1.87846888399219,-17.245740331817,-1.40828132616296
2011-10-01,-1.92,-1.36824980506069,-18.4056367019835,-1.5006091310846
2011-11-01,-2.95,-2.27432851419767,-19.0069849777949,-1.54847648176104
2011-12-01,-2.4,-1.79050007727986,-20.4893557845844,-1.66647326681103
2012-01-01,-1.85,-1.30667164036206,-21.4261327041733,-1.7410407531068
2012-02-01,-1.35,-0.866827606800419,-21.8400488151948,-1.7739884947631
2012-03-01,-1.66,-1.13953090760864,-21.7968743880287,-1.770551808356
2012-04-01,-1.01,-0.567733663978503,-22.0282021961362,-1.78896551262238
2012-05-01,-2.12,-1.54418741848534,-21.6780941019423,-1.76109689206831
2012-06-01,-1.63,-1.11314026559494,-22.3190275995134,-1.81211522823484
2012-07-01,-2.4,-1.79050007727986,-22.5022083817953,-1.82669642700994
2012-08-01,-2.6,-1.96643769070452,-23.355116443167,-1.89458794829742
2012-09-01,-2.99,-2.3095160368826,-24.3484242820729,-1.97365529839567
2012-10-01,-1.22,-0.752468158074392,-25.6434226405358,-2.07673722785878
2012-11-01,-0.66,-0.259842840485355,-25.3274148552546,-2.05158299347749
2012-12-01,-1.31,-0.831640084115487,-24.5319487434376,-1.98826385404172
2013-01-01,-1.1,-0.646905590019599,-24.3414242965766,-1.97309809922514
2013-02-01,-1.42,-0.928405771499048,-23.9741038742388,-1.9438593765516
2013-03-01,-1.48,-0.981187055526445,-23.9035886509779,-1.93824636150587
2013-04-01,-0.72,-0.312624124512752,-23.8887928460469,-1.93706861474636
2013-05-01,-0.4,-0.0311239430333021,-23.2060506019744,-1.88272230041705
2013-06-01,-1.19,-0.726077516060694,-22.2702557699254,-1.80823298833506
2013-07-01,-1.34,-0.858030726129186,-22.0684059622392,-1.79216573427093
2013-08-01,-1.56,-1.05156210089631,-22.0069197732751,-1.78727143077446
2013-09-01,-1,-0.55893678330727,-22.1415268836183,-1.79798616300786
2013-10-01,-1.65,-1.1307340269374,-21.7779000467748,-1.76904144991117
2013-11-01,-1.09,-0.638108709348366,-22.0012215717633,-1.78681785366953
2013-12-01,-1.04,-0.594124305992202,-21.7226127156215,-1.76464057578426
2014-01-01,-0.57,-0.18067091444426,-21.4116281584628,-1.73988619059477
2014-02-01,-0.42,-0.0487177043757677,-20.7001478996378,-1.6832523289568
2014-03-01,0.3,0.584657703952994,-19.8863594415286,-1.61847472990542
2014-04-01,0.36,0.637438987980391,-18.473103427512,-1.50597948556929
2014-05-01,1.27,1.43795512906258,-17.0659517967186,-1.39397015042117
2014-06-01,-0.28,0.0744386250214916,-14.9169153427927,-1.22290674890445
2014-07-01,0.25,0.54067330059683,-14.2209385784882,-1.16750696615017
2014-08-01,0.34,0.619845226637926,-13.0877261704544,-1.07730320585327
2014-09-01,0.76,0.989314214829703,-11.9225590200475,-0.984555846579758
2014-10-01,1.43,1.5787052198023,-10.4364715127158,-0.866263211994032
2014-11-01,1.35,1.50833017443244,-8.42291331321702,-0.705983885820246
2014-12-01,1.86,1.95697108866531,-6.56362841740054,-0.557984721782801
2015-01-01,1.51,1.64908026517216,-4.33317281134354,-0.380440351975986
2015-02-01,1.52,1.6578771458434,-2.50354367903206,-0.234801788090518
2015-03-01,1.33,1.49073641308997,-0.741352213228998,-0.0945312655903901
2015-04-01,0.9,1.11247054422696,0.780273875412184,0.0265902417177022
2015-05-01,0.32,0.60225146529546,1.86023300816364,0.11255503882946
2015-06-01,0.82,1.0420954988571,2.38497476478561,0.154324507021417
2015-07-01,1.41,1.56111145845984,3.32769631510998,0.229365186199753
2015-08-01,0.98,1.18284558959683,4.75015376044023,0.342592864895689
2015-09-01,0.97,1.17404870892559,5.73507627668538,0.420992742920798
2015-10-01,0.84,1.05968926019957,6.67016347408242,0.495425727251639
2015-11-01,0.17,0.470298255226968,7.45192925619522,0.557654319806824
2015-12-01,0.28,0.567063942610529,7.61173045908072,0.570374502976411
2016-01-01,0.75,0.98051733415847,7.86163896589622,0.590267231722695
2016-02-01,1.29,1.45554889040504,8.51458800980901,0.642242005935932
2016-03-01,1.56,1.69306466852833,9.61536239980534,0.729863698490877
2016-04-01,1.74,1.85140852061052,10.9077869683418,0.83274075415633
2016-05-01,1.6,1.72825219121326,12.3047043652714,0.943935443813698
2016-06-01,0.86,1.07728302154203,13.520260541265,1.04069377186358
2016-07-01,0.57,0.82217348207628,14.0341993735877,1.08160332677971
2016-08-01,-0.63,-0.233452198471657,14.2716145484311,1.10050158572093
2016-09-01,-0.8,-0.382999169882614,13.4435117437748,1.03458456401976
2016-10-01,-0.43,-0.0575145850470005,12.5003662512349,0.959510139021384
2016-11-01,0.96,1.16525182825436,11.9220030723865,0.913472403130445
2016-12-01,0.61,0.857361004761211,12.5905047726247,0.966685169509331
2017-01-01,-0.05,0.276766880459846,12.9232614118599,0.993172613443032
2017-02-01,-0.01,0.311954403144777,12.6615590668256,0.972341094626918
2017-03-01,0.1,0.408720090528338,12.4459485088527,0.955178484201025
2017-04-01,0.56,0.813376601405047,12.3360874115121,0.946433535751641
2017-05-01,0.45,0.716610914021486,12.6354603707708,0.970263637209141
2017-06-01,0.35,0.628642107309158,12.8255937693435,0.985398264563817
2017-07-01,-0.43,-0.0575145850470005,12.9198361362634,0.992899961346505
2017-08-01,-0.62,-0.224655317800424,12.3239950455387,0.945470982858686
2017-09-01,-0.18,0.16240743173382,11.5858399341742,0.886713801719996
2017-10-01,-0.68,-0.277436601827821,11.2655040353174,0.861215049297137
2017-11-01,-0.59,-0.198264675786725,10.5186714320181,0.80176713939752
2017-12-01,-0.02,0.303157522473544,9.88212877989725,0.751098314732709
2018-01-01,0.39,0.66382962999409,9.77353093654174,0.742453921359187
2018-02-01,-0.08,0.250376238446148,10.0301301108466,0.762879227548285
2018-03-01,-0.71,-0.303827243841519,9.86258426134079,0.749542570148123
2018-04-01,-0.81,-0.391796050553847,9.14781600661007,0.692646983883385
2018-05-01,-0.45,-0.0751083463894661,8.37486095578081,0.63111972594747
2018-06-01,-0.65,-0.251045959814122,7.95080006956714,0.597364459714836
2018-07-01,-0.01,0.311954403144777,7.36847077352106,0.551011020710811
2018-08-01,-0.24,0.109626147706423,7.37340556110246,0.551403830031423
2018-09-01,-0.35,0.012860460322862,7.17580647709628,0.535674933769596
2018-10-01,-0.57,-0.18067091444426,6.88967500087346,0.512898854976582
2018-11-01,-0.69,-0.286233482499053,6.42193429472614,0.475666673049084
2018-12-01,-0.21,0.136016789720121,5.8681202166135,0.431583046716582
2019-01-01,-0.34,0.0216573409940947,5.75963199730806,0.422947379422536
2019-02-01,-0.72,-0.312624124512752,5.54130467174765,0.405568514170537
2019-03-01,-0.39,-0.0223270623620693,4.99779285257875,0.362304948128312
2019-04-01,0.1,0.408720090528338,4.76722442135923,0.343951690297468
2019-05-01,0.26,0.549470181268063,4.9773101609976,0.360674524927398
2019-06-01,-0.05,0.276766880459846,5.31939241889076,0.387904288539283
2019-07-01,0.54,0.795782840062582,5.37451794856349,0.392292283260825
2019-08-01,0.01,0.329548164487243,5.94636254076926,0.437811139352334
2019-09-01,0.13,0.435110732542037,6.02814559939112,0.444321074615991
2019-10-01,-0.9,-0.470967976594942,6.21208359862519,0.458962547895646
2019-11-01,-0.49,-0.110295869074397,5.48227880542087,0.400870052470232
2019-12-01,0,0.32075128381601,5.14355465278727,0.373907594192933
2020-01-01,-1.41,-0.919608890827815,5.24999115940381,0.382379945061677
2020-02-01,-1.48,-0.981187055526445,4.11163263693417,0.291766553816747
2020-03-01,-1.75,-1.21870283364973,2.9591275548688,0.200027095771143
2020-04-01,-1.32,-0.84043696478672,1.6171277397662,0.0932038481771423
2020-05-01,-0.53,-0.145483391759329,0.709310452489225,0.0209415499580559
2020-06-01,-0.76,-0.347811647197683,0.534272458542845,0.00700851751254705
2020-07-01,-0.92,-0.488561737937408,0.164199458905877,-0.0224493104418123
2020-08-01,-1.33,-0.849233845457953,-0.331203923152609,-0.061883442656274
2020-09-01,-1.04,-0.594124305992202,-1.16663760514587,-0.128384002533856
2020-10-01,-0.62,-0.224655317800424,-1.71215201092366,-0.171806974563133
2020-11-01,-1.59,-1.07795274291001,-1.86546766160227,-0.184010907475913
2020-12-01,-0.99,-0.550139902636038,-2.86569258527884,-0.263628857843086
2021-01-01,-0.61,-0.215858437129191,-3.29642863019493,-0.297915467018374
2021-02-01,-1.1,-0.646905590019599,-3.37493587439933,-0.304164647302299
2021-03-01,-1.68,-1.1571246689511,-3.88121913631896,-0.344464818458882
2021-04-01,-1.85,-1.30667164036206,-4.87662634125677,-0.423699278190753
2021-05-01,-2.01,-1.44742173110178,-5.9801052173998,-0.51153624796855
2021-06-01,-1.81,-1.27148411767713,-7.17835589777659,-0.606917057763806
2021-07-01,-1.96,-1.40343732774562,-8.15074185304636,-0.684319024953176
2021-08-01,-0.94,-0.506155499279874,-9.21456493691505,-0.768999391824635
2021-09-01,-1.96,-1.40343732774562,-9.33678023049013,-0.778727734867921
2021-10-01,-3.11,-2.41507860493739,-10.351185048632,-0.859474405492933
2021-11-01,-2.75,-2.09839090077301,-12.3349642765431,-1.01738332414564
2021-12-01,-2.71,-2.06320337808808,-13.9193983324601,-1.14350434856519
